title,year,authors,doi,abstract,venue
EDITOR: An Edit-Based Transformer with Repositioning for Neural Machine Translation with Soft Lexical Constraints,2021,"Weijia Xu, Marine Carpuat",https://doi.org/10.1162/tacl_a_00368,"Abstract We introduce an Edit-Based TransfOrmer with Repositioning (EDITOR), which makes sequence generation flexible by seamlessly allowing users to specify preferences in output lexical choice. Building on recent models for non-autoregressive sequence generation (Gu et al., 2019), EDITOR generates new sequences by iteratively editing hypotheses. It relies on a novel reposition operation designed to disentangle lexical choice from word positioning decisions, while enabling efficient oracles for imitation learning and parallel edits at decoding time. Empirically, EDITOR uses soft lexical constraints more effectively than the Levenshtein Transformer (Gu et al., 2019) while speeding up decoding dramatically compared to constrained beam search (Post and Vilar, 2018). EDITOR also achieves comparable or better translation quality with faster decoding speed than the Levenshtein Transformer on standard Romanian-English, English-German, and English-Japanese machine translation tasks.",
Parallel Refinements for Lexically Constrained Text Generation with BART,2021,Xingwei He,https://doi.org/10.18653/v1/2021.emnlp-main.681,"Lexically constrained text generation aims to control the generated text by incorporating certain pre-specified keywords into the output. Previous work injects lexical constraints into the output by controlling the decoding process or refining the candidate output iteratively, which tends to generate generic or ungrammatical sentences, and has high computational complexity. To address these challenges, we proposed Constrained BART (CBART) for lexically constrained text generation. CBART leverages the pre-trained model, BART and transfers part of the generation burden from the decoder to the encoder by decomposing this task into two sub-tasks, thereby improving the sentence quality. Concretely, we extended BART by adding a token-level classifier over the encoder, aiming at instructing the decoder where to replace and insert. Guided by the encoder, the decoder refines multiple tokens of the input in one step by inserting tokens before specific positions and re-predicting tokens at a low confidence level. To further reduce the inference latency, the decoder predicts all tokens in parallel. Experiment results on One-Billion-Word and Yelp show that CBART can generate plausible text with high quality and diversity while largely accelerating inference.",
Show Me How To Revise: Improving Lexically Constrained Sentence Generation with XLNet,2021,"Xingwei He, Victor O. K. Li",https://doi.org/10.1609/aaai.v35i14.17536,"Lexically constrained sentence generation allows the incorporation of prior knowledge such as lexical constraints into the output. This technique has been applied to machine translation, and dialog response generation. Previous work usually used Markov Chain Monte Carlo (MCMC) sampling to generate lexically constrained sentences, but they randomly determined the position to be edited and the action to be taken, resulting in many invalid refinements. To overcome this challenge, we used a classifier to instruct the MCMC-based models where and how to refine the candidate sentences. First, we developed two methods to create synthetic data on which the pre-trained model is fine-tuned to obtain a reliable classifier. Next, we proposed a two-step approach, “Predict and Revise”, for constrained sentence generation. During the predict step, we leveraged the classifier to compute the learned prior for the candidate sentence. During the revise step, we resorted to MCMC sampling to revise the candidate sentence by conducting a sampled action at a sampled position drawn from the learned prior. We compared our proposed models with many strong baselines on two tasks, generating sentences with lexical constraints and text infilling. Experimental results have demonstrated that our proposed model performs much better than the previous work in terms of sentence fluency and diversity. Our code, pre-trained models and Appendix are available at https://github.com/NLPCode/MCMCXLNet.",
Chunk-aware Alignment and Lexical Constraint for Visual Entailment with Natural Language Explanations,2022,"Qian Yang, Yunxin Li, Baotian Hu, Lin Ma, Yuxin Ding, Min Zhang",https://doi.org/10.1145/3503161.3548284,"Visual Entailment with natural language explanations aims to infer the relationship between a text-image pair and generate a sentence to explain the decision-making process. Previous methods rely mainly on a pre-trained vision-language model to perform the relation inference and a language model to generate the corresponding explanation. However, the pre-trained vision-language models mainly build token-level alignment between text and image yet ignore the high-level semantic alignment between the phrases (chunks) and visual contents, which is critical for vision-language reasoning. Moreover, the explanation generator based only on the encoded joint representation does not explicitly consider the critical decision-making points of relation inference. Thus the generated explanations are less faithful to visual-language reasoning. To mitigate these problems, we propose a unified Chunk-aware Alignment and Lexical Constraint based method, dubbed as CALeC. It contains a Chunk-aware Semantic Interactor (arr. CSI), a relation inferrer, and a Lexical Constraint-aware Generator (arr. LeCG). Specifically, CSI exploits the sentence structure inherent in language and various image regions to build chunk-aware semantic alignment. Relation inferrer uses an attention-based reasoning network to incorporate the token-level and chunk-level vision-language representations. LeCG utilizes lexical constraints to expressly incorporate the words or chunks focused by the relation inferrer into explanation generation, improving the faithfulness and informativeness of the explanations. We conduct extensive experiments on three datasets, and experimental results indicate that CALeC significantly outperforms other competitor models on inference accuracy and quality of generated explanations.",
Integrating Vectorized Lexical Constraints for Neural Machine Translation,2022,"Shuo Wang, Zhixing Tan, Yang Liu",https://doi.org/10.18653/v1/2022.acl-long.487,"Lexically constrained neural machine translation (NMT), which controls the generation of NMT models with pre-specified constraints, is important in many practical scenarios. Due to the representation gap between discrete constraints and continuous vectors in NMT models, most existing works choose to construct synthetic data or modify the decoding algorithm to impose lexical constraints, treating the NMT model as a black box. In this work, we propose to open this black box by directly integrating the constraints into NMT models. Specifically, we vectorize source and target constraints into continuous keys and values, which can be utilized by the attention modules of NMT models. The proposed integration method is based on the assumption that the correspondence between keys and values in attention modules is naturally suitable for modeling constraint pairs. Experimental results show that our method consistently outperforms several representative baselines on four language pairs, demonstrating the superiority of integrating vectorized lexical constraints.",
UCEpic: Unifying Aspect Planning and Lexical Constraints for Generating Explanations in Recommendation,2023,"Jiacheng Li, Zhankui He, Jingbo Shang, Julian McAuley",https://doi.org/10.1145/3580305.3599535,"Personalized natural language generation for explainable recommendations plays a key role in justifying why a recommendation might match a user's interests. Existing models usually control the generation process by aspect planning. While promising, these aspect-planning methods struggle to generate specific information correctly, which prevents generated explanations from being convincing. In this paper, we claim that introducing lexical constraints can alleviate the above issues. We propose a model, UCEpic, that generates high-quality personalized explanations for recommendation results by unifying aspect planning and lexical constraints in an insertion-based generation manner.",
Neural Machine Translation With Explicit Phrase Alignment,2021,"Jiacheng Zhang, Huanbo Luan, Maosong Sun, Feifei Zhai, Jingfang Xu, Yang Liu",https://doi.org/10.1109/taslp.2021.3057831,"While neural machine translation has achieved state-of-the-art translation performance, it is unable to capture the alignment between the input and output during the translation process. The lack of alignment in neural machine translation models leads to three problems: it is hard to (1) interpret the translation process, (2) impose lexical constraints, and (3) impose structural constraints. These problems not only increase the difficulty of designing new architectures for neural machine translation, but also limit its applications in practice. To alleviate these problems, we propose to introduce explicit phrase alignment into the translation process of arbitrary neural machine translation models. The key idea is to build a search space similar to that of phrase-based statistical machine translation for neural machine translation where phrase alignment is readily available. We design a new decoding algorithm that can easily impose lexical and structural constraints. Experiments show that our approach makes the translation process of neural machine translation more interpretable without sacrificing translation quality. In addition, our approach achieves significant improvements in lexically and structurally constrained translation tasks.",
Neural Machine Translation with Inflected Lexicon,2021,"Artur Nowakowski, Krzysztof Jassem",,The paper presents experiments in neural machine translation with lexical constraints into a morphologically rich language. In particular and we introduce a method and based on constrained decoding and which handles the inflected forms of lexical entries and does not require any modification to the training data or model architecture. To evaluate its effectiveness and we carry out experiments in two different scenarios: general and domain-specific. We compare our method with baseline translation and i.e. translation without lexical constraints and in terms of translation speed and translation quality. To evaluate how well the method handles the constraints and we propose new evaluation metrics which take into account the presence and placement and duplication and inflectional correctness of lexical terms in the output sentence.,
Controllable Text Generation with Neurally-Decomposed Oracle,2022,"Tao Meng, Sidi Lu, Nanyun Peng, Kai-Wei Chang",https://doi.org/10.48550/arxiv.2205.14219,"We propose a general and efficient framework to control auto-regressive generation models with NeurAlly-Decomposed Oracle (NADO). Given a pre-trained base language model and a sequence-level boolean oracle function, we propose to decompose the oracle function into token-level guidance to steer the base model in text generation. Specifically, the token-level guidance is approximated by a neural model trained with examples sampled from the base model, demanding no additional auxiliary labeled data. Based on posterior regularization, we present the closed-form optimal solution to incorporate the token-level guidance into the base model for controllable generation. We further provide a theoretical analysis of how the approximation quality of NADO affects the controllable generation results. Experiments conducted on two applications: (1) text generation with lexical constraints and (2) machine translation with formality control demonstrate that our framework efficiently guides the base model towards the given oracle while maintaining high generation quality.",
Switch-GPT: An Effective Method for Constrained Text Generation under Few-Shot Settings (Student Abstract),2022,"Chang Ma, Song Zhang, Gehui Shen, Zhihong Deng",https://doi.org/10.1609/aaai.v36i11.21642,"In real-world applications of natural language generation, target sentences are often required to satisfy some lexical constraints. However, the success of most neural-based models relies heavily on data, which is infeasible for data-scarce new domains. In this work, we present FewShotAmazon, the first benchmark for the task of Constrained Text Generation under few-shot settings on multiple domains. Further, we propose the Switch-GPT model, in which we utilize the strong language modeling capacity of GPT-2 to generate fluent and well-formulated sentences, while using a light attention module to decide which constraint to attend to at each step. Experiments show that the proposed Switch-GPT model is effective and remarkably outperforms the baselines. Codes will be available at https://github.com/chang-github-00/Switch-GPT.",
Zero-Shot Hate to Non-Hate Text Conversion Using Lexical Constraints,2022,"Zishan Ahmad, Vinnakota Sai Sujeeth, Asif Ekbal",https://doi.org/10.1109/tcss.2022.3175259,"Systems meant for tackling hate speech have been increasing in demand with the rapid growth of social media platforms. One way of controlling hate speech in texts is to transform the text into its non-hate version while preserving the rest of the contents. Without the use of parallel data, unsupervised back-translation-based text style transfer is a common method of tackling such problems. In this article, we propose a zero-shot style-transfer technique that does effective unsupervised hate to non-hate conversion without using any hate domain text for training. While decoding the outputs produced by the system, we define an additional step of introducing lexical constraints, for better preservation of contents. Detailed empirical evaluation shows that the zero-shot method outperforms classical unsupervised style-transfer methods while at the same time reducing the data required while training.",
AutoTemplate: A Simple Recipe for Lexically Constrained Text Generation,2022,Hayate Iso,https://doi.org/10.48550/arxiv.2211.08387,"Lexically constrained text generation is one of the constrained text generation tasks, which aims to generate text that covers all the given constraint lexicons. While the existing approaches tackle this problem using a lexically constrained beam search algorithm or dedicated model using non-autoregressive decoding, there is a trade-off between the generated text quality and the hard constraint satisfaction. We introduce AutoTemplate, a simple yet effective lexically constrained text generation framework divided into template generation and lexicalization tasks. The template generation is to generate the text with the placeholders, and lexicalization replaces them into the constraint lexicons to perform lexically constrained text generation. We conducted the experiments on two tasks: keywords-to-sentence generations and entity-guided summarization. Experimental results show that the AutoTemplate outperforms the competitive baselines on both tasks while satisfying the hard lexical constraints.",
Lexical activation in late bilinguals: effects of phonological neighbourhood on spoken word production,2021,"Solène Hameau, Britta Biedermann, Lyndsey Nickels",https://doi.org/10.1080/23273798.2020.1863438,"This research explores patterns of lexical activation of both languages of a bilingual when producing spoken words. Specifically, it investigates the influence of within- and cross-language measures of phonological neighbourhood, on the English picture naming performance of a diverse group of French (L1) – English (L2) late bilinguals. A novel phonological neighbourhood density measure was used that took into account the phonological and lexical constraints of this sample of late bilinguals. Results showed that both within- and cross-language neighbours influenced picture naming performance and that the length of exposure to L2 and familiarity of the target modulated these effects, with both facilitatory and inhibitory effects observed. Additionally, the previously well-attested cognate facilitation effect decreased with L2 language exposure. These results support interactive models of word production, within a language non-specific view of lexical access, and show the dynamic nature of a bilingual's lexical connections.",
Marked pointing facilitates learning part names: A test of lexical constraint versus social pragmatic accounts of word learning,2022,"Harumi Kobayashi, T. Yasuda, Ulf Liszkowski",https://doi.org/10.1017/s0305000921000891,"Abstract The empirical study of word learning is driven by a theoretical debate between lexical constraint and social-pragmatic accounts; it has still not been determined which of these two best explains the evidence. We investigated whether the markedness of a pointing accompanying a verbal reference could help to learn a part name. Participants were 35 two-and-a-half-year-olds, 42 four-and-a-half-year-olds, and 38 undergraduate university students in Japan. The experimenter pointed to a novel part (embedded in a novel whole object) with either “marked” pointing, which was touching the part with a small circular motion, or with usual pointing. Touch accompanied by circular motion reliably elicited learning of part names in all age groups. Usual distal pointing without motion reliably elicited learning of whole object names. The pattern of findings rejects a whole-object constraint in early word learning and demonstrates that marked pointing can promote learning novel part names, supporting a social-pragmatic account.",
Tractable Control for Autoregressive Language Generation,2023,"Honghua Zhang, Meihua Dang, Nanyun Peng, Guy Van den Broeck",https://doi.org/10.48550/arxiv.2304.07438,"Despite the success of autoregressive large language models in text generation, it remains a major challenge to generate text that satisfies complex constraints: sampling from the conditional distribution ${\Pr}(\text{text} | \alpha)$ is intractable for even the simplest lexical constraints $\alpha$. To overcome this challenge, we propose to use tractable probabilistic models (TPMs) to impose lexical constraints in autoregressive text generation models, which we refer to as GeLaTo (Generating Language with Tractable Constraints). To demonstrate the effectiveness of this framework, we use distilled hidden Markov models, where we can efficiently compute ${\Pr}(\text{text} | \alpha)$, to guide autoregressive generation from GPT2. GeLaTo achieves state-of-the-art performance on challenging benchmarks for constrained text generation (e.g., CommonGen), beating various strong baselines by a large margin. Our work not only opens up new avenues for controlling large language models but also motivates the development of more expressive TPMs.",
Introduction to Lexical constraints in grammar: Minority verb classes and restricted alternations,2023,"Katherine Walker, Pegah Faghiri",https://doi.org/10.1515/opli-2022-0271,"Abstract This is an introduction to the Special Issue Lexical constraints in grammar: Minority verb classes and restricted alternations. In many languages, grammatical relations are subject to lexical constraints. These constraints can be manifested in different morphosyntactic domains, for instance, through deviation from canonical case frames or different argument indexation patterns. Other constructions that have been studied through this lens are voice and valency constructions and some clause-combining constructions. The types of oppositions established by lexical constraints vary: some absolute restrictions entail the obligatory presence or absence of a grammatical marker, while others entail the ability of a lexical item to alternate. In the latter instance, differences in the statistical preferences for one construction over another may be observed. In some cases, verb classes can be easily identified based on a common semantic feature; however, various other factors can also lead to the formation of minority verb classes and restrictions on alternations. This article introduces a collection of four articles investigating lexical constraints in a variety of morphosyntactic domains, adopting different perspectives and methodologies. It sets out a framework for considering different opposition types formed by the differing behaviour of different verb classes and outlines a number of different factors that motivate the formation of verb classes. This introductory article shows that lexical constraints provide fertile ground for typologists adopting a token-based approach seeking to compare languages at ever-greater levels of specification.",
"Extract, Denoise and Enforce: Evaluating and Improving Concept Preservation for Text-to-Text Generation",2021,"Yuning Mao, Wenchang Ma, Deren Lei, Jiawei Han, Xiang Ren",https://doi.org/10.18653/v1/2021.emnlp-main.413,"Prior studies on text-to-text generation typically assume that the model could figure out what to attend to in the input and what to include in the output via seq2seq learning, with only the parallel training data and no additional guidance. However, it remains unclear whether current models can preserve important concepts in the source input, as seq2seq learning does not have explicit focus on the concepts and commonly used evaluation metrics also treat them equally important as other tokens. In this paper, we present a systematic analysis that studies whether current seq2seq models, especially pre-trained language models, are good enough for preserving important input concepts and to what extent explicitly guiding generation with the concepts as lexical constraints is beneficial. We answer the above questions by conducting extensive analytical experiments on four representative text-to-text generation tasks. Based on the observations, we then propose a simple yet effective framework to automatically extract, denoise, and enforce important input concepts as lexical constraints. This new method performs comparably or better than its unconstrained counterpart on automatic metrics, demonstrates higher coverage for concept preservation, and receives better ratings in the human evaluation. Our code is available at https://github.com/morningmoni/EDE.",
Towards Accurate Translation via Semantically Appropriate Application of Lexical Constraints,2023,"Yujin Baek, Koanho Lee, Dayeon Ki, Cheonbok Park, Hyoung-Gyu Lee, Jaegul Choo",https://doi.org/10.18653/v1/2023.findings-acl.298,"Lexically-constrained NMT (LNMT) aims to incorporate user-provided terminology into translations. Despite its practical advantages, existing work has not evaluated LNMT models under challenging real-world conditions. In this paper, we focus on two important but understudied issues that lie in the current evaluation process of LNMT studies. The model needs to cope with challenging lexical constraints that are “homographs” or “unseen” during training. To this end, we first design a homograph disambiguation module to differentiate the meanings of homographs. Moreover, we propose PLUMCOT which integrates contextually rich information about unseen lexical constraints from pre-trained language models and strengthens a copy mechanism of the pointer network via direct supervision of a copying score. We also release HOLLY, an evaluation benchmark for assessing the ability of model to cope with “homographic” and “unseen” lexical constraints. Experiments on HOLLY and the previous test setup show the effectiveness of our method. The effects of PLUMCOT are shown to be remarkable in “unseen” constraints.Our dataset is available at https://github.com/papago-lab/HOLLY-benchmark.",
Parallel Decoders Guided Lexically Constrained Response Generation,2021,"Daixuan Cheng, Haifeng Sun, Qi Qi, Jingyu Wang, Qi Yan",https://doi.org/10.1109/bigdata52589.2021.9671855,"Response generation is a fundamental function in conversational systems, where controllability of the response is a key problem. In this paper, we consider how to control the response by lexical constraints, namely lexically constrained response generation. The stochastic search-based methods have achieved promising performance in satisfying lexical constraints. The idea of these methods is modifying a sentence through the actions of insertion, deletion and replacement guided by an optimization algorithm. The core of our method is modifying the response by incorporating the lexical constraints and preserving the message-related parts. For this purpose, we propose the novel Parallel Decoders to guide response modification. The first decoder generates responses according to the given message and constraints. The second decoder calculates the relevance between the input and the response. Based on Parallel Decoders, during the modification, we could sample the positions in the response for editing according to the relevance score. Experiments show the proposed framework achieves better performance than the state-of-the-art generation models in terms of constraint relevance, sentence fluency, response diversity and human evaluation.",
Show Me How To Revise: Improving Lexically Constrained Sentence Generation with XLNet,2021,"Xingwei He, Victor O. K. Li",https://doi.org/10.48550/arxiv.2109.05797,"Lexically constrained sentence generation allows the incorporation of prior knowledge such as lexical constraints into the output. This technique has been applied to machine translation, and dialog response generation. Previous work usually used Markov Chain Monte Carlo (MCMC) sampling to generate lexically constrained sentences, but they randomly determined the position to be edited and the action to be taken, resulting in many invalid refinements. To overcome this challenge, we used a classifier to instruct the MCMC-based models where and how to refine the candidate sentences. First, we developed two methods to create synthetic data on which the pre-trained model is fine-tuned to obtain a reliable classifier. Next, we proposed a two-step approach, ""Predict and Revise"", for constrained sentence generation. During the predict step, we leveraged the classifier to compute the learned prior for the candidate sentence. During the revise step, we resorted to MCMC sampling to revise the candidate sentence by conducting a sampled action at a sampled position drawn from the learned prior. We compared our proposed models with many strong baselines on two tasks, generating sentences with lexical constraints and text infilling. Experimental results have demonstrated that our proposed model performs much better than the previous work in terms of sentence fluency and diversity. Our code and pre-trained models are available at https://github.com/NLPCode/MCMCXLNet.",
Construction of a Corpus of Rhetorical Devices in Slogans and Structural Analysis of Antitheses,2021,"Ayana Niwa, Naoaki Okazaki, Kohei Wakimoto, Keisuke Nishiguchi, Masataka Mouri",https://doi.org/10.1145/3465218,"An advertising slogan is a sentence that expresses a product or a work of art in a straightforward manner and is used for advertising and publicity. Moving the consumer's mind and attracting their interest can significantly influence sales. Although rhetorical techniques in a slogan are known to improve the effectiveness of advertising, not much attention has been devoted to analyze or automatically generate sentences with the techniques. Therefore, we constructed a large corpus of slogans and revealed the linguistic characteristics of the basic statistics and rhetorical devices. Another point of focus was antitheses, of which the usage rates are relatively high and which have a specific sentence structure and lexical constraints. The generation of a slogan that contains an antithesis necessitates the structure of sentences, known as templates, to be extracted and also requires knowledge of word pairs with semantic contrast. Thus, the next step involved analysis of the structure to extract the sentence structure and lexical knowledge about the antithesis. Despite its simple architecture, the proposed method exceeds the prediction accuracy and efficiency of a comparable method. Lexical knowledge that is not available in existing dictionaries was also extracted.",
NeuroLogic A*esque Decoding: Constrained Text Generation with Lookahead Heuristics,2021,"Ximing Lu, Sean Welleck, Peter West, Liwei Jiang, Jungo Kasai, Daniel Khashabi, Ronan Le Bras, Lianhui Qin, Youngjae Yu, Rowan Zellers, Noah A. Smith, Yejin Choi",https://doi.org/10.48550/arxiv.2112.08726,"The dominant paradigm for neural text generation is left-to-right decoding from autoregressive language models. Constrained or controllable generation under complex lexical constraints, however, requires foresight to plan ahead feasible future paths. Drawing inspiration from the A* search algorithm, we propose NeuroLogic A*esque, a decoding algorithm that incorporates heuristic estimates of future cost. We develop efficient lookahead heuristics that are efficient for large-scale language models, making our method a drop-in replacement for common techniques such as beam search and top-k sampling. To enable constrained generation, we build on NeuroLogic decoding (Lu et al., 2021), combining its flexibility in incorporating logical constraints with A*esque estimates of future constraint satisfaction. Our approach outperforms competitive baselines on five generation tasks, and achieves new state-of-the-art performance on table-to-text generation, constrained machine translation, and keyword-constrained generation. The improvements are particularly notable on tasks that require complex constraint satisfaction or in few-shot or zero-shot settings. NeuroLogic A*esque illustrates the power of decoding for improving and enabling new capabilities of large-scale language models.",
The grammatical representation of expletive negation,2021,"Yanwei Jin, Jean-Pierre Koenig",https://doi.org/10.21248/hpsg.2021.3,"Expletive negation refers to constructions where a negator in the complement of certain lexical items does not change the polarity of the complement proposition. Jin &amp; Koenig (2021) show that expletive negation occurs rather widely in languages of the world and in very similar environments. They propose a language production model of why such apparently illogical uses of negation arise in language after language. But their study does not address the grammatical status and representation of expletive negation. In this paper, we argue that expletive negation is part of the lexical knowledge speakers have of their language and that the negator in expletive negation constructions contributes a negation to a non-at-issue content associated with expletive negation triggers. We provide a Lexical Resource Semantics analysis of how triggers combine in a non-standard manner with the standard semantic content of their complements: the negation (and in some cases an additional modal operator) of the content of their complement is part of the trigger’s non-at-issue content while the scope of the negation is an argument of the trigger’s MAIN content. Finally, we suggest that the expletive use of the French negator ne includes a lexical constraint that requires it to modify a verb that reverse selects for an expletive negation trigger.",
Pragmatics aid referent disambiguation and word learning in young children and adults,2023,"Natalie Bleijlevens, Friederike Contier, Tanya Behne",https://doi.org/10.1111/desc.13363,"Abstract How do children succeed in learning a word? Research has shown robustly that, in ambiguous labeling situations, young children assume novel labels to refer to unfamiliar rather than familiar objects. However, ongoing debates center on the underlying mechanism: Is this behavior based on lexical constraints, guided by pragmatic reasoning, or simply driven by children's attraction to novelty? Additionally, recent research has questioned whether children's disambiguation leads to long‐term learning or rather indicates an attentional shift in the moment of the conversation. Thus, we conducted a pre‐registered online study with 2‐ and 3‐year‐olds and adults. Participants were presented with unknown objects as potential referents for a novel word. Across conditions, we manipulated whether the only difference between both objects was their relative novelty to the participant or whether, in addition, participants were provided with pragmatic information that indicated which object the speaker referred to. We tested participants’ immediate referent selection and their retention after 5 min. Results revealed that when given common ground information both age groups inferred the correct referent with high success and enhanced behavioral certainty. Without this information, object novelty alone did not guide their selection. After 5 min, adults remembered their previous selections above chance in both conditions, while children only showed reliable learning in the pragmatic condition. The pattern of results indicates how pragmatics may aid referent disambiguation and learning in both adults and young children. From early ontogeny on, children's social‐cognitive understanding may guide their communicative interactions and support their language acquisition. Research Highlights We tested how 2‐3‐year‐olds and adults resolve referential ambiguity without any lexical cues. In the pragmatic context both age groups disambiguated novel word‐object‐mappings, while object novelty alone did not guide their referent selection. In the pragmatic context, children also showed increased certainty in disambiguation and retained new word‐object‐mappings over time. These findings contribute to the ongoing debate on whether children learn words on the basis of domain‐specific constraints, lower‐level associative mechanisms, or pragmatic inferences.",
Weak definite nominals,2023,"Ana Aguilar‐Guevara, Carolina Oggiani",https://doi.org/10.1111/lnc3.12503,"Abstract Weak definite nominals are a class of nominals composed of weak definites and bare singulars occurring in the same linguistic environments within and across languages. They display several characteristic properties: restricted distribution, non‐unique reference, sloppy identity in VP‐ellipsis sentences, acceptability in sluicing contexts, narrow‐scope interpretation, lexical constraints, restricted modification, restricted number morphology, meaning enrichment, and discourse referential defectiveness. In this review we explore two main theoretical approaches accounting for the meaning of these expressions, namely, one that treats them as pseudo‐incorporated nominals and another one that attributes to them an abstract object reference. We first discuss the properties of weak definite nominals using Rioplatense Spanish data and then evaluate how both approaches can account for these properties.",
Self-Ensemble of N-best Generation Hypotheses by Lexically Constrained Decoding-best Generation Hypotheses by Lexically Constrained Decoding,2023,"Ryota Miyano, Tomoyuki Kajiwara, Yuki Arase",https://doi.org/10.18653/v1/2023.emnlp-main.905,"We propose a method that ensembles N-best hypotheses to improve natural language generation. Previous studies have achieved notable improvements in generation quality by explicitly reranking N-best candidates. These studies assume that there exists a hypothesis of higher quality. We expand the assumption to be more practical as there exist partly higher quality hypotheses in the N-best yet they may be imperfect as the entire sentences. By merging these high-quality fragments, we can obtain a higher-quality output than the single-best sentence. Specifically, we first obtain N-best hypotheses and conduct token-level quality estimation. We then apply tokens that should or should not be present in the final output as lexical constraints in decoding. Empirical experiments on paraphrase generation, summarisation, and constrained text generation confirm that our method outperforms the strong N-best reranking methods.",
Improving Loanword Identification in Low-Resource Language with Data Augmentation and Multiple Feature Fusion,2021,"Chenggang Mi, Shaolin Zhu, Rui Nie",https://doi.org/10.1155/2021/9975078,"Loanword identification is studied in recent years to alleviate data sparseness in several natural language processing (NLP) tasks, such as machine translation, cross-lingual information retrieval, and so on. However, recent studies on this topic usually put efforts on high-resource languages (such as Chinese, English, and Russian); for low-resource languages, such as Uyghur and Mongolian, due to the limitation of resources and lack of annotated data, loanword identification on these languages tends to have lower performance. To overcome this problem, we first propose a lexical constraint-based data augmentation method to generate training data for low-resource language loanword identification; then, a loanword identification model based on a log-linear RNN is introduced to improve the performance of low-resource loanword identification by incorporating features such as word-level embeddings, character-level embeddings, pronunciation similarity, and part-of-speech (POS) into one model. Experimental results on loanword identification in Uyghur (in this study, we mainly focus on Arabic, Chinese, Russian, and Turkish loanwords in Uyghur) showed that our proposed method achieves best performance compared with several strong baseline systems.",
A Lightweight Constrained Generation Alternative for Query-focused Summarization,2023,"Zhichao Xu, Daniel Cohen",https://doi.org/10.1145/3539618.3591936,"Query-focused summarization (QFS) aims to provide a summary of a document that satisfies information need of a given query and is useful in various IR applications, such as abstractive snippet generation. Current QFS approaches typically involve injecting additional information, e.g. query-answer relevance or fine-grained token-level interaction between a query and document, into a finetuned large language model. However, these approaches often require extra parameters & training, and generalize poorly to new dataset distributions. To mitigate this, we propose leveraging a recently developed constrained generation model Neurological Decoding (NLD) as an alternative to current QFS regimes which rely on additional sub-architectures and training. We first construct lexical constraints by identifying important tokens from the document using a lightweight gradient attribution model, then subsequently force the generated summary to satisfy these constraints by directly manipulating the final vocabulary likelihood. This lightweight approach requires no additional parameters or finetuning as it utilizes both an off-the-shelf neural retrieval model to construct the constraints and a standard generative language model to produce the QFS. We demonstrate the efficacy of this approach on two public QFS collections achieving near parity with the state-of-the-art model with substantially reduced complexity.",
Improving Lexical-Constraint-Aware Machine Translation by Factoring Encoders,2021,"Weiyuan Zeng, Cong Liu",https://doi.org/10.1109/ijcnn52387.2021.9533673,"Existing lexically constrained machine translation employs data augmentation and incorporates lexical constraints during decoding period, which requires a bilingual dictionary or costs much decoding time. In this paper, we propose a simple but effective method to leverage lexical constraints. We use separate encoders to encode source sentence and lexical constraints, with self-attention layer mask to disentangle the two encoding subtasks. Our method does not require bilingual dictionaries or modify decoding process. Experiments on WMT 2016 English-German (En-De) and IWSLT 2017 English-Chinese (En-Zh) datasets show that our method gains improvement compared to baseline models.",
AuxPOS: Improving Grammatical Correctness with Big Data Based Text Summarization,2022,"Rui Zhang, Jianjun Yu, Yuanchun Zhou",https://doi.org/10.1109/bigdata55660.2022.10020264,"In the era of big data, with the rapid increase in the number of texts, we have found ourselves submerged in the sea of texts. With the advent of the text summarization methodology, the time-consuming and energy-draining reading process of manual operations can be avoided by condensing and communicating the primary concept to the people. When generating sentences, the generator should comply with grammatical rules, such as lexical constraints. Leveraging lexical constraints in encoder-decoder models for the text summarization task has been extensively analyzed. Previous research add lexical constraints by enriching word embeddings in the encoding process. The model could be fed with more auxiliary knowledge. However, such lexical constraints cannot control the decoder, resulting in generating ungrammatical phrases. To address this issue, this paper proposes a grammar-aware text summarization method by incorporating Part-of-Speech (POS) constraints to guide the decoding process, along with auxiliary embeddings including POS, Lemmatization and Named Entity Recognition features in encoder. Detailed, the proposed POS-constrained AuxPOS model controls the generated word distribution during decoding according to the exact POS tag. Experimental results demonstrate that the proposed AuxPOS model can generate summaries that are more in concert with grammatical logic with high quality on the CNN/DailyMail, XSum and AESLC summarization datasets.",
UCEpic: Unifying Aspect Planning and Lexical Constraints for Generating Explanations in Recommendation,2022,"Jiacheng Li, Zhankui He, Jingbo Shang, Julian McAuley",https://doi.org/10.48550/arxiv.2209.13885,"Personalized natural language generation for explainable recommendations plays a key role in justifying why a recommendation might match a user's interests. Existing models usually control the generation process by aspect planning. While promising, these aspect-planning methods struggle to generate specific information correctly, which prevents generated explanations from being convincing. In this paper, we claim that introducing lexical constraints can alleviate the above issues. We propose a model, UCEpic, that generates high-quality personalized explanations for recommendation results by unifying aspect planning and lexical constraints in an insertion-based generation manner. Methodologically, to ensure text generation quality and robustness to various lexical constraints, we pre-train a non-personalized text generator via our proposed robust insertion process. Then, to obtain personalized explanations under this framework of insertion-based generation, we design a method of incorporating aspect planning and personalized references into the insertion process. Hence, UCEpic unifies aspect planning and lexical constraints into one framework and generates explanations for recommendations under different settings. Compared to previous recommendation explanation generators controlled by only aspects, UCEpic incorporates specific information from keyphrases and then largely improves the diversity and informativeness of generated explanations for recommendations on datasets such as RateBeer and Yelp.",
Towards Accurate Translation via Semantically Appropriate Application of Lexical Constraints,2023,"Yujin Baek, Koanho Lee, Dayeon Ki, Hyoung-Gyu Lee, Cheonbok Park, Jaegul Choo",https://doi.org/10.48550/arxiv.2306.12089,"Lexically-constrained NMT (LNMT) aims to incorporate user-provided terminology into translations. Despite its practical advantages, existing work has not evaluated LNMT models under challenging real-world conditions. In this paper, we focus on two important but under-studied issues that lie in the current evaluation process of LNMT studies. The model needs to cope with challenging lexical constraints that are ""homographs"" or ""unseen"" during training. To this end, we first design a homograph disambiguation module to differentiate the meanings of homographs. Moreover, we propose PLUMCOT, which integrates contextually rich information about unseen lexical constraints from pre-trained language models and strengthens a copy mechanism of the pointer network via direct supervision of a copying score. We also release HOLLY, an evaluation benchmark for assessing the ability of a model to cope with ""homographic"" and ""unseen"" lexical constraints. Experiments on HOLLY and the previous test setup show the effectiveness of our method. The effects of PLUMCOT are shown to be remarkable in ""unseen"" constraints. Our dataset is available at https://github.com/papago-lab/HOLLY-benchmark",
ENCONTER: Entity Constrained Progressive Sequence Generation via Insertion-based Transformer.,2021,"Lee-Hsun Hsieh, Yang‐Yin Lee, Ee‐Peng Lim",,"Pretrained using large amount of data, autoregressive language models are able to generate high quality sequences. However, these models do not perform well under hard lexical constraints as they lack fine control of content generation process. Progressive insertion-based transformers can overcome the above limitation and efficiently generate a sequence in parallel given some input tokens as constraint. These transformers however may fail to support hard lexical constraints as their generation process is more likely to terminate prematurely. The paper analyses such early termination problems and proposes the Entity-constrained insertion transformer (ENCONTER), a new insertion transformer that addresses the above pitfall without compromising much generation efficiency. We introduce a new training strategy that considers predefined hard lexical constraints (e.g., entities to be included in the generated sequence). Our experiments show that ENCONTER outperforms other baseline models in several performance metrics rendering it more suitable in practical applications. Our code is available at this https URL",
Lexically Constrained Knowledge Distillation for Neural Machine Translation,2022,"Hideya Mino, Kazutaka Kinugawa, Hitoshi Ito, Isao Goto, Ichiro Yamada, Takenobu Tokunaga",https://doi.org/10.5715/jnlp.29.1082,"Knowledge distillation is a representative approach in neural machine translation (NMT) for compressing a large model into a lightweight one. This approach first trains a strong teacher model, and then forces a more compact student model to imitate the teacher. Although the key to successful knowledge distillation is constructing a stronger teacher model, the teacher model using state-of-the-art NMT may remain inadequate owing to translation errors. Accordingly, using an inadequate teacher model severely degrades the student model due to error propagation, especially regarding words important to sentence meaning. To mitigate the degradation problem, we propose a knowledge distillation method using a lexical constraint as privileged information for NMT. The proposed method trains a teacher model with a lexical constraint, a list of words automatically extracted from a target sentence in the training data. We configure the lexical constraint according to the importance of words and the fallibility of NMT. Models trained with our proposed method result in improved translation compared with those trained with a baseline method for English↔German and English↔Japanese translation tasks under the condition without ensemble decoding and beam-search decoding.",
Enconter: Entity Constrained Progressive Sequence Generation via Insertion-based Transformer,2021,"Lee Hsun Hsieh, Yang-Yin Lee, Ee‐Peng Lim",https://doi.org/10.18653/v1/2021.eacl-main.313,"Pretrained using large amount of data, autoregressive language models are able to generate high quality sequences. However, these models do not perform well under hard lexical constraints as they lack fine control of content generation process. Progressive insertion based transformers can overcome the above limitation and efficiently generate a sequence in parallel given some input tokens as constraint. These transformers however may fail to support hard lexical constraints as their generation process is more likely to terminate prematurely. The paper analyses such early termination problems and proposes the ENtity CONstrained insertion TransformER(ENCONTER), a new insertion transformer that addresses the above pitfall without compromising much generation efficiency. We introduce a new training strategy that considers predefined hard lexical constraints (e.g., entities to be included in the generated sequence). Our experiments show that ENCONTER outperforms other baseline models in several performance metrics rendering it more suitable in practical applications.",
ENCONTER: Entity Constrained Progressive Sequence Generation via Insertion-based Transformer,2021,"Lee-Hsun Hsieh, Yang‐Yin Lee, Ee‐Peng Lim",https://doi.org/10.48550/arxiv.2103.09548,"Pretrained using large amount of data, autoregressive language models are able to generate high quality sequences. However, these models do not perform well under hard lexical constraints as they lack fine control of content generation process. Progressive insertion-based transformers can overcome the above limitation and efficiently generate a sequence in parallel given some input tokens as constraint. These transformers however may fail to support hard lexical constraints as their generation process is more likely to terminate prematurely. The paper analyses such early termination problems and proposes the Entity-constrained insertion transformer (ENCONTER), a new insertion transformer that addresses the above pitfall without compromising much generation efficiency. We introduce a new training strategy that considers predefined hard lexical constraints (e.g., entities to be included in the generated sequence). Our experiments show that ENCONTER outperforms other baseline models in several performance metrics rendering it more suitable in practical applications. Our code is available at https://github.com/LARC-CMU-SMU/Enconter",
Integrating Vectorized Lexical Constraints for Neural Machine Translation,2022,"Shuo Wang, Zhixing Tan, Yang Liu",https://doi.org/10.48550/arxiv.2203.12210,"Lexically constrained neural machine translation (NMT), which controls the generation of NMT models with pre-specified constraints, is important in many practical scenarios. Due to the representation gap between discrete constraints and continuous vectors in NMT models, most existing works choose to construct synthetic data or modify the decoding algorithm to impose lexical constraints, treating the NMT model as a black box. In this work, we propose to open this black box by directly integrating the constraints into NMT models. Specifically, we vectorize source and target constraints into continuous keys and values, which can be utilized by the attention modules of NMT models. The proposed integration method is based on the assumption that the correspondence between keys and values in attention modules is naturally suitable for modeling constraint pairs. Experimental results show that our method consistently outperforms several representative baselines on four language pairs, demonstrating the superiority of integrating vectorized lexical constraints.",
NEUROSTRUCTURAL DECODING: Neural Text Generation with Structural Constraints,2023,"Mohaddeseh Bastan, Mihai Surdeanu, Niranjan Balasubramanian",https://doi.org/10.18653/v1/2023.acl-long.528,"Text generation often involves producing coherent and grammatically correct texts that also satisfy a given set of semantic constraints. While most approaches for conditional text generation have primarily focused on lexical constraints, they often struggle to effectively incorporate syntactic constraints, which provide a richer language for approximating semantic constraints.We address this gap by introducing NeuroStructural Decoding, a new decoding algorithm that incorporates syntactic constraints to further improve the quality of the generated text. We build NeuroStructural Decoding on the NeuroLogic Decoding (Lu etal. 2021) algorithm, which enables language generation models to produce fluent text while satisfying complex lexical constraints. Our algorithm is powerful and scalable. It tracks lexico-syntactic constraints (e.g., we need to observe dog as subject and ball as object)during decoding by parsing the partial generations at each step. To this end, we adapt a dependency parser to generate parses for incomplete sentences. Our approach is evaluated on three different language generation tasks, and the results show improved performance in both lexical and syntactic metrics compared to previous methods. The results suggest this is a promising solution for integrating fine-grained controllable generation into the conventional beam search decoding.",
"Extract, Denoise, and Enforce: Evaluating and Predicting Lexical Constraints for Conditional Text Generation.",2021,"Yuning Mao, Wenchang Ma, Deren Lei, Xiang Ren",,"Recently, pre-trained language models (PLMs) have dominated conditional text generation tasks. Given the impressive performance and prevalence of the PLMs, it is seemingly natural to assume that they could figure out what to attend to in the input and what to include in the output via seq2seq learning without more guidance than the training input/output pairs. However, a rigorous study regarding the above assumption is still lacking. In this paper, we present a systematic analysis of conditional generation to study whether current PLMs are good enough for preserving important concepts in the input and to what extent explicitly guiding generation with lexical constraints is beneficial. We conduct extensive analytical experiments on a range of conditional generation tasks and try to answer in what scenarios guiding generation with lexical constraints works well and why. We then propose a framework for automatic constraint extraction, denoising, and enforcement that is shown to perform comparably or better than unconstrained generation. We hope that our findings could serve as a reference when determining whether it is appropriate and worthwhile to use explicit constraints for a specific task or dataset.\footnote{Our code is available at \url{this https URL}.}",
"Extract, Denoise and Enforce: Evaluating and Improving Concept Preservation for Text-to-Text Generation",2021,"Yuning Mao, Wenchang Ma, Deren Lei, Jiawei Han, Xiang Ren",https://doi.org/10.48550/arxiv.2104.08724,"Prior studies on text-to-text generation typically assume that the model could figure out what to attend to in the input and what to include in the output via seq2seq learning, with only the parallel training data and no additional guidance. However, it remains unclear whether current models can preserve important concepts in the source input, as seq2seq learning does not have explicit focus on the concepts and commonly used evaluation metrics also treat concepts equally important as other tokens. In this paper, we present a systematic analysis that studies whether current seq2seq models, especially pre-trained language models, are good enough for preserving important input concepts and to what extent explicitly guiding generation with the concepts as lexical constraints is beneficial. We answer the above questions by conducting extensive analytical experiments on four representative text-to-text generation tasks. Based on the observations, we then propose a simple yet effective framework to automatically extract, denoise, and enforce important input concepts as lexical constraints. This new method performs comparably or better than its unconstrained counterpart on automatic metrics, demonstrates higher coverage for concept preservation, and receives better ratings in the human evaluation. Our code is available at https://github.com/morningmoni/EDE.",
Control Large Language Models via Divide and Conquer,2024,"Bowen Li, Yiwei Wang, Tao Meng, Kai-Wei Chang, Nanyun Peng",https://doi.org/10.48550/arxiv.2410.04628,"This paper investigates controllable generation for large language models (LLMs) with prompt-based control, focusing on Lexically Constrained Generation (LCG). We systematically evaluate the performance of LLMs on satisfying lexical constraints with prompt-based control, as well as their efficacy in downstream applications. We conclude that LLMs face significant challenges in consistently satisfying lexical constraints with prompt-based control. We identified three key limitations of LLMs for LCG, including (1) position bias, where LLMs tend to satisfy constraints that appear in specific positions within the input; (2) low responsiveness to decoding parameters, which render minimal impact on control of LLMs; and (3) struggle with handling the inherent complexity of certain constraints (e.g., compound words). To address these issues, we introduce a Divide and Conquer Generation strategy, effective for both white-box and black-box LLMs, to enhance LLMs performance in LCG tasks, which demonstrates over 90% improvement on success rate in the most challenging LCG task. Our analysis provides valuable insights into the performance of LLMs in LCG with prompt-based control, and our proposed strategy offers a pathway to more sophisticated and customized text generation applications.",
Chapter 4. A constructional approach to causative support verbs in Spanish,2023,"María Isabel Jiménez Martínez, Chantal Melis",https://doi.org/10.1075/cal.34.04jim,"Complex predicates formed with a semantically bleached verb and a predicating nominal (take a walk) have posed a challenge to grammatical theories. One must explain how the two elements integrate into a semantic and syntactic unit, without losing sight of the lexical constraints the so-called support or light verb constructions are subjected to (*give a jog). In this work, centered on a family of Spanish phrases featuring an emotional state noun and associated with a causative meaning (cf. dar miedo ‘to frighten’, lit. ‘to give fear’), we adopt Goldberg’s (1995, 2006) analysis of “argument structure constructions”, introducing necessary adjustments to fit the composite nature of the predicate, and we show how Cognitive Construction Grammar offers a particularly well-suited model to handle linguistic expressions that combine regular syntactic properties with lexical idiosyncrasies.",
Categoriality in the English Gerund System,2021,"Charlotte Maekelberghe, Lauren Fonteyn, Liesbet Heyvaert",https://doi.org/10.1515/9783110733945-033,"Within the frameworks of both formalist and cognitive-functional linguistics, the form and function of the English (nominal and verbal) gerund have long been studied from a theoretical and univariate perspective. In this retrospective review chapter, we argue that recent usage-based and quantitative methodologies, inspired by Cognitive Linguistics, have led to a myriad of novel insights into gerundive constructions. We show that conceptual features associated with “nominal” or “verbal” construals of an event, as presented in the cognitive-functional paradigm, can be operationalized as variables within a quantitative, variationist approach. In doing so, the variation between nominal and verbal gerunds is assessed from a probabilistic rather than dichotomous point of view, with particular attention to lectal variation and lexical constraints. The picture that emerges is multifactorial and opens up many avenues for future research.",
Tolerance for Lexical Constraints in the Double Object Construction: Evidence from Brazilian Portuguese-English Bilinguals,2025,"Cândido Samuel Fonseca de Oliveira, Lucas Raimundo, Enrique Rodrígues-Moura",https://doi.org/10.22158/selt.v13n3p44,"This study investigates Brazilian Portuguese-English bilinguals' tolerance for lexical constraints in the English double object construction (DOC). Previous research indicates that bilinguals tend to show greater acceptance of unconventional argument structures compared to native speakers, a pattern linked to broader constructional generalizations and reduced sensitivity to competition effects. Using an acceptability judgment task, we compared bilinguals' and native speakers' ratings of grammatical and ungrammatical DOC sentences. The findings confirmed that bilinguals exhibit higher tolerance for unlicensed DOC sentences, particularly those containing cognate verbs. Item-level and participant-level analyses revealed substantial individual variability among bilinguals, indicating that higher tolerance is not uniformly distributed.",
Disambiguated Lexically Constrained Neural Machine Translation,2023,"Jinpeng Zhang, Nini Xiao, Ke Wang, Chuanqi Dong, Xiangyu Duan, Yuqi Zhang, Min Zhang",https://doi.org/10.48550/arxiv.2305.17351,"Lexically constrained neural machine translation (LCNMT), which controls the translation generation with pre-specified constraints, is important in many practical applications. Current approaches to LCNMT typically assume that the pre-specified lexical constraints are contextually appropriate. This assumption limits their application to real-world scenarios where a source lexicon may have multiple target constraints, and disambiguation is needed to select the most suitable one. In this paper, we propose disambiguated LCNMT (D-LCNMT) to solve the problem. D-LCNMT is a robust and effective two-stage framework that disambiguates the constraints based on contexts at first, then integrates the disambiguated constraints into LCNMT. Experimental results show that our approach outperforms strong baselines including existing data augmentation based approaches on benchmark datasets, and comprehensive experiments in scenarios where a source lexicon corresponds to multiple target constraints demonstrate the constraint disambiguation superiority of our approach.",
Accurate Online Posterior Alignments for Principled Lexically-Constrained Decoding,2022,"Soumya Chatterjee, Sunita Sarawagi, Preethi Jyothi",https://doi.org/10.48550/arxiv.2204.00871,"Online alignment in machine translation refers to the task of aligning a target word to a source word when the target sequence has only been partially decoded. Good online alignments facilitate important applications such as lexically constrained translation where user-defined dictionaries are used to inject lexical constraints into the translation model. We propose a novel posterior alignment technique that is truly online in its execution and superior in terms of alignment error rates compared to existing methods. Our proposed inference technique jointly considers alignment and token probabilities in a principled manner and can be seamlessly integrated within existing constrained beam-search decoding algorithms. On five language pairs, including two distant language pairs, we achieve consistent drop in alignment error rates. When deployed on seven lexically constrained translation tasks, we achieve significant improvements in BLEU specifically around the constrained positions.",
Encouraging Neural Machine Translation to Satisfy Terminology Constraints.,2022,"Melissa Ailem, Jingshu Liu, Raheel Qader",,"We present a new approach to encourage neural machine translation to satisfy lexical constraints. Our method acts at the training step and thereby avoiding the introduction of any extra computational overhead at inference step. The proposed method combines three main ingredients. The first one consists in augmenting the training data to specify the constraints. Intuitively, this encourages the model to learn a copy behavior when it encounters constraint terms. Compared to previous work, we use a simplified augmentation strategy without source factors. The second ingredient is constraint token masking, which makes it even easier for the model to learn the copy behavior and generalize better. The third one, is a modification of the standard cross entropy loss to bias the model towards assigning high probabilities to constraint words. Empirical results show that our method improves upon related baselines in terms of both BLEU score and the percentage of generated constraint terms.",
NHK’s Lexically-Constrained Neural Machine Translation at WAT 2021,2021,"Hideya Mino, Kazutaka Kinugawa, Hitoshi Ito, Isao Goto, Ichiro Yamada, Takenobu Tokunaga",https://doi.org/10.18653/v1/2021.wat-1.2,"This paper describes the system of our team (NHK) for the WAT 2021 Japanese-English restricted machine translation task. In this task, the aim is to improve quality while maintaining consistent terminology for scientific paper translation. This task has a unique feature, where some words in a target sentence are given in addition to a source sentence. In this paper, we use a lexically-constrained neural machine translation (NMT), which concatenates the source sentence and constrained words with a special token to input them into the encoder of NMT. The key to the successful lexically-constrained NMT is the way to extract constraints from a target sentence of training data. We propose two extraction methods: proper-noun constraint and mistranslated-word constraint. These two methods consider the importance of words and fallibility of NMT, respectively. The evaluation results demonstrate the effectiveness of our lexical-constraint method.",
Accurate Online Posterior Alignments for Principled Lexically-Constrained Decoding,2022,"Soumya Chatterjee, Sunita Sarawagi, Preethi Jyothi",https://doi.org/10.18653/v1/2022.acl-long.460,"Online alignment in machine translation refers to the task of aligning a target word to a source word when the target sequence has only been partially decoded. Good online alignments facilitate important applications such as lexically constrained translation where user-defined dictionaries are used to inject lexical constraints into the translation model. We propose a novel posterior alignment technique that is truly online in its execution and superior in terms of alignment error rates compared to existing methods. Our proposed inference technique jointly considers alignment and token probabilities in a principled manner and can be seamlessly integrated within existing constrained beam-search decoding algorithms. On five language pairs, including two distant language pairs, we achieve consistent drop in alignment error rates. When deployed on seven lexically constrained translation tasks, we achieve significant improvements in BLEU specifically around the constrained positions.",
Discovering Patterns of Definitions and Methods from Scientific Documents,2023,"Yutian Sun, Hai Zhuge",https://doi.org/10.48550/arxiv.2307.01216,"The difficulties of automatic extraction of definitions and methods from scientific documents lie in two aspects: (1) the complexity and diversity of natural language texts, which requests an analysis method to support the discovery of pattern; and, (2) a complete definition or method represented by a scientific paper is usually distributed within text, therefore an effective approach should not only extract single sentence definitions and methods but also integrate the sentences to obtain a complete definition or method. This paper proposes an analysis method for discovering patterns of definition and method and uses the method to discover patterns of definition and method. Completeness of the patterns at the semantic level is guaranteed by a complete set of semantic relations that identify definitions and methods respectively. The completeness of the patterns at the syntactic and lexical levels is guaranteed by syntactic and lexical constraints. Experiments on the self-built dataset and two public definition datasets show that the discovered patterns are effective. The patterns can be used to extract definitions and methods from scientific documents and can be tailored or extended to suit other applications.",
Constraints and lexical conditioning in the dative alternation,2024,"Alexandra Engel, Elsy Andries, Laura Rosseel, Benedikt Szmrecsanyi, Freek Van de Velde",https://doi.org/10.1075/lic.00052.eng,"Abstract This article presents a cross-linguistic variationist study of the dative alternations in English ( I gave Tom a present vs. I gave a present to Tom ) and Dutch ( Ik gaf Tom een cadeau vs. Ik gaf een cadeau aan Tom ). We use logistic mixed-effects regression and lasso regression to assess the probabilistic conditioning of dative choices as a function of morphosyntactic, semantico-pragmatic and lexical constraints in both languages. In addition, we test the predictive accuracy of our two language-specific models cross-linguistically. The results show a substantial overlap in the probabilistic constraints, but also a larger reliance on lexical content in Dutch compared to English, which suggests differences in complexity across the English and Dutch dative alternations. The methodology adopted in this study may pave a new way for comparative variational linguistics.",
Encouraging Neural Machine Translation to Satisfy Terminology Constraints,2021,"Melissa Ailem, Jinghsu Liu, Raheel Qader",https://doi.org/10.48550/arxiv.2106.03730,"We present a new approach to encourage neural machine translation to satisfy lexical constraints. Our method acts at the training step and thereby avoiding the introduction of any extra computational overhead at inference step. The proposed method combines three main ingredients. The first one consists in augmenting the training data to specify the constraints. Intuitively, this encourages the model to learn a copy behavior when it encounters constraint terms. Compared to previous work, we use a simplified augmentation strategy without source factors. The second ingredient is constraint token masking, which makes it even easier for the model to learn the copy behavior and generalize better. The third one, is a modification of the standard cross entropy loss to bias the model towards assigning high probabilities to constraint words. Empirical results show that our method improves upon related baselines in terms of both BLEU score and the percentage of generated constraint terms.",
A Lightweight Constrained Generation Alternative for Query-focused Summarization,2023,"Zhichao Xu, Daniel Cohen",https://doi.org/10.48550/arxiv.2304.11721,"Query-focused summarization (QFS) aims to provide a summary of a document that satisfies information need of a given query and is useful in various IR applications, such as abstractive snippet generation. Current QFS approaches typically involve injecting additional information, e.g. query-answer relevance or fine-grained token-level interaction between a query and document, into a finetuned large language model. However, these approaches often require extra parameters \& training, and generalize poorly to new dataset distributions. To mitigate this, we propose leveraging a recently developed constrained generation model Neurological Decoding (NLD) as an alternative to current QFS regimes which rely on additional sub-architectures and training. We first construct lexical constraints by identifying important tokens from the document using a lightweight gradient attribution model, then subsequently force the generated summary to satisfy these constraints by directly manipulating the final vocabulary likelihood. This lightweight approach requires no additional parameters or finetuning as it utilizes both an off-the-shelf neural retrieval model to construct the constraints and a standard generative language model to produce the QFS. We demonstrate the efficacy of this approach on two public QFS collections achieving near parity with the state-of-the-art model with substantially reduced complexity.",
Parallel Refinements for Lexically Constrained Text Generation with BART,2021,Xingwei He,https://doi.org/10.48550/arxiv.2109.12487,"Lexically constrained text generation aims to control the generated text by incorporating some pre-specified keywords into the output. Previous work injects lexical constraints into the output by controlling the decoding process or refining the candidate output iteratively, which tends to generate generic or ungrammatical sentences, and has high computational complexity. To address these challenges, we propose Constrained BART (CBART) for lexically constrained text generation. CBART leverages the pre-trained model BART and transfers part of the generation burden from the decoder to the encoder by decomposing this task into two sub-tasks, thereby improving the sentence quality. Concretely, we extend BART by adding a token-level classifier over the encoder, aiming at instructing the decoder where to replace and insert. Guided by the encoder, the decoder refines multiple tokens of the input in one step by inserting tokens before specific positions and re-predicting tokens with low confidence. To further reduce the inference latency, the decoder predicts all tokens in parallel. Experiment results on One-Billion-Word and Yelp show that CBART can generate plausible text with high quality and diversity while significantly accelerating inference.",
Glottal Stop /?/ Strategy in Adaptation of Malay Loanwords in Bugis Language based on Output-Output Correspondent Analysis,2023,"Muhammad Firdaus Mohd Sah, Sharifah Raihan Syed Jaafar",https://doi.org/10.6007/ijarbss/v13-i4/16869,"Bugis are one of Malaysia's minority communities. Bugis communities use loanwords as a way of ensuring smooth communication. While the Bugis community tries to absorb all Malay loanwords into the Bugis language, a phonological process prevents the Malay lexicon from being fully absorbed. This process is called the glottal stop /?/. The fieldwork was conducted at two places in Johore state: Pontian and Pasir Gudang. The fieldwork was also conducted in the Selangor state at Pandamaran, Klang. A questionnaire containing a section on the informant's background and a word list was prepared for the interview session with 200 Bugis respondents. By using the Output-Output correspondent in Optimality theory, this study will address some of the emerging issues; Firstly, what is the intent of using glottal stop /?/ strategy in the Bugis language loanwords adaptation? Secondly, what constraints are used in the glottal stop /?/ strategy in the Bugis-language loanwords adaptation using Optimality theory (OT) and OO-Correspondence (OO-Cor). The study shows that there are two main reasons why a glottal stop occurs, firstly, as a syllable closure and secondly, as a consonant substitution. Based on TO and OO-Cor analysis, Malay loanwords must comply with *IDENTICAL LEXICAL constraint of production output in Bugis language. The results of this study have contributed to the development of the Bugis language study from a linguistic point of view using Optimality and Correspondence-OO theory.",
Text Prompt Translation for Zero Shot Prediction under Lexical Constraint in Aviation Domain,2023,"Fan Chen, Yongming Fang, Xuedong Man, Yunbo Zhao, Tianzhu Fang, Luxin Lin, M Tan, Siying Huang",https://doi.org/10.1109/csecs60003.2023.10428175,"In real-world translation scenarios, particularly those involving safety in the aviation domain, it is expected that neural machine translation (NMT) can translate with idiomatic expressions and constraints provided by aviation experts. Generally, this topic problem can be addressed by fine-tuning NMT model with parallel corpus. However, parallel corpus is usually lacking and with noise. Conventional pre-training & fine-tuning paradigm may not perform well in this situation. Recently, a series prompt-tuning works have been proposed to solve the few-shot and zero-shot problems existing in downstream task. Inspired by those, we designed a prompt-based methods for NMT. With the help of injected related domain knowledge, the NMT models can strictly follow to word-level constraints. Specifically, in this work, we proposed two well-designed modules that can satisfy translation constraints in the aviation domain, including the preservation of words and observation of terminology. We extensively conduct experiments on a real-world large corpus of aviation maintenance text in English and Chinese and evaluated our method with four metrics, including missing or redundant information, incorrect formats, bad word or sentence patterns, and unconventional expressions. The experiment results show that our prompt methods were able to make the translation satisfy domain-specific lexical constraints in low-resource settings, using a pre-trained Transformer as the backbone model across all tasks.",
Massively Multilingual Lexical Specialization of Multilingual Transformers,2023,"Tommaso Green, Simone Paolo Ponzetto, Goran Glavaš",https://doi.org/10.18653/v1/2023.acl-long.426,"While pretrained language models (PLMs) primarily serve as general-purpose text encoders that can be fine-tuned for a wide variety of downstream tasks, recent work has shown that they can also be rewired to produce high-quality word representations (i.e., static word embeddings) and yield good performance in type-level lexical tasks. While existing work primarily focused on the lexical specialization of monolingual PLMs with immense quantities of monolingual constraints, in this work we expose massively multilingual transformers (MMTs, e.g., mBERT or XLM-R) to multilingual lexical knowledge at scale, leveraging BabelNet as the readily available rich source of multilingual and cross-lingual type-level lexical knowledge. Concretely, we use BabelNet’s multilingual synsets to create synonym pairs (or synonym-gloss pairs) across 50 languages and then subject the MMTs (mBERT and XLM-R) to a lexical specialization procedure guided by a contrastive objective. We show that such massively multilingual lexical specialization brings substantial gains in two standard cross-lingual lexical tasks, bilingual lexicon induction and cross-lingual word similarity, as well as in cross-lingual sentence retrieval. Crucially, we observe gains for languages unseen in specialization, indicating that multilingual lexical specialization enables generalization to languages with no lexical constraints. In a series of subsequent controlled experiments, we show that the number of specialization constraints plays a much greater role than the set of languages from which they originate.",
A linguistic investigation of monosyllabic or masculine rhymes in Serbian poetry,2023,Draga Zec,https://doi.org/10.2298/jfi2301121z,"This paper focuses on the prosodic properties of monosyllabic, that is, masculine rhymes in Serbian poetry. Word stress has been identified as a crucial prosodic feature of Serbian rhyme in general, and of masculine rhyme in particular, based on a quantitatively analyzed poetic database, which includes eight poets, four from the Romantic and four from the post-Romantic period. The role of stress is demarcative: it signals the beginning of the domain of rhyme, thereby considerably promoting its effectiveness. However, the presence of stress within the rhyme domain is not obligatory. The most effective are resonant rhymes, with demarcated domains in both lines, next in effectiveness are semi-resonant rhymes, with demarcation in only one of the lines, while nonresonant rhymes, which lack demarcation, are the least effective. Masculine rhymes are indistinct from feminine rhymes in terms of their prosodic organization, but differ significantly in terms of their linguistic realization. The lexical material provided by the Serbian grammatical system is only partially adequate for realizing masculine rhymes. The most effective resonant rhymes are formed exclusively by monosyllabic words, which are an extremely rare prosodic profile in the Serbian lexicon. On the other hand, the least effective nonresonant rhymes are exclusively formed by polysyllabic words, which are a dominant prosodic profile in the Serbian lexicon, but often yield infelicitous, barely recognizable rhymes. It is notable that masculine rhymes are not used by all poets in our database, which may well be due to the onerous lexical constraints on their formation. Masculine rhymes are in fact used by only four poets: three from the Romantic, and only one from the post-Romantic period.",
Massively Multilingual Lexical Specialization of Multilingual Transformers,2022,"Tommaso Green, Simone Paolo Ponzetto, Goran Glavaš",https://doi.org/10.48550/arxiv.2208.01018,"While pretrained language models (PLMs) primarily serve as general-purpose text encoders that can be fine-tuned for a wide variety of downstream tasks, recent work has shown that they can also be rewired to produce high-quality word representations (i.e., static word embeddings) and yield good performance in type-level lexical tasks. While existing work primarily focused on the lexical specialization of monolingual PLMs with immense quantities of monolingual constraints, in this work we expose massively multilingual transformers (MMTs, e.g., mBERT or XLM-R) to multilingual lexical knowledge at scale, leveraging BabelNet as the readily available rich source of multilingual and cross-lingual type-level lexical knowledge. Concretely, we use BabelNet's multilingual synsets to create synonym pairs (or synonym-gloss pairs) across 50 languages and then subject the MMTs (mBERT and XLM-R) to a lexical specialization procedure guided by a contrastive objective. We show that such massively multilingual lexical specialization brings substantial gains in two standard cross-lingual lexical tasks, bilingual lexicon induction and cross-lingual word similarity, as well as in cross-lingual sentence retrieval. Crucially, we observe gains for languages unseen in specialization, indicating that multilingual lexical specialization enables generalization to languages with no lexical constraints. In a series of subsequent controlled experiments, we show that the number of specialization constraints plays a much greater role than the set of languages from which they originate.",
Semantic Probabilistic Control of Language Models,2025,"Kareem Ahmed, Catarina G Belém, Padhraic Smyth, Sameer Singh",https://doi.org/10.48550/arxiv.2505.01954,"Semantic control entails steering LM generations towards satisfying subtle non-lexical constraints, e.g., toxicity, sentiment, or politeness, attributes that can be captured by a sequence-level verifier. It can thus be viewed as sampling from the LM distribution conditioned on the target attribute, a computationally intractable problem due to the non-decomposable nature of the verifier. Existing approaches to LM control either only deal with syntactic constraints which cannot capture the aforementioned attributes, or rely on sampling to explore the conditional LM distribution, an ineffective estimator for low-probability events. In this work, we leverage a verifier's gradient information to efficiently reason over all generations that satisfy the target attribute, enabling precise steering of LM generations by reweighing the next-token distribution. Starting from an initial sample, we create a local LM distribution favoring semantically similar sentences. This approximation enables the tractable computation of an expected sentence embedding. We use this expected embedding, informed by the verifier's evaluation at the initial sample, to estimate the probability of satisfying the constraint, which directly informs the update to the next-token distribution. We evaluated the effectiveness of our approach in controlling the toxicity, sentiment, and topic-adherence of LMs yielding generations satisfying the constraint with high probability (>95%) without degrading their quality.",
Guaranteed Generation from Large Language Models,2024,"Minbeom Kim, Thibaut Thonet, Jos Rozen, Hwaran Lee, Kyomin Jung, Marc Dymetman",https://doi.org/10.48550/arxiv.2410.06716,"As large language models (LLMs) are increasingly used across various applications, there is a growing need to control text generation to satisfy specific constraints or requirements. This raises a crucial question: Is it possible to guarantee strict constraint satisfaction in generated outputs while preserving the distribution of the original model as much as possible? We first define the ideal distribution - the one closest to the original model, which also always satisfies the expressed constraint - as the ultimate goal of guaranteed generation. We then state a fundamental limitation, namely that it is impossible to reach that goal through autoregressive training alone. This motivates the necessity of combining training-time and inference-time methods to enforce such guarantees. Based on this insight, we propose GUARD, a simple yet effective approach that combines an autoregressive proposal distribution with rejection sampling. Through GUARD's theoretical properties, we show how controlling the KL divergence between a specific proposal and the target ideal distribution simultaneously optimizes inference speed and distributional closeness. To validate these theoretical concepts, we conduct extensive experiments on two text generation settings with hard-to-satisfy constraints: a lexical constraint scenario and a sentiment reversal scenario. These experiments show that GUARD achieves perfect constraint satisfaction while almost preserving the ideal distribution with highly improved inference efficiency. GUARD provides a principled approach to enforcing strict guarantees for LLMs without compromising their generative capabilities.",
"Stem configurations, lexical items, and phonological words in Maltese",2023,Gilbert Puech,https://doi.org/10.16995/glossa.6556,"Maltese is the 'national' language of the people in the sister-islands of Malta and Gozo. Originally Arabic, Maltese vocabulary has been massively expanded by borrowings from Romance (Sicilian/Italian), and more recently English. Influential contributions in (post)generative phonology and Optimality Theory claim that Maltese phonology is based on the interaction of (Palestinian Arabic type) stress assignment with syncope, and cyclic application of rules/constraints. This approach fails in some cases for Arabic Maltese, and is inoperative for borrowed vocabulary. I argue for distributing morphological constituents in three domains. The stem-domain heads a radical base, to which a preformative morph may be incorporated, and inflectional circumfixes. The Lexical-item domain heads the stem-node to which (in)direct pronominal objects may be concatenated. Clitics are adjoined to the phonological-word domain. All exponents are mapped on the linearized segmental tier. Trochaic stems satisfying morpho-lexical constraints are built in a pre-lexical phase. Vocalism is underlyingly specified or assigned by default, including ‘reverse-imāla’. In a lexical phase, OCP and Licensing shape syllabic stem-profiles to satisfy morpho-prosodic constraints. In the post-lexical phase, surface forms are generated by application of phonological processes: stress assignment, vowel length and quality, voice alteration in obstruents. A model of 'Weak CV Phonology', distantly related to Strict CV Phonology, is drawn up. Segmental representations are analyzed in monovalent elements. Maltese has often been presented as a 'mixed' language with two strata of vocabulary and two morphologies: root-and-pattern, non-concatenative for template-bound vocabulary, concatenative for loan-words. I claim that Maltese consistently requires templatic, concatenative and word-based morphology.",
Fast and slow errors: What naming latencies of errors reveal about the interplay of attentional control and word planning in speeded picture naming.,2025,"Christina Papoutsi, Elli N. Tourtouri, Vitória Piai, Leonie F. Lampe, Antje S. Meyer",https://doi.org/10.1037/xlm0001472,"Speakers sometimes produce lexical errors, such as saying ""salt"" instead of ""pepper."" This study aimed to better understand the origin of lexical errors by assessing whether they arise from a hasty selection and premature decision to speak (premature selection hypothesis) or from momentary attentional disengagement from the task (attentional lapse hypothesis). We analyzed data from a speeded picture naming task (Lampe et al., 2023) and investigated whether lexical errors are produced as fast as target (i.e., correct) responses, thus arising from premature selection, or whether they are produced more slowly than target responses, thus arising from lapses of attention. Using ex-Gaussian analyses, we found that lexical errors were slower than targets in the tail, but not in the normal part of the response time distribution, with the tail effect primarily resulting from errors that were not coordinates, that is, members of the target's semantic category. Moreover, we compared the coordinate errors and target responses in terms of their word-intrinsic properties and found that they were overall more frequent, shorter, and acquired earlier than targets. Given the present findings, we conclude that coordinate errors occur due to a premature selection but in the context of intact attentional control, following the same lexical constraints as targets, while other errors, given the variability in their nature, may vary in their origin, with one potential source being lapses of attention. (PsycInfo Database Record (c) 2025 APA, all rights reserved).",
SLICET5: Static Program Slicing using Language Models with Copy Mechanism and Constrained Decoding,2025,"Pengfei He, Shaowei Wang, Tse-Hsun Chen",https://doi.org/10.48550/arxiv.2509.17338,"Static program slicing is a fundamental technique in software engineering. Traditional static slicing tools rely on parsing complete source code, which limits their applicability to real-world scenarios where code snippets are incomplete or unparsable. While recent research developed learning-based approaches to predict slices, they face critical challenges: (1) Inaccurate dependency identification, where models fail to precisely capture data and control dependencies between code elements; and (2) Unconstrained generation, where models produce slices with extraneous or hallucinated tokens not present in the input, violating the structural integrity of slices. To address these challenges, we propose \ourtool, a novel slicing framework that reformulates static program slicing as a sequence-to-sequence task using lightweight language models (e.g., CodeT5+). Our approach incorporates two key innovations. First, we introduce a copy mechanism that enables the model to more accurately capture inter-element dependencies and directly copy relevant tokens from the input, improving both dependency reasoning and generation constraint. Second, we design a constrained decoding process with (a) lexical constraint, restricting outputs to input tokens only, and (b) syntactic constraint, leveraging Tree Similarity of Edit Distance (TSED) monotonicity to detect structurally invalid outputs and discard them. We evaluate \ourtool on CodeNet and LeetCode datasets and show it consistently outperforms state-of-the-art baselines, improving ExactMatch scores by up to 27\%. Furthermore, \ourtool demonstrates strong performance on incomplete code, highlighting its robustness and practical utility in real-world development environments.",
Reviewer #3 (Public Review): Finding structure during incremental speech comprehension,2024,,https://doi.org/10.7554/elife.89311.3.sa2,"Full text Figures and data Peer review Side by side Abstract eLife assessment Introduction Results Discussion Materials and methods Data availability References Article and author information Metrics Abstract A core aspect of human speech comprehension is the ability to incrementally integrate consecutive words into a structured and coherent interpretation, aligning with the speaker's intended meaning. This rapid process is subject to multidimensional probabilistic constraints, including both linguistic knowledge and non-linguistic information within specific contexts, and it is their interpretative coherence that drives successful comprehension. To study the neural substrates of this process, we extract word-by-word measures of sentential structure from BERT, a deep language model, which effectively approximates the coherent outcomes of the dynamic interplay among various types of constraints. Using representational similarity analysis, we tested BERT parse depths and relevant corpus-based measures against the spatiotemporally resolved brain activity recorded by electro-/magnetoencephalography when participants were listening to the same sentences. Our results provide a detailed picture of the neurobiological processes involved in the incremental construction of structured interpretations. These findings show when and where coherent interpretations emerge through the evaluation and integration of multifaceted constraints in the brain, which engages bilateral brain regions extending beyond the classical fronto-temporal language system. Furthermore, this study provides empirical evidence supporting the use of artificial neural networks as computational models for revealing the neural dynamics underpinning complex cognitive processes in the brain. eLife assessment This valuable study provides insights into how the brain parses the syntactic structure of a spoken sentence. Convincing evidence is provided that distributive cortical networks are engaged for incremental parsing of a sentence, and neural activity recorded by MEG correlates with sentence structure measures extracted by a deep neural network language model, that is, BERT. A contribution of the work is to use a deep neural network model to quantify how the mental representation of syntactic structure updates as a sentence unfolds in time. https://doi.org/10.7554/eLife.89311.3.sa0 About eLife assessments Introduction Human speech comprehension involves a complex set of processes that transform an auditory input into the speaker's intended meaning, wherein each word is sequentially recognized and integrated with the preceding words to obtain a coherent interpretation (Marslen-Wilson and Tyler, 1980; Choi et al., 2021; Lyu et al., 2019). Crucially, rather than simple linear concatenation, individual words are combined according to the non-linear and often discontinuous structure embedded in an utterance as it is delivered over time (Everaert et al., 2015). For example, in the sentence ""The boy who chased the cat was …"", it is the structurally close word 'boy', rather than the linearly close word 'cat', that is combined with 'was'. However, the neural dynamics underpinning the incremental construction of a structured interpretation from a spoken sentence is still unclear. Previous neuroimaging studies on the structure of language primarily focused on syntax (Matchin and Hickok, 2020), contrasting grammatical sentences against word lists or sentences with syntactic violations (Law and Pylkkänen, 2021; Nelson et al., 2017), manipulating the syntactic complexity in sentences (Pallier et al., 2011), or studying artificial grammatical rules elicited by structured, unintelligible strings (Friederici et al., 2006). Nevertheless, finding the structure in an unfolding sentence also depends on the constraints jointly placed by other linguistic properties and non-linguistic information such as the broad world knowledge (Bever, 1970; Tyler and Marslen-Wilson, 1977). Unlike the two-stage model (Frazier, 1987; Frazier and Rayner, 1982) which posits an initial parsing stage relying solely on syntax, the constraint-based approach to sentence processing (MacDonald et al., 1994; Trueswell and Tanenhaus, 1994) proposes that speech comprehension is concurrently governed by multiple types of probabilistic constraints (e.g. syntax, semantics, world knowledge), generated by individual words as they are sequentially heard. There is no delay in the utilization of these multifaceted constraints once they become available, neither is a fixed priority assigned to one type of constraint over another; rather, it is the interpretative coherence of all available constraints that forms the basis for successful language comprehension (Altmann, 1998). Although lexical constraints of individual words can be estimated from large corpora data, it has been challenging to model the dynamic interplay between various types of linguistic and non-linguistic constraints in a specific context, especially at the sentence level and beyond. Contemporary deep language models (DLMs) have made great strides in a wide array of natural language processing tasks, including text generation, parsing, and translation (Vaswani, 2017; Devlin et al., 2019; Brown, 2020; Ouyang et al., 2022). While current DLMs are still imperfect in terms of human-level language understanding related to reasoning and complex physical or social situations (Bisk et al., 2020), they are arguably valuable models of general linguistic capacities due to their ability to identify and leverage relevant statistical regularities of linguistic and non-linguistic world knowledge present in massive training data (Linzen and Baroni, 2021; Pavlick, 2022). Human language comprehension requires a contextualized integration of multifaceted constraints (Tyler and Marslen-Wilson, 1977; Marslen-Wilson, 1975; Kuperberg, 2007). In this regard, DLMs excel in flexible combination of different types of features (e.g. syntactic structure and semantic meaning) embedded in their rich internal representations (Linzen and Baroni, 2021; Pavlick, 2022; Bengio et al., 2021; Manning et al., 2020). Their deep contextualized representations capture the distributed regularities that jointly determine the coherent interpretation of a given sentence, providing context-dependent composition and quantitative measures of the underlying sentential structure. These properties relate back to Elman's recurrent neural network (Elman, 1990; Elman, 1993) which automatically picks up and encodes lexical syntactic/semantic information in the hidden states. Recent studies have revealed an overall congruence between language representations in DLMs and those observed in the human brain while processing the same spoken or written input (Schrimpf et al., 2021; Goldstein et al., 2022; Heilbron et al., 2022; Toneva et al., 2022; Caucheteux et al., 2022; Caucheteux and King, 2022; Caucheteux et al., 2023), suggesting the potential value of DLMs as a computational tool to investigate the neural basis of language comprehension. To move beyond comparing the similarities between entire model hidden states and brain activity, probing techniques that can extract specific contents from DLMs (Hewitt and Liang, 2019; Tenney, 2019) make it possible to study the neural dynamics relevant to processing such specific information. The important advance here is that we can leverage the deep learning strengths of DLMs to create rigorously quantified models of the broader and multifaceted constraint environment in which a structured interpretation is constructed. Such models can be compared, dynamically, with more restricted and interpretable factors that capture the specific linguistic combinatorial constraints necessary for successful language comprehension. Here, we take this approach further by designing sentences with contrasting linguistic structures and using a structural probe technique (Hewitt and Manning, 2019) to extract word-by-word contextualized representations of sentential structures from a widely used DLM, namely, BERT (Devlin et al., 2019). This provides the neurocomputational specificity required to elucidate the neural dynamics underlying the incremental construction of a structured interpretation from an unfolding spoken sentence. After a detailed evaluation of BERT structural measures according to the hypothesized constraint-based approach and human behavioural results, we used spatiotemporal searchlight representational similarity analysis (ssRSA) (Kriegeskorte et al., 2008) to test these quantitative structural measures and relevant lexical properties against source-localized EMEG data recorded while participants were listening to the same sentences. Our findings reveal how the structured interpretation of a spoken sentence is incrementally built under multifaceted probabilistic constraints in the brain. Results We constructed 60 sets of sentences with varying sentential structures (see 'Materials and methods') and presented them to human listeners. We also input them word-by-word to BERT to extract incremental structural representations. These natural spoken sentences were constructed to balance off specifically linguistic constraints on interpretation against varying non-linguistic constraints as the sentence is incrementally interpreted, providing a realistic simulation of real-life language use. In each stimulus set, there are two target sentences differing only in the transitivity of the first verb (Verb1) encountered, that is, how likely it is that Verb1 takes a direct object see [a] and [b] below and Figure 1: The dog found in the park was covered in mud. The dog walked in the park was covered in mud. Figure 1 Download asset Open asset Example spoken sentence stimuli and plausible structured interpretations. The two target sentences in each set differ only in the transitivity of the first verb (Verb1). Each sentence has two possible structured interpretations before the actual main verb is presented: an active interpretation, where the subject noun (SN) performs the action, and a passive interpretation, where the SN is the recipient of the action. The interpretative preference hinges on the likelihood of the SN acting as an agent or a patient (i.e. its thematic role) in conjunction with the transitivity of Verb1. As the sentence progresses to the prepositional phrase, a combination of higher SN agenthood and greater Verb1 intransitivity (i.e. a higher active index) generally favours an active interpretation. Conversely, increased SN patienthood coupled with higher Verb1 transitivity (i.e. a higher passive index) may lead to a passive interpretation. Note that while the SN is the same for the two target sentences within the same set, it varies across different sentence sets. All images were generated using Midjourney for illustrative purposes. In the first sentence, Verb1 (i.e. 'found') has high transitivity (HiTrans) and strongly prefers a direct object (e.g. ball), while in the second sentence, Verb1 (i.e. 'walked') has relatively low transitivity (LoTrans) and is often used without a following direct object. Critically, the structural interpretation of these sentences is ambiguous at the point Verb1 is encountered, and the preferred human resolution of this ambiguity depends on the real-time integration of linguistic and non-linguistic constraints as more of the sentence is heard. In the example above, the sequence ""The dog found …"" could initially have either an active interpretation – where the dog has found something – or a passive interpretation – where the dog is found by someone (Figure 1). Because 'find' is primarily a transitive verb, the human listener is likely to be biased towards an initial active interpretation. Similarly, the sequence ""The dog walked …"", where walk is primarily used as an intransitive verb (without a direct object), could also bias the listener to an active interpretation, where the dog is doing the walking, rather than the less frequent passive interpretation where someone is taking the dog for a walk (i.e. walking the dog). This initial structural interpretation up to Verb1 does not, however, just depend on linguistic knowledge such as Verb1 transitivity. It also depends on non-linguistic information, that is, how likely the subject is (or is not) to adopt the active (agent) role to perform the specified action (Dowty, 1991; Marslenwilson et al., 1993), that is, 'thematic role' properties of the subject noun. Although it could be reflected by statistical regularities in language, thematic role preference hinges more on world knowledge, plausibility, or real-world statistics. So, regardless of Verb1 transitivity, the active interpretation should be more strongly favoured in ""The king found/walked …"" given the higher agenthood of the 'king' and thus the greater implausibility of a passive interpretation involving a 'king' relative to a 'dog'. Hence, the word-by-word interpretation of the sentential structure – and of the real-world event structure evoked by this interpretation – is determined by the constraints jointly placed by the subject noun and Verb1, which is manifested by the interpretative coherence between non-linguistic world knowledge (i.e. thematic role preference) and linguistic knowledge (i.e. verb transitivity). As the sentence evolves, and the prepositional phrase 'in the park' that follows Verb1 is incrementally processed, there is further modulation of the preferred interpretation, again reflecting both Verb1 transitivity and the plausibility of the event being constructed. Specifically, the passive interpretation will become more preferred in a HiTrans sentence, given the absence of an expected direct object for the highly transitive Verb1, so Verb1 tends to be interpreted as a passive verb [i.e. the head of a reduced relative clause in ""The dog (that was) found in the park …""]. Conversely, in a LoTrans sentence, the active interpretation of Verb1 is strengthened by the incoming prepositional phrase, which is in accord with the verb's intransitive use and the event conjured up by the sequence of words heard so far (e.g. ""The dog walked in the park …""). Hence, these two sentence types are likely to differ in the structural interpretation preferred by the end of the prepositional phrase. However, with the appearance of the actual main verb (e.g. 'was covered' in the example sentences), the active interpretation of Verb1 as the main verb will be completely rejected, which resolves the potential ambiguity and confirms the passive interpretation in both HiTrans and LoTrans sentences. In brief, understanding these complex sentences require listeners to integrate discontinuous words to solve a long-distance dependency between the subject noun and the actual main verb separated by an intervening clause. This engages the neurobiological processes of integration across different lexical constraints and multiple levels of the sentence processing system. For example, the incremental building, maintenance, and update of sentential structure over time might primarily involve activity in the fronto-temporal regions (Friederici, 2012), while estimating the plausibility of the event interpreted from the sentence with prior knowledge of the world may elicit neural responses in the default mode network (DMN) (Yeshurun et al., 2021). Human incremental structural interpretations As the first step, and to quantify how the stimulus sentences exemplified a constraint-based account of incremental structural interpretation, we conducted two pre-tests where participants listened to sentence fragments, starting from sentence onset and continuing either until the end of Verb1 or to the end of the prepositional phrase (Figure 2A), and then produced a continuation to complete the sentence (see 'Materials and methods'). Based on the continuations provided by the listeners at these two gating points, we can infer their online structural interpretations. Figure 2 Download asset Open asset Human incremental structural interpretations derived from continuation pre-tests. (A) An example set of target sentences differing only in the transitivity of Verb1, HiTrans: high transitivity; LoTrans: low transitivity. Det: determiner; SN: subject noun; V1: Verb1; PP1–PP3: prepositional phrase; MV: main verb; END: the last word in the sentence. (B) Probability of a direct object (left) and a prepositional phrase (right) continuation after Verb1. (C) Probability of a main verb in the continuations after Verb1, which indicates an active interpretation. (D) Correlations between corpus-based lexical constraints and probabilistic interpretations in the two pre-tests (Spearman rank correlation, black dots indicate significance determined by 10,000 permutations, PFDR<0.05 corrected). In the continuations after Verb1, a direct object was more likely to be found in HiTrans sentences, indicating a transitive use of Verb1, while an opposite pattern was found for a PP continuation, indicating an intransitive use of Verb1 (Figure 2B). As expected, the probability of a main verb (MV) in the continuations after the prepositional phrase was lower in LoTrans sentences (Figure 2C), suggesting that listeners preferred the active interpretation and tended to interpret Verb1 as the main verb by the end of the prepositional phrase in LoTrans sentences, and vice versa in HiTrans sentences. Crucially, neither of the two pre-tests resulted in a complete separation between HiTrans and LoTrans sentences; instead, they were characterized by two different but overlapping probabilistic distributions. This finding suggests that passive and active interpretations varied in plausibility in each sentence type before the actual main verb was presented, reflecting the probabilistic constraints jointly placed by the combination of the specific subject noun, Verb1, and the prepositional phrase in each sentence. To relate these human interpretative preferences to the broader landscape of distributional language data, we developed corpus-based measures of the thematic role preference of the subject noun (i.e. how likely it is interpreted as an agent that conducts an action) and the transitivity of Verb1 in each sentence, from which we derived a passive index and an active index (see 'Materials and methods'). These indices separately capture the interpretative coherence between these two lexical properties towards passive and active interpretations. Both high subject noun agenthood and low Verb1 transitivity coherently preferred an active interpretation as the prepositional phrase was heard (i.e. a high active index), and vice versa for the passive interpretation (i.e. a high passive index). In accord with the constraint-based hypothesis, we found that human interpretative preference for the two types of sentences was significantly correlated with the lexical constraints placed by the subject noun and Verb1 (Figure 2D). Incremental structural representations extracted from BERT Next, we extracted structural representations at various positions in the same sentences from BERT and evaluated them according to the constraint-based hypothesis and human behavioural results. This evaluation is needed to motivate the use of BERT structural measures to reveal how the structured interpretation of a spoken sentence is incrementally built in the brain. Typically, the structure of a sentence can be represented by a dependency parse tree (MacCartney and Manning, 2006), where words are situated at different depths given their structural dependency (Figure 3A). Each edge links two structurally proximate words as being the head and the dependent separately (e.g. a verb and its direct object). However, such a parse tree is context-free, that is, it only captures the syntactic relation between each pair of words and abstracts away from the specific lexical (and higher order) contents of the sentence that constrain its structural interpretation. This context-free parse depth is always the same for words at the same position in sentences with the same structured interpretation (e.g. 'found' and 'walked' in either of the two parse trees in Figure 3A). Figure 3 with 3 supplements see all Download asset Open asset Incremental interpretation of sentential structure by BERT. (A) Context-free dependency parse trees of two plausible structural interpretations. Left: passive interpretation where V1 is the head of a reduced relative clause. Right:aActive interpretation where V1 is the main verb. (B) Incremental input to BERT structural probing model, with the lightness of dots encoding different positions in the target sentences. Det: determiner; SN: subject noun; V1: Verb1; PP1–PP3: prepositional phrase; MV: main verb; END: the last word in the sentence. (C) BERT structural probing model is trained to output a parse depth vector, representing the parse depths of all the words in the sentence input. The BERT parse depth for a specific word is updated incrementally as the sentence unfolds word-by-word. In this example, the parse depth of 'found' increases with the presence of the prepositional phrase, indicating an increased preference for the passive interpretation according to the context-free parse depths in (A). (D) Incremental interpretation of the dependency between SN and V1 in the model space consisting of the parse depth of Det, SN, and V1. Upper: Each coloured circle represents the parse depth vector up to V1 derived at a certain position in the sentence (with the same colour scheme as in B). The hollow triangle and circle represent the context-free dependency parse vectors for passive and active interpretations in (A). Lower: incremental interpretation of the two target sentence types represented by the trajectories of median parse depth. (E) Distance from passive and active landmarks in the model space as the sentence unfolds (between each coloured circle and the two landmarks in the upper panel of D) (two-tailed two-sample t-test, *p<0.05, **p<0.001, n = 60 for both HiTrans and LoTrans sentences, error bars represent SEM). To obtain structural measures that also encode the specific lexical contents in a sentence, we adopted a structural probing technique (Hewitt and Manning, 2019) to reconstruct a sentence's structure by estimating each word's parse depth based on their contextualized representations generated by BERT (see 'Materials and methods'). Note that BERT is a multi-layer DLM (24 layers in the version used in this study) which may distribute different aspects of its computational solutions over multiple layers. Accordingly, we trained a structural probing model for each layer and selected the one with the most accurate structural representations while also including its neighbouring layers to cover relevant upstream and downstream information. Following this strategy, we used the BERT structural measures obtained from layers 12–16 with the best performance achieved in layer 14 (see Figure 3—figure supplement 1 and 'Materials and methods'). We input each sentence word-by-word to the trained BERT structural probing models, focusing on the incremental structural representation being built as it progressed from Verb1 to the main verb (see examples in Figure 3B and C). Note that we defined the first word after the prepositional phrase as the main verb since its appearance is sufficient to resolve the intended structure where Verb1 is a passive verb. We found that, for each type of sentences, the BERT parse depth of words at the same position formed a distribution ranging around the corresponding context-free parse depths in either the passive or the active interpretation (see Figure 3—figure supplement 2), suggesting a word-specific rather than position-specific structural representation. In addition, we quantified the contributions of words at different positions to the variances encoded in BERT parse depth vectors. Our analysis revealed that content words contributed significantly more than function words (i.e. the determiners) (see Figure 3—figure supplement 3). Then we visualized BERT's word-by-word structural measures, focusing on the dependency between the subject noun and Verb1 that is core to the current interpretation of the sentence – whether the subject noun is the agent or the patient of Verb1. To this end, we built a three-dimensional (3D) vector including BERT parse depths of the first three words up to Verb1 for each sentence (e.g. ""The dog found …""). This 3D vector was updated incrementally with each additional word in the input, thereby capturing the dynamic interpretation of the structural dependency between the subject noun and Verb1, influenced by the context provided by subsequent words in a specific sentence. Like the probabilistic interpretation found within each type of sentences in human listeners, trajectories of individual HiTrans and LoTrans sentences are considerably distributed and intertwined (see the upper panel of Figure 3D), implying that BERT structural interpretations are sensitive to the idiosyncratic contents in each sentence. To make sense of these trajectories, we also vectorized the context-free parse depth of the first three words indicating passive and active interpretations (Figure 3A) separately and located them in the 3D vector space as landmarks (hollow triangle and circle in Figure 3D), so that the plausibility of either interpretation can be estimated by a sentence's distance from its landmark. As shown by the trajectories of the median BERT parse depth of the two sentence types (see the lower panel of Figure 3D), in general, HiTrans sentences continuously moved towards the passive interpretation landmark after Verb1, with a significant change of distances detected at the main verb (see the orange bars in Figure 3E). LoTrans sentences started by approaching the active interpretation landmark but were reorientated to the passive counterpart with the appearance of the actual main verb, with significant changes of distances detected at both Verb1 and main verb (see the purple bars in Figure 3E). These results resemble the pattern of human interpretative preference observed in the continuation pre-tests (Figure 2C), where the passive and active interpretations were separately preferred in HiTrans and LoTrans sentences by the end of the prepositional phrase in a probabilistic manner, before the passive interpretation was established with the appearance of the actual main verb. BERT structural measures are correlated with constraints driving human interpretation To further assess whether BERT's preferences for structural interpretation align with the constraints considered by human listeners during speech comprehension, we correlated BERT structural measures with relevant corpus-based measures and human behavioural data (see 'Materials and methods). We first focused on BERT's interpretative mismatch quantified as the distance between an unfolding sentence and each of the two landmarks in the model space, which was dynamically updated as the sentence unfolded (Figure 3D). Consistently, from the incoming prepositional phrase to the main verb, sentences that are closer to the passive landmark in the model space have higher Verb1 transitivity, a higher passive index but a lower active index, while sentences closer to the active interpretation landmark exhibited higher active index and lower passive index (Figure 4A and B). Moreover, at the beginning of the prepositional phrase, the change of distance towards either interpretation landmark between two consecutive words is also correlated with these constraints (Figure 4C and D), suggesting an immediate update in the structural interpretation in combination with the accumulated constraints from the preceding subject noun and Verb1. Figure 4 with 3 supplements see all Download asset Open asset Correlation between incremental BERT structural measures and explanatory variables. BERT structural measures include (A, B) BERT interpretative mismatch represented by each sentence's distance from the two landmarks in model space (Figure 3D); (C, D) dynamic updates of BERT interpretative mismatch represented by each sentence's movement to the two landmarks; (E, F) overall structural representations captured by the first two principal components (i.e. PC1 and PC2) of BERT parse depth vectors; (G, H) BERT Verb1 (V1) parse depth and its dynamic updates. Explanatory variables include lexical constraints derived from massive corpora and the main verb probability derived from the continuation pre-test (Spearman correlation, permutation test, PFDR<0.05, multiple comparisons corrected for all BERT layers, results shown here are based on layer 14, see Figure 4—figure supplements 1–3 for the results of all layers, see Figure 7—figure supplement 1 for the dynamic change of Verb1 parse depth); PP1–PP3: prepositional phrase; MV: main verb; END: the last word in the sentence. Moreover, we found that both the incremental BERT parse depth vectors as a whole (which are captured by their principal components) and the BERT parse depth of Verb1 (which is the most indicative marker of the interpretation preferred) are correlated with the constraints placed by the subject noun and Verb1 (Figure 4E–H). Moreover, the significant effects consistently found as the sentence unfolds suggest that properties of preceding words are used to constrain the interpretation of the upcoming input, which is key to resolving discontinuous structural dependencies. In addition, we found that BERT structural interpretations were also correlated with the main verb probability in the continuation pre-test which directly reflects human interpretation preference (black bars in Figure 4). Overall, these results illustrated, at whi",
Reviewer #2 (Public Review): Finding structure during incremental speech comprehension,2024,,https://doi.org/10.7554/elife.89311.3.sa1,"Full text Figures and data Peer review Side by side Abstract eLife assessment Introduction Results Discussion Materials and methods Data availability References Article and author information Metrics Abstract A core aspect of human speech comprehension is the ability to incrementally integrate consecutive words into a structured and coherent interpretation, aligning with the speaker's intended meaning. This rapid process is subject to multidimensional probabilistic constraints, including both linguistic knowledge and non-linguistic information within specific contexts, and it is their interpretative coherence that drives successful comprehension. To study the neural substrates of this process, we extract word-by-word measures of sentential structure from BERT, a deep language model, which effectively approximates the coherent outcomes of the dynamic interplay among various types of constraints. Using representational similarity analysis, we tested BERT parse depths and relevant corpus-based measures against the spatiotemporally resolved brain activity recorded by electro-/magnetoencephalography when participants were listening to the same sentences. Our results provide a detailed picture of the neurobiological processes involved in the incremental construction of structured interpretations. These findings show when and where coherent interpretations emerge through the evaluation and integration of multifaceted constraints in the brain, which engages bilateral brain regions extending beyond the classical fronto-temporal language system. Furthermore, this study provides empirical evidence supporting the use of artificial neural networks as computational models for revealing the neural dynamics underpinning complex cognitive processes in the brain. eLife assessment This valuable study provides insights into how the brain parses the syntactic structure of a spoken sentence. Convincing evidence is provided that distributive cortical networks are engaged for incremental parsing of a sentence, and neural activity recorded by MEG correlates with sentence structure measures extracted by a deep neural network language model, that is, BERT. A contribution of the work is to use a deep neural network model to quantify how the mental representation of syntactic structure updates as a sentence unfolds in time. https://doi.org/10.7554/eLife.89311.3.sa0 About eLife assessments Introduction Human speech comprehension involves a complex set of processes that transform an auditory input into the speaker's intended meaning, wherein each word is sequentially recognized and integrated with the preceding words to obtain a coherent interpretation (Marslen-Wilson and Tyler, 1980; Choi et al., 2021; Lyu et al., 2019). Crucially, rather than simple linear concatenation, individual words are combined according to the non-linear and often discontinuous structure embedded in an utterance as it is delivered over time (Everaert et al., 2015). For example, in the sentence ""The boy who chased the cat was …"", it is the structurally close word 'boy', rather than the linearly close word 'cat', that is combined with 'was'. However, the neural dynamics underpinning the incremental construction of a structured interpretation from a spoken sentence is still unclear. Previous neuroimaging studies on the structure of language primarily focused on syntax (Matchin and Hickok, 2020), contrasting grammatical sentences against word lists or sentences with syntactic violations (Law and Pylkkänen, 2021; Nelson et al., 2017), manipulating the syntactic complexity in sentences (Pallier et al., 2011), or studying artificial grammatical rules elicited by structured, unintelligible strings (Friederici et al., 2006). Nevertheless, finding the structure in an unfolding sentence also depends on the constraints jointly placed by other linguistic properties and non-linguistic information such as the broad world knowledge (Bever, 1970; Tyler and Marslen-Wilson, 1977). Unlike the two-stage model (Frazier, 1987; Frazier and Rayner, 1982) which posits an initial parsing stage relying solely on syntax, the constraint-based approach to sentence processing (MacDonald et al., 1994; Trueswell and Tanenhaus, 1994) proposes that speech comprehension is concurrently governed by multiple types of probabilistic constraints (e.g. syntax, semantics, world knowledge), generated by individual words as they are sequentially heard. There is no delay in the utilization of these multifaceted constraints once they become available, neither is a fixed priority assigned to one type of constraint over another; rather, it is the interpretative coherence of all available constraints that forms the basis for successful language comprehension (Altmann, 1998). Although lexical constraints of individual words can be estimated from large corpora data, it has been challenging to model the dynamic interplay between various types of linguistic and non-linguistic constraints in a specific context, especially at the sentence level and beyond. Contemporary deep language models (DLMs) have made great strides in a wide array of natural language processing tasks, including text generation, parsing, and translation (Vaswani, 2017; Devlin et al., 2019; Brown, 2020; Ouyang et al., 2022). While current DLMs are still imperfect in terms of human-level language understanding related to reasoning and complex physical or social situations (Bisk et al., 2020), they are arguably valuable models of general linguistic capacities due to their ability to identify and leverage relevant statistical regularities of linguistic and non-linguistic world knowledge present in massive training data (Linzen and Baroni, 2021; Pavlick, 2022). Human language comprehension requires a contextualized integration of multifaceted constraints (Tyler and Marslen-Wilson, 1977; Marslen-Wilson, 1975; Kuperberg, 2007). In this regard, DLMs excel in flexible combination of different types of features (e.g. syntactic structure and semantic meaning) embedded in their rich internal representations (Linzen and Baroni, 2021; Pavlick, 2022; Bengio et al., 2021; Manning et al., 2020). Their deep contextualized representations capture the distributed regularities that jointly determine the coherent interpretation of a given sentence, providing context-dependent composition and quantitative measures of the underlying sentential structure. These properties relate back to Elman's recurrent neural network (Elman, 1990; Elman, 1993) which automatically picks up and encodes lexical syntactic/semantic information in the hidden states. Recent studies have revealed an overall congruence between language representations in DLMs and those observed in the human brain while processing the same spoken or written input (Schrimpf et al., 2021; Goldstein et al., 2022; Heilbron et al., 2022; Toneva et al., 2022; Caucheteux et al., 2022; Caucheteux and King, 2022; Caucheteux et al., 2023), suggesting the potential value of DLMs as a computational tool to investigate the neural basis of language comprehension. To move beyond comparing the similarities between entire model hidden states and brain activity, probing techniques that can extract specific contents from DLMs (Hewitt and Liang, 2019; Tenney, 2019) make it possible to study the neural dynamics relevant to processing such specific information. The important advance here is that we can leverage the deep learning strengths of DLMs to create rigorously quantified models of the broader and multifaceted constraint environment in which a structured interpretation is constructed. Such models can be compared, dynamically, with more restricted and interpretable factors that capture the specific linguistic combinatorial constraints necessary for successful language comprehension. Here, we take this approach further by designing sentences with contrasting linguistic structures and using a structural probe technique (Hewitt and Manning, 2019) to extract word-by-word contextualized representations of sentential structures from a widely used DLM, namely, BERT (Devlin et al., 2019). This provides the neurocomputational specificity required to elucidate the neural dynamics underlying the incremental construction of a structured interpretation from an unfolding spoken sentence. After a detailed evaluation of BERT structural measures according to the hypothesized constraint-based approach and human behavioural results, we used spatiotemporal searchlight representational similarity analysis (ssRSA) (Kriegeskorte et al., 2008) to test these quantitative structural measures and relevant lexical properties against source-localized EMEG data recorded while participants were listening to the same sentences. Our findings reveal how the structured interpretation of a spoken sentence is incrementally built under multifaceted probabilistic constraints in the brain. Results We constructed 60 sets of sentences with varying sentential structures (see 'Materials and methods') and presented them to human listeners. We also input them word-by-word to BERT to extract incremental structural representations. These natural spoken sentences were constructed to balance off specifically linguistic constraints on interpretation against varying non-linguistic constraints as the sentence is incrementally interpreted, providing a realistic simulation of real-life language use. In each stimulus set, there are two target sentences differing only in the transitivity of the first verb (Verb1) encountered, that is, how likely it is that Verb1 takes a direct object see [a] and [b] below and Figure 1: The dog found in the park was covered in mud. The dog walked in the park was covered in mud. Figure 1 Download asset Open asset Example spoken sentence stimuli and plausible structured interpretations. The two target sentences in each set differ only in the transitivity of the first verb (Verb1). Each sentence has two possible structured interpretations before the actual main verb is presented: an active interpretation, where the subject noun (SN) performs the action, and a passive interpretation, where the SN is the recipient of the action. The interpretative preference hinges on the likelihood of the SN acting as an agent or a patient (i.e. its thematic role) in conjunction with the transitivity of Verb1. As the sentence progresses to the prepositional phrase, a combination of higher SN agenthood and greater Verb1 intransitivity (i.e. a higher active index) generally favours an active interpretation. Conversely, increased SN patienthood coupled with higher Verb1 transitivity (i.e. a higher passive index) may lead to a passive interpretation. Note that while the SN is the same for the two target sentences within the same set, it varies across different sentence sets. All images were generated using Midjourney for illustrative purposes. In the first sentence, Verb1 (i.e. 'found') has high transitivity (HiTrans) and strongly prefers a direct object (e.g. ball), while in the second sentence, Verb1 (i.e. 'walked') has relatively low transitivity (LoTrans) and is often used without a following direct object. Critically, the structural interpretation of these sentences is ambiguous at the point Verb1 is encountered, and the preferred human resolution of this ambiguity depends on the real-time integration of linguistic and non-linguistic constraints as more of the sentence is heard. In the example above, the sequence ""The dog found …"" could initially have either an active interpretation – where the dog has found something – or a passive interpretation – where the dog is found by someone (Figure 1). Because 'find' is primarily a transitive verb, the human listener is likely to be biased towards an initial active interpretation. Similarly, the sequence ""The dog walked …"", where walk is primarily used as an intransitive verb (without a direct object), could also bias the listener to an active interpretation, where the dog is doing the walking, rather than the less frequent passive interpretation where someone is taking the dog for a walk (i.e. walking the dog). This initial structural interpretation up to Verb1 does not, however, just depend on linguistic knowledge such as Verb1 transitivity. It also depends on non-linguistic information, that is, how likely the subject is (or is not) to adopt the active (agent) role to perform the specified action (Dowty, 1991; Marslenwilson et al., 1993), that is, 'thematic role' properties of the subject noun. Although it could be reflected by statistical regularities in language, thematic role preference hinges more on world knowledge, plausibility, or real-world statistics. So, regardless of Verb1 transitivity, the active interpretation should be more strongly favoured in ""The king found/walked …"" given the higher agenthood of the 'king' and thus the greater implausibility of a passive interpretation involving a 'king' relative to a 'dog'. Hence, the word-by-word interpretation of the sentential structure – and of the real-world event structure evoked by this interpretation – is determined by the constraints jointly placed by the subject noun and Verb1, which is manifested by the interpretative coherence between non-linguistic world knowledge (i.e. thematic role preference) and linguistic knowledge (i.e. verb transitivity). As the sentence evolves, and the prepositional phrase 'in the park' that follows Verb1 is incrementally processed, there is further modulation of the preferred interpretation, again reflecting both Verb1 transitivity and the plausibility of the event being constructed. Specifically, the passive interpretation will become more preferred in a HiTrans sentence, given the absence of an expected direct object for the highly transitive Verb1, so Verb1 tends to be interpreted as a passive verb [i.e. the head of a reduced relative clause in ""The dog (that was) found in the park …""]. Conversely, in a LoTrans sentence, the active interpretation of Verb1 is strengthened by the incoming prepositional phrase, which is in accord with the verb's intransitive use and the event conjured up by the sequence of words heard so far (e.g. ""The dog walked in the park …""). Hence, these two sentence types are likely to differ in the structural interpretation preferred by the end of the prepositional phrase. However, with the appearance of the actual main verb (e.g. 'was covered' in the example sentences), the active interpretation of Verb1 as the main verb will be completely rejected, which resolves the potential ambiguity and confirms the passive interpretation in both HiTrans and LoTrans sentences. In brief, understanding these complex sentences require listeners to integrate discontinuous words to solve a long-distance dependency between the subject noun and the actual main verb separated by an intervening clause. This engages the neurobiological processes of integration across different lexical constraints and multiple levels of the sentence processing system. For example, the incremental building, maintenance, and update of sentential structure over time might primarily involve activity in the fronto-temporal regions (Friederici, 2012), while estimating the plausibility of the event interpreted from the sentence with prior knowledge of the world may elicit neural responses in the default mode network (DMN) (Yeshurun et al., 2021). Human incremental structural interpretations As the first step, and to quantify how the stimulus sentences exemplified a constraint-based account of incremental structural interpretation, we conducted two pre-tests where participants listened to sentence fragments, starting from sentence onset and continuing either until the end of Verb1 or to the end of the prepositional phrase (Figure 2A), and then produced a continuation to complete the sentence (see 'Materials and methods'). Based on the continuations provided by the listeners at these two gating points, we can infer their online structural interpretations. Figure 2 Download asset Open asset Human incremental structural interpretations derived from continuation pre-tests. (A) An example set of target sentences differing only in the transitivity of Verb1, HiTrans: high transitivity; LoTrans: low transitivity. Det: determiner; SN: subject noun; V1: Verb1; PP1–PP3: prepositional phrase; MV: main verb; END: the last word in the sentence. (B) Probability of a direct object (left) and a prepositional phrase (right) continuation after Verb1. (C) Probability of a main verb in the continuations after Verb1, which indicates an active interpretation. (D) Correlations between corpus-based lexical constraints and probabilistic interpretations in the two pre-tests (Spearman rank correlation, black dots indicate significance determined by 10,000 permutations, PFDR<0.05 corrected). In the continuations after Verb1, a direct object was more likely to be found in HiTrans sentences, indicating a transitive use of Verb1, while an opposite pattern was found for a PP continuation, indicating an intransitive use of Verb1 (Figure 2B). As expected, the probability of a main verb (MV) in the continuations after the prepositional phrase was lower in LoTrans sentences (Figure 2C), suggesting that listeners preferred the active interpretation and tended to interpret Verb1 as the main verb by the end of the prepositional phrase in LoTrans sentences, and vice versa in HiTrans sentences. Crucially, neither of the two pre-tests resulted in a complete separation between HiTrans and LoTrans sentences; instead, they were characterized by two different but overlapping probabilistic distributions. This finding suggests that passive and active interpretations varied in plausibility in each sentence type before the actual main verb was presented, reflecting the probabilistic constraints jointly placed by the combination of the specific subject noun, Verb1, and the prepositional phrase in each sentence. To relate these human interpretative preferences to the broader landscape of distributional language data, we developed corpus-based measures of the thematic role preference of the subject noun (i.e. how likely it is interpreted as an agent that conducts an action) and the transitivity of Verb1 in each sentence, from which we derived a passive index and an active index (see 'Materials and methods'). These indices separately capture the interpretative coherence between these two lexical properties towards passive and active interpretations. Both high subject noun agenthood and low Verb1 transitivity coherently preferred an active interpretation as the prepositional phrase was heard (i.e. a high active index), and vice versa for the passive interpretation (i.e. a high passive index). In accord with the constraint-based hypothesis, we found that human interpretative preference for the two types of sentences was significantly correlated with the lexical constraints placed by the subject noun and Verb1 (Figure 2D). Incremental structural representations extracted from BERT Next, we extracted structural representations at various positions in the same sentences from BERT and evaluated them according to the constraint-based hypothesis and human behavioural results. This evaluation is needed to motivate the use of BERT structural measures to reveal how the structured interpretation of a spoken sentence is incrementally built in the brain. Typically, the structure of a sentence can be represented by a dependency parse tree (MacCartney and Manning, 2006), where words are situated at different depths given their structural dependency (Figure 3A). Each edge links two structurally proximate words as being the head and the dependent separately (e.g. a verb and its direct object). However, such a parse tree is context-free, that is, it only captures the syntactic relation between each pair of words and abstracts away from the specific lexical (and higher order) contents of the sentence that constrain its structural interpretation. This context-free parse depth is always the same for words at the same position in sentences with the same structured interpretation (e.g. 'found' and 'walked' in either of the two parse trees in Figure 3A). Figure 3 with 3 supplements see all Download asset Open asset Incremental interpretation of sentential structure by BERT. (A) Context-free dependency parse trees of two plausible structural interpretations. Left: passive interpretation where V1 is the head of a reduced relative clause. Right:aActive interpretation where V1 is the main verb. (B) Incremental input to BERT structural probing model, with the lightness of dots encoding different positions in the target sentences. Det: determiner; SN: subject noun; V1: Verb1; PP1–PP3: prepositional phrase; MV: main verb; END: the last word in the sentence. (C) BERT structural probing model is trained to output a parse depth vector, representing the parse depths of all the words in the sentence input. The BERT parse depth for a specific word is updated incrementally as the sentence unfolds word-by-word. In this example, the parse depth of 'found' increases with the presence of the prepositional phrase, indicating an increased preference for the passive interpretation according to the context-free parse depths in (A). (D) Incremental interpretation of the dependency between SN and V1 in the model space consisting of the parse depth of Det, SN, and V1. Upper: Each coloured circle represents the parse depth vector up to V1 derived at a certain position in the sentence (with the same colour scheme as in B). The hollow triangle and circle represent the context-free dependency parse vectors for passive and active interpretations in (A). Lower: incremental interpretation of the two target sentence types represented by the trajectories of median parse depth. (E) Distance from passive and active landmarks in the model space as the sentence unfolds (between each coloured circle and the two landmarks in the upper panel of D) (two-tailed two-sample t-test, *p<0.05, **p<0.001, n = 60 for both HiTrans and LoTrans sentences, error bars represent SEM). To obtain structural measures that also encode the specific lexical contents in a sentence, we adopted a structural probing technique (Hewitt and Manning, 2019) to reconstruct a sentence's structure by estimating each word's parse depth based on their contextualized representations generated by BERT (see 'Materials and methods'). Note that BERT is a multi-layer DLM (24 layers in the version used in this study) which may distribute different aspects of its computational solutions over multiple layers. Accordingly, we trained a structural probing model for each layer and selected the one with the most accurate structural representations while also including its neighbouring layers to cover relevant upstream and downstream information. Following this strategy, we used the BERT structural measures obtained from layers 12–16 with the best performance achieved in layer 14 (see Figure 3—figure supplement 1 and 'Materials and methods'). We input each sentence word-by-word to the trained BERT structural probing models, focusing on the incremental structural representation being built as it progressed from Verb1 to the main verb (see examples in Figure 3B and C). Note that we defined the first word after the prepositional phrase as the main verb since its appearance is sufficient to resolve the intended structure where Verb1 is a passive verb. We found that, for each type of sentences, the BERT parse depth of words at the same position formed a distribution ranging around the corresponding context-free parse depths in either the passive or the active interpretation (see Figure 3—figure supplement 2), suggesting a word-specific rather than position-specific structural representation. In addition, we quantified the contributions of words at different positions to the variances encoded in BERT parse depth vectors. Our analysis revealed that content words contributed significantly more than function words (i.e. the determiners) (see Figure 3—figure supplement 3). Then we visualized BERT's word-by-word structural measures, focusing on the dependency between the subject noun and Verb1 that is core to the current interpretation of the sentence – whether the subject noun is the agent or the patient of Verb1. To this end, we built a three-dimensional (3D) vector including BERT parse depths of the first three words up to Verb1 for each sentence (e.g. ""The dog found …""). This 3D vector was updated incrementally with each additional word in the input, thereby capturing the dynamic interpretation of the structural dependency between the subject noun and Verb1, influenced by the context provided by subsequent words in a specific sentence. Like the probabilistic interpretation found within each type of sentences in human listeners, trajectories of individual HiTrans and LoTrans sentences are considerably distributed and intertwined (see the upper panel of Figure 3D), implying that BERT structural interpretations are sensitive to the idiosyncratic contents in each sentence. To make sense of these trajectories, we also vectorized the context-free parse depth of the first three words indicating passive and active interpretations (Figure 3A) separately and located them in the 3D vector space as landmarks (hollow triangle and circle in Figure 3D), so that the plausibility of either interpretation can be estimated by a sentence's distance from its landmark. As shown by the trajectories of the median BERT parse depth of the two sentence types (see the lower panel of Figure 3D), in general, HiTrans sentences continuously moved towards the passive interpretation landmark after Verb1, with a significant change of distances detected at the main verb (see the orange bars in Figure 3E). LoTrans sentences started by approaching the active interpretation landmark but were reorientated to the passive counterpart with the appearance of the actual main verb, with significant changes of distances detected at both Verb1 and main verb (see the purple bars in Figure 3E). These results resemble the pattern of human interpretative preference observed in the continuation pre-tests (Figure 2C), where the passive and active interpretations were separately preferred in HiTrans and LoTrans sentences by the end of the prepositional phrase in a probabilistic manner, before the passive interpretation was established with the appearance of the actual main verb. BERT structural measures are correlated with constraints driving human interpretation To further assess whether BERT's preferences for structural interpretation align with the constraints considered by human listeners during speech comprehension, we correlated BERT structural measures with relevant corpus-based measures and human behavioural data (see 'Materials and methods). We first focused on BERT's interpretative mismatch quantified as the distance between an unfolding sentence and each of the two landmarks in the model space, which was dynamically updated as the sentence unfolded (Figure 3D). Consistently, from the incoming prepositional phrase to the main verb, sentences that are closer to the passive landmark in the model space have higher Verb1 transitivity, a higher passive index but a lower active index, while sentences closer to the active interpretation landmark exhibited higher active index and lower passive index (Figure 4A and B). Moreover, at the beginning of the prepositional phrase, the change of distance towards either interpretation landmark between two consecutive words is also correlated with these constraints (Figure 4C and D), suggesting an immediate update in the structural interpretation in combination with the accumulated constraints from the preceding subject noun and Verb1. Figure 4 with 3 supplements see all Download asset Open asset Correlation between incremental BERT structural measures and explanatory variables. BERT structural measures include (A, B) BERT interpretative mismatch represented by each sentence's distance from the two landmarks in model space (Figure 3D); (C, D) dynamic updates of BERT interpretative mismatch represented by each sentence's movement to the two landmarks; (E, F) overall structural representations captured by the first two principal components (i.e. PC1 and PC2) of BERT parse depth vectors; (G, H) BERT Verb1 (V1) parse depth and its dynamic updates. Explanatory variables include lexical constraints derived from massive corpora and the main verb probability derived from the continuation pre-test (Spearman correlation, permutation test, PFDR<0.05, multiple comparisons corrected for all BERT layers, results shown here are based on layer 14, see Figure 4—figure supplements 1–3 for the results of all layers, see Figure 7—figure supplement 1 for the dynamic change of Verb1 parse depth); PP1–PP3: prepositional phrase; MV: main verb; END: the last word in the sentence. Moreover, we found that both the incremental BERT parse depth vectors as a whole (which are captured by their principal components) and the BERT parse depth of Verb1 (which is the most indicative marker of the interpretation preferred) are correlated with the constraints placed by the subject noun and Verb1 (Figure 4E–H). Moreover, the significant effects consistently found as the sentence unfolds suggest that properties of preceding words are used to constrain the interpretation of the upcoming input, which is key to resolving discontinuous structural dependencies. In addition, we found that BERT structural interpretations were also correlated with the main verb probability in the continuation pre-test which directly reflects human interpretation preference (black bars in Figure 4). Overall, these results illustrated, at whi",
Author response: Finding structure during incremental speech comprehension,2024,"Bingjiang Lyu, William D. Marslen‐Wilson, Yuxing Fang, Lorraine K. Tyler",https://doi.org/10.7554/elife.89311.3.sa3,"Full text Figures and data Peer review Side by side Abstract eLife assessment Introduction Results Discussion Materials and methods Data availability References Article and author information Metrics Abstract A core aspect of human speech comprehension is the ability to incrementally integrate consecutive words into a structured and coherent interpretation, aligning with the speaker's intended meaning. This rapid process is subject to multidimensional probabilistic constraints, including both linguistic knowledge and non-linguistic information within specific contexts, and it is their interpretative coherence that drives successful comprehension. To study the neural substrates of this process, we extract word-by-word measures of sentential structure from BERT, a deep language model, which effectively approximates the coherent outcomes of the dynamic interplay among various types of constraints. Using representational similarity analysis, we tested BERT parse depths and relevant corpus-based measures against the spatiotemporally resolved brain activity recorded by electro-/magnetoencephalography when participants were listening to the same sentences. Our results provide a detailed picture of the neurobiological processes involved in the incremental construction of structured interpretations. These findings show when and where coherent interpretations emerge through the evaluation and integration of multifaceted constraints in the brain, which engages bilateral brain regions extending beyond the classical fronto-temporal language system. Furthermore, this study provides empirical evidence supporting the use of artificial neural networks as computational models for revealing the neural dynamics underpinning complex cognitive processes in the brain. eLife assessment This valuable study provides insights into how the brain parses the syntactic structure of a spoken sentence. Convincing evidence is provided that distributive cortical networks are engaged for incremental parsing of a sentence, and neural activity recorded by MEG correlates with sentence structure measures extracted by a deep neural network language model, that is, BERT. A contribution of the work is to use a deep neural network model to quantify how the mental representation of syntactic structure updates as a sentence unfolds in time. https://doi.org/10.7554/eLife.89311.3.sa0 About eLife assessments Introduction Human speech comprehension involves a complex set of processes that transform an auditory input into the speaker's intended meaning, wherein each word is sequentially recognized and integrated with the preceding words to obtain a coherent interpretation (Marslen-Wilson and Tyler, 1980; Choi et al., 2021; Lyu et al., 2019). Crucially, rather than simple linear concatenation, individual words are combined according to the non-linear and often discontinuous structure embedded in an utterance as it is delivered over time (Everaert et al., 2015). For example, in the sentence ""The boy who chased the cat was …"", it is the structurally close word 'boy', rather than the linearly close word 'cat', that is combined with 'was'. However, the neural dynamics underpinning the incremental construction of a structured interpretation from a spoken sentence is still unclear. Previous neuroimaging studies on the structure of language primarily focused on syntax (Matchin and Hickok, 2020), contrasting grammatical sentences against word lists or sentences with syntactic violations (Law and Pylkkänen, 2021; Nelson et al., 2017), manipulating the syntactic complexity in sentences (Pallier et al., 2011), or studying artificial grammatical rules elicited by structured, unintelligible strings (Friederici et al., 2006). Nevertheless, finding the structure in an unfolding sentence also depends on the constraints jointly placed by other linguistic properties and non-linguistic information such as the broad world knowledge (Bever, 1970; Tyler and Marslen-Wilson, 1977). Unlike the two-stage model (Frazier, 1987; Frazier and Rayner, 1982) which posits an initial parsing stage relying solely on syntax, the constraint-based approach to sentence processing (MacDonald et al., 1994; Trueswell and Tanenhaus, 1994) proposes that speech comprehension is concurrently governed by multiple types of probabilistic constraints (e.g. syntax, semantics, world knowledge), generated by individual words as they are sequentially heard. There is no delay in the utilization of these multifaceted constraints once they become available, neither is a fixed priority assigned to one type of constraint over another; rather, it is the interpretative coherence of all available constraints that forms the basis for successful language comprehension (Altmann, 1998). Although lexical constraints of individual words can be estimated from large corpora data, it has been challenging to model the dynamic interplay between various types of linguistic and non-linguistic constraints in a specific context, especially at the sentence level and beyond. Contemporary deep language models (DLMs) have made great strides in a wide array of natural language processing tasks, including text generation, parsing, and translation (Vaswani, 2017; Devlin et al., 2019; Brown, 2020; Ouyang et al., 2022). While current DLMs are still imperfect in terms of human-level language understanding related to reasoning and complex physical or social situations (Bisk et al., 2020), they are arguably valuable models of general linguistic capacities due to their ability to identify and leverage relevant statistical regularities of linguistic and non-linguistic world knowledge present in massive training data (Linzen and Baroni, 2021; Pavlick, 2022). Human language comprehension requires a contextualized integration of multifaceted constraints (Tyler and Marslen-Wilson, 1977; Marslen-Wilson, 1975; Kuperberg, 2007). In this regard, DLMs excel in flexible combination of different types of features (e.g. syntactic structure and semantic meaning) embedded in their rich internal representations (Linzen and Baroni, 2021; Pavlick, 2022; Bengio et al., 2021; Manning et al., 2020). Their deep contextualized representations capture the distributed regularities that jointly determine the coherent interpretation of a given sentence, providing context-dependent composition and quantitative measures of the underlying sentential structure. These properties relate back to Elman's recurrent neural network (Elman, 1990; Elman, 1993) which automatically picks up and encodes lexical syntactic/semantic information in the hidden states. Recent studies have revealed an overall congruence between language representations in DLMs and those observed in the human brain while processing the same spoken or written input (Schrimpf et al., 2021; Goldstein et al., 2022; Heilbron et al., 2022; Toneva et al., 2022; Caucheteux et al., 2022; Caucheteux and King, 2022; Caucheteux et al., 2023), suggesting the potential value of DLMs as a computational tool to investigate the neural basis of language comprehension. To move beyond comparing the similarities between entire model hidden states and brain activity, probing techniques that can extract specific contents from DLMs (Hewitt and Liang, 2019; Tenney, 2019) make it possible to study the neural dynamics relevant to processing such specific information. The important advance here is that we can leverage the deep learning strengths of DLMs to create rigorously quantified models of the broader and multifaceted constraint environment in which a structured interpretation is constructed. Such models can be compared, dynamically, with more restricted and interpretable factors that capture the specific linguistic combinatorial constraints necessary for successful language comprehension. Here, we take this approach further by designing sentences with contrasting linguistic structures and using a structural probe technique (Hewitt and Manning, 2019) to extract word-by-word contextualized representations of sentential structures from a widely used DLM, namely, BERT (Devlin et al., 2019). This provides the neurocomputational specificity required to elucidate the neural dynamics underlying the incremental construction of a structured interpretation from an unfolding spoken sentence. After a detailed evaluation of BERT structural measures according to the hypothesized constraint-based approach and human behavioural results, we used spatiotemporal searchlight representational similarity analysis (ssRSA) (Kriegeskorte et al., 2008) to test these quantitative structural measures and relevant lexical properties against source-localized EMEG data recorded while participants were listening to the same sentences. Our findings reveal how the structured interpretation of a spoken sentence is incrementally built under multifaceted probabilistic constraints in the brain. Results We constructed 60 sets of sentences with varying sentential structures (see 'Materials and methods') and presented them to human listeners. We also input them word-by-word to BERT to extract incremental structural representations. These natural spoken sentences were constructed to balance off specifically linguistic constraints on interpretation against varying non-linguistic constraints as the sentence is incrementally interpreted, providing a realistic simulation of real-life language use. In each stimulus set, there are two target sentences differing only in the transitivity of the first verb (Verb1) encountered, that is, how likely it is that Verb1 takes a direct object see [a] and [b] below and Figure 1: The dog found in the park was covered in mud. The dog walked in the park was covered in mud. Figure 1 Download asset Open asset Example spoken sentence stimuli and plausible structured interpretations. The two target sentences in each set differ only in the transitivity of the first verb (Verb1). Each sentence has two possible structured interpretations before the actual main verb is presented: an active interpretation, where the subject noun (SN) performs the action, and a passive interpretation, where the SN is the recipient of the action. The interpretative preference hinges on the likelihood of the SN acting as an agent or a patient (i.e. its thematic role) in conjunction with the transitivity of Verb1. As the sentence progresses to the prepositional phrase, a combination of higher SN agenthood and greater Verb1 intransitivity (i.e. a higher active index) generally favours an active interpretation. Conversely, increased SN patienthood coupled with higher Verb1 transitivity (i.e. a higher passive index) may lead to a passive interpretation. Note that while the SN is the same for the two target sentences within the same set, it varies across different sentence sets. All images were generated using Midjourney for illustrative purposes. In the first sentence, Verb1 (i.e. 'found') has high transitivity (HiTrans) and strongly prefers a direct object (e.g. ball), while in the second sentence, Verb1 (i.e. 'walked') has relatively low transitivity (LoTrans) and is often used without a following direct object. Critically, the structural interpretation of these sentences is ambiguous at the point Verb1 is encountered, and the preferred human resolution of this ambiguity depends on the real-time integration of linguistic and non-linguistic constraints as more of the sentence is heard. In the example above, the sequence ""The dog found …"" could initially have either an active interpretation – where the dog has found something – or a passive interpretation – where the dog is found by someone (Figure 1). Because 'find' is primarily a transitive verb, the human listener is likely to be biased towards an initial active interpretation. Similarly, the sequence ""The dog walked …"", where walk is primarily used as an intransitive verb (without a direct object), could also bias the listener to an active interpretation, where the dog is doing the walking, rather than the less frequent passive interpretation where someone is taking the dog for a walk (i.e. walking the dog). This initial structural interpretation up to Verb1 does not, however, just depend on linguistic knowledge such as Verb1 transitivity. It also depends on non-linguistic information, that is, how likely the subject is (or is not) to adopt the active (agent) role to perform the specified action (Dowty, 1991; Marslenwilson et al., 1993), that is, 'thematic role' properties of the subject noun. Although it could be reflected by statistical regularities in language, thematic role preference hinges more on world knowledge, plausibility, or real-world statistics. So, regardless of Verb1 transitivity, the active interpretation should be more strongly favoured in ""The king found/walked …"" given the higher agenthood of the 'king' and thus the greater implausibility of a passive interpretation involving a 'king' relative to a 'dog'. Hence, the word-by-word interpretation of the sentential structure – and of the real-world event structure evoked by this interpretation – is determined by the constraints jointly placed by the subject noun and Verb1, which is manifested by the interpretative coherence between non-linguistic world knowledge (i.e. thematic role preference) and linguistic knowledge (i.e. verb transitivity). As the sentence evolves, and the prepositional phrase 'in the park' that follows Verb1 is incrementally processed, there is further modulation of the preferred interpretation, again reflecting both Verb1 transitivity and the plausibility of the event being constructed. Specifically, the passive interpretation will become more preferred in a HiTrans sentence, given the absence of an expected direct object for the highly transitive Verb1, so Verb1 tends to be interpreted as a passive verb [i.e. the head of a reduced relative clause in ""The dog (that was) found in the park …""]. Conversely, in a LoTrans sentence, the active interpretation of Verb1 is strengthened by the incoming prepositional phrase, which is in accord with the verb's intransitive use and the event conjured up by the sequence of words heard so far (e.g. ""The dog walked in the park …""). Hence, these two sentence types are likely to differ in the structural interpretation preferred by the end of the prepositional phrase. However, with the appearance of the actual main verb (e.g. 'was covered' in the example sentences), the active interpretation of Verb1 as the main verb will be completely rejected, which resolves the potential ambiguity and confirms the passive interpretation in both HiTrans and LoTrans sentences. In brief, understanding these complex sentences require listeners to integrate discontinuous words to solve a long-distance dependency between the subject noun and the actual main verb separated by an intervening clause. This engages the neurobiological processes of integration across different lexical constraints and multiple levels of the sentence processing system. For example, the incremental building, maintenance, and update of sentential structure over time might primarily involve activity in the fronto-temporal regions (Friederici, 2012), while estimating the plausibility of the event interpreted from the sentence with prior knowledge of the world may elicit neural responses in the default mode network (DMN) (Yeshurun et al., 2021). Human incremental structural interpretations As the first step, and to quantify how the stimulus sentences exemplified a constraint-based account of incremental structural interpretation, we conducted two pre-tests where participants listened to sentence fragments, starting from sentence onset and continuing either until the end of Verb1 or to the end of the prepositional phrase (Figure 2A), and then produced a continuation to complete the sentence (see 'Materials and methods'). Based on the continuations provided by the listeners at these two gating points, we can infer their online structural interpretations. Figure 2 Download asset Open asset Human incremental structural interpretations derived from continuation pre-tests. (A) An example set of target sentences differing only in the transitivity of Verb1, HiTrans: high transitivity; LoTrans: low transitivity. Det: determiner; SN: subject noun; V1: Verb1; PP1–PP3: prepositional phrase; MV: main verb; END: the last word in the sentence. (B) Probability of a direct object (left) and a prepositional phrase (right) continuation after Verb1. (C) Probability of a main verb in the continuations after Verb1, which indicates an active interpretation. (D) Correlations between corpus-based lexical constraints and probabilistic interpretations in the two pre-tests (Spearman rank correlation, black dots indicate significance determined by 10,000 permutations, PFDR<0.05 corrected). In the continuations after Verb1, a direct object was more likely to be found in HiTrans sentences, indicating a transitive use of Verb1, while an opposite pattern was found for a PP continuation, indicating an intransitive use of Verb1 (Figure 2B). As expected, the probability of a main verb (MV) in the continuations after the prepositional phrase was lower in LoTrans sentences (Figure 2C), suggesting that listeners preferred the active interpretation and tended to interpret Verb1 as the main verb by the end of the prepositional phrase in LoTrans sentences, and vice versa in HiTrans sentences. Crucially, neither of the two pre-tests resulted in a complete separation between HiTrans and LoTrans sentences; instead, they were characterized by two different but overlapping probabilistic distributions. This finding suggests that passive and active interpretations varied in plausibility in each sentence type before the actual main verb was presented, reflecting the probabilistic constraints jointly placed by the combination of the specific subject noun, Verb1, and the prepositional phrase in each sentence. To relate these human interpretative preferences to the broader landscape of distributional language data, we developed corpus-based measures of the thematic role preference of the subject noun (i.e. how likely it is interpreted as an agent that conducts an action) and the transitivity of Verb1 in each sentence, from which we derived a passive index and an active index (see 'Materials and methods'). These indices separately capture the interpretative coherence between these two lexical properties towards passive and active interpretations. Both high subject noun agenthood and low Verb1 transitivity coherently preferred an active interpretation as the prepositional phrase was heard (i.e. a high active index), and vice versa for the passive interpretation (i.e. a high passive index). In accord with the constraint-based hypothesis, we found that human interpretative preference for the two types of sentences was significantly correlated with the lexical constraints placed by the subject noun and Verb1 (Figure 2D). Incremental structural representations extracted from BERT Next, we extracted structural representations at various positions in the same sentences from BERT and evaluated them according to the constraint-based hypothesis and human behavioural results. This evaluation is needed to motivate the use of BERT structural measures to reveal how the structured interpretation of a spoken sentence is incrementally built in the brain. Typically, the structure of a sentence can be represented by a dependency parse tree (MacCartney and Manning, 2006), where words are situated at different depths given their structural dependency (Figure 3A). Each edge links two structurally proximate words as being the head and the dependent separately (e.g. a verb and its direct object). However, such a parse tree is context-free, that is, it only captures the syntactic relation between each pair of words and abstracts away from the specific lexical (and higher order) contents of the sentence that constrain its structural interpretation. This context-free parse depth is always the same for words at the same position in sentences with the same structured interpretation (e.g. 'found' and 'walked' in either of the two parse trees in Figure 3A). Figure 3 with 3 supplements see all Download asset Open asset Incremental interpretation of sentential structure by BERT. (A) Context-free dependency parse trees of two plausible structural interpretations. Left: passive interpretation where V1 is the head of a reduced relative clause. Right:aActive interpretation where V1 is the main verb. (B) Incremental input to BERT structural probing model, with the lightness of dots encoding different positions in the target sentences. Det: determiner; SN: subject noun; V1: Verb1; PP1–PP3: prepositional phrase; MV: main verb; END: the last word in the sentence. (C) BERT structural probing model is trained to output a parse depth vector, representing the parse depths of all the words in the sentence input. The BERT parse depth for a specific word is updated incrementally as the sentence unfolds word-by-word. In this example, the parse depth of 'found' increases with the presence of the prepositional phrase, indicating an increased preference for the passive interpretation according to the context-free parse depths in (A). (D) Incremental interpretation of the dependency between SN and V1 in the model space consisting of the parse depth of Det, SN, and V1. Upper: Each coloured circle represents the parse depth vector up to V1 derived at a certain position in the sentence (with the same colour scheme as in B). The hollow triangle and circle represent the context-free dependency parse vectors for passive and active interpretations in (A). Lower: incremental interpretation of the two target sentence types represented by the trajectories of median parse depth. (E) Distance from passive and active landmarks in the model space as the sentence unfolds (between each coloured circle and the two landmarks in the upper panel of D) (two-tailed two-sample t-test, *p<0.05, **p<0.001, n = 60 for both HiTrans and LoTrans sentences, error bars represent SEM). To obtain structural measures that also encode the specific lexical contents in a sentence, we adopted a structural probing technique (Hewitt and Manning, 2019) to reconstruct a sentence's structure by estimating each word's parse depth based on their contextualized representations generated by BERT (see 'Materials and methods'). Note that BERT is a multi-layer DLM (24 layers in the version used in this study) which may distribute different aspects of its computational solutions over multiple layers. Accordingly, we trained a structural probing model for each layer and selected the one with the most accurate structural representations while also including its neighbouring layers to cover relevant upstream and downstream information. Following this strategy, we used the BERT structural measures obtained from layers 12–16 with the best performance achieved in layer 14 (see Figure 3—figure supplement 1 and 'Materials and methods'). We input each sentence word-by-word to the trained BERT structural probing models, focusing on the incremental structural representation being built as it progressed from Verb1 to the main verb (see examples in Figure 3B and C). Note that we defined the first word after the prepositional phrase as the main verb since its appearance is sufficient to resolve the intended structure where Verb1 is a passive verb. We found that, for each type of sentences, the BERT parse depth of words at the same position formed a distribution ranging around the corresponding context-free parse depths in either the passive or the active interpretation (see Figure 3—figure supplement 2), suggesting a word-specific rather than position-specific structural representation. In addition, we quantified the contributions of words at different positions to the variances encoded in BERT parse depth vectors. Our analysis revealed that content words contributed significantly more than function words (i.e. the determiners) (see Figure 3—figure supplement 3). Then we visualized BERT's word-by-word structural measures, focusing on the dependency between the subject noun and Verb1 that is core to the current interpretation of the sentence – whether the subject noun is the agent or the patient of Verb1. To this end, we built a three-dimensional (3D) vector including BERT parse depths of the first three words up to Verb1 for each sentence (e.g. ""The dog found …""). This 3D vector was updated incrementally with each additional word in the input, thereby capturing the dynamic interpretation of the structural dependency between the subject noun and Verb1, influenced by the context provided by subsequent words in a specific sentence. Like the probabilistic interpretation found within each type of sentences in human listeners, trajectories of individual HiTrans and LoTrans sentences are considerably distributed and intertwined (see the upper panel of Figure 3D), implying that BERT structural interpretations are sensitive to the idiosyncratic contents in each sentence. To make sense of these trajectories, we also vectorized the context-free parse depth of the first three words indicating passive and active interpretations (Figure 3A) separately and located them in the 3D vector space as landmarks (hollow triangle and circle in Figure 3D), so that the plausibility of either interpretation can be estimated by a sentence's distance from its landmark. As shown by the trajectories of the median BERT parse depth of the two sentence types (see the lower panel of Figure 3D), in general, HiTrans sentences continuously moved towards the passive interpretation landmark after Verb1, with a significant change of distances detected at the main verb (see the orange bars in Figure 3E). LoTrans sentences started by approaching the active interpretation landmark but were reorientated to the passive counterpart with the appearance of the actual main verb, with significant changes of distances detected at both Verb1 and main verb (see the purple bars in Figure 3E). These results resemble the pattern of human interpretative preference observed in the continuation pre-tests (Figure 2C), where the passive and active interpretations were separately preferred in HiTrans and LoTrans sentences by the end of the prepositional phrase in a probabilistic manner, before the passive interpretation was established with the appearance of the actual main verb. BERT structural measures are correlated with constraints driving human interpretation To further assess whether BERT's preferences for structural interpretation align with the constraints considered by human listeners during speech comprehension, we correlated BERT structural measures with relevant corpus-based measures and human behavioural data (see 'Materials and methods). We first focused on BERT's interpretative mismatch quantified as the distance between an unfolding sentence and each of the two landmarks in the model space, which was dynamically updated as the sentence unfolded (Figure 3D). Consistently, from the incoming prepositional phrase to the main verb, sentences that are closer to the passive landmark in the model space have higher Verb1 transitivity, a higher passive index but a lower active index, while sentences closer to the active interpretation landmark exhibited higher active index and lower passive index (Figure 4A and B). Moreover, at the beginning of the prepositional phrase, the change of distance towards either interpretation landmark between two consecutive words is also correlated with these constraints (Figure 4C and D), suggesting an immediate update in the structural interpretation in combination with the accumulated constraints from the preceding subject noun and Verb1. Figure 4 with 3 supplements see all Download asset Open asset Correlation between incremental BERT structural measures and explanatory variables. BERT structural measures include (A, B) BERT interpretative mismatch represented by each sentence's distance from the two landmarks in model space (Figure 3D); (C, D) dynamic updates of BERT interpretative mismatch represented by each sentence's movement to the two landmarks; (E, F) overall structural representations captured by the first two principal components (i.e. PC1 and PC2) of BERT parse depth vectors; (G, H) BERT Verb1 (V1) parse depth and its dynamic updates. Explanatory variables include lexical constraints derived from massive corpora and the main verb probability derived from the continuation pre-test (Spearman correlation, permutation test, PFDR<0.05, multiple comparisons corrected for all BERT layers, results shown here are based on layer 14, see Figure 4—figure supplements 1–3 for the results of all layers, see Figure 7—figure supplement 1 for the dynamic change of Verb1 parse depth); PP1–PP3: prepositional phrase; MV: main verb; END: the last word in the sentence. Moreover, we found that both the incremental BERT parse depth vectors as a whole (which are captured by their principal components) and the BERT parse depth of Verb1 (which is the most indicative marker of the interpretation preferred) are correlated with the constraints placed by the subject noun and Verb1 (Figure 4E–H). Moreover, the significant effects consistently found as the sentence unfolds suggest that properties of preceding words are used to constrain the interpretation of the upcoming input, which is key to resolving discontinuous structural dependencies. In addition, we found that BERT structural interpretations were also correlated with the main verb probability in the continuation pre-test which directly reflects human interpretation preference (black bars in Figure 4). Overall, these results illustrated, at whi",
eLife assessment: Finding structure during incremental speech comprehension,2024,Nai Ding,https://doi.org/10.7554/elife.89311.3.sa0,"Full text Figures and data Peer review Side by side Abstract eLife assessment Introduction Results Discussion Materials and methods Data availability References Article and author information Metrics Abstract A core aspect of human speech comprehension is the ability to incrementally integrate consecutive words into a structured and coherent interpretation, aligning with the speaker's intended meaning. This rapid process is subject to multidimensional probabilistic constraints, including both linguistic knowledge and non-linguistic information within specific contexts, and it is their interpretative coherence that drives successful comprehension. To study the neural substrates of this process, we extract word-by-word measures of sentential structure from BERT, a deep language model, which effectively approximates the coherent outcomes of the dynamic interplay among various types of constraints. Using representational similarity analysis, we tested BERT parse depths and relevant corpus-based measures against the spatiotemporally resolved brain activity recorded by electro-/magnetoencephalography when participants were listening to the same sentences. Our results provide a detailed picture of the neurobiological processes involved in the incremental construction of structured interpretations. These findings show when and where coherent interpretations emerge through the evaluation and integration of multifaceted constraints in the brain, which engages bilateral brain regions extending beyond the classical fronto-temporal language system. Furthermore, this study provides empirical evidence supporting the use of artificial neural networks as computational models for revealing the neural dynamics underpinning complex cognitive processes in the brain. eLife assessment This valuable study provides insights into how the brain parses the syntactic structure of a spoken sentence. Convincing evidence is provided that distributive cortical networks are engaged for incremental parsing of a sentence, and neural activity recorded by MEG correlates with sentence structure measures extracted by a deep neural network language model, that is, BERT. A contribution of the work is to use a deep neural network model to quantify how the mental representation of syntactic structure updates as a sentence unfolds in time. https://doi.org/10.7554/eLife.89311.3.sa0 About eLife assessments Introduction Human speech comprehension involves a complex set of processes that transform an auditory input into the speaker's intended meaning, wherein each word is sequentially recognized and integrated with the preceding words to obtain a coherent interpretation (Marslen-Wilson and Tyler, 1980; Choi et al., 2021; Lyu et al., 2019). Crucially, rather than simple linear concatenation, individual words are combined according to the non-linear and often discontinuous structure embedded in an utterance as it is delivered over time (Everaert et al., 2015). For example, in the sentence ""The boy who chased the cat was …"", it is the structurally close word 'boy', rather than the linearly close word 'cat', that is combined with 'was'. However, the neural dynamics underpinning the incremental construction of a structured interpretation from a spoken sentence is still unclear. Previous neuroimaging studies on the structure of language primarily focused on syntax (Matchin and Hickok, 2020), contrasting grammatical sentences against word lists or sentences with syntactic violations (Law and Pylkkänen, 2021; Nelson et al., 2017), manipulating the syntactic complexity in sentences (Pallier et al., 2011), or studying artificial grammatical rules elicited by structured, unintelligible strings (Friederici et al., 2006). Nevertheless, finding the structure in an unfolding sentence also depends on the constraints jointly placed by other linguistic properties and non-linguistic information such as the broad world knowledge (Bever, 1970; Tyler and Marslen-Wilson, 1977). Unlike the two-stage model (Frazier, 1987; Frazier and Rayner, 1982) which posits an initial parsing stage relying solely on syntax, the constraint-based approach to sentence processing (MacDonald et al., 1994; Trueswell and Tanenhaus, 1994) proposes that speech comprehension is concurrently governed by multiple types of probabilistic constraints (e.g. syntax, semantics, world knowledge), generated by individual words as they are sequentially heard. There is no delay in the utilization of these multifaceted constraints once they become available, neither is a fixed priority assigned to one type of constraint over another; rather, it is the interpretative coherence of all available constraints that forms the basis for successful language comprehension (Altmann, 1998). Although lexical constraints of individual words can be estimated from large corpora data, it has been challenging to model the dynamic interplay between various types of linguistic and non-linguistic constraints in a specific context, especially at the sentence level and beyond. Contemporary deep language models (DLMs) have made great strides in a wide array of natural language processing tasks, including text generation, parsing, and translation (Vaswani, 2017; Devlin et al., 2019; Brown, 2020; Ouyang et al., 2022). While current DLMs are still imperfect in terms of human-level language understanding related to reasoning and complex physical or social situations (Bisk et al., 2020), they are arguably valuable models of general linguistic capacities due to their ability to identify and leverage relevant statistical regularities of linguistic and non-linguistic world knowledge present in massive training data (Linzen and Baroni, 2021; Pavlick, 2022). Human language comprehension requires a contextualized integration of multifaceted constraints (Tyler and Marslen-Wilson, 1977; Marslen-Wilson, 1975; Kuperberg, 2007). In this regard, DLMs excel in flexible combination of different types of features (e.g. syntactic structure and semantic meaning) embedded in their rich internal representations (Linzen and Baroni, 2021; Pavlick, 2022; Bengio et al., 2021; Manning et al., 2020). Their deep contextualized representations capture the distributed regularities that jointly determine the coherent interpretation of a given sentence, providing context-dependent composition and quantitative measures of the underlying sentential structure. These properties relate back to Elman's recurrent neural network (Elman, 1990; Elman, 1993) which automatically picks up and encodes lexical syntactic/semantic information in the hidden states. Recent studies have revealed an overall congruence between language representations in DLMs and those observed in the human brain while processing the same spoken or written input (Schrimpf et al., 2021; Goldstein et al., 2022; Heilbron et al., 2022; Toneva et al., 2022; Caucheteux et al., 2022; Caucheteux and King, 2022; Caucheteux et al., 2023), suggesting the potential value of DLMs as a computational tool to investigate the neural basis of language comprehension. To move beyond comparing the similarities between entire model hidden states and brain activity, probing techniques that can extract specific contents from DLMs (Hewitt and Liang, 2019; Tenney, 2019) make it possible to study the neural dynamics relevant to processing such specific information. The important advance here is that we can leverage the deep learning strengths of DLMs to create rigorously quantified models of the broader and multifaceted constraint environment in which a structured interpretation is constructed. Such models can be compared, dynamically, with more restricted and interpretable factors that capture the specific linguistic combinatorial constraints necessary for successful language comprehension. Here, we take this approach further by designing sentences with contrasting linguistic structures and using a structural probe technique (Hewitt and Manning, 2019) to extract word-by-word contextualized representations of sentential structures from a widely used DLM, namely, BERT (Devlin et al., 2019). This provides the neurocomputational specificity required to elucidate the neural dynamics underlying the incremental construction of a structured interpretation from an unfolding spoken sentence. After a detailed evaluation of BERT structural measures according to the hypothesized constraint-based approach and human behavioural results, we used spatiotemporal searchlight representational similarity analysis (ssRSA) (Kriegeskorte et al., 2008) to test these quantitative structural measures and relevant lexical properties against source-localized EMEG data recorded while participants were listening to the same sentences. Our findings reveal how the structured interpretation of a spoken sentence is incrementally built under multifaceted probabilistic constraints in the brain. Results We constructed 60 sets of sentences with varying sentential structures (see 'Materials and methods') and presented them to human listeners. We also input them word-by-word to BERT to extract incremental structural representations. These natural spoken sentences were constructed to balance off specifically linguistic constraints on interpretation against varying non-linguistic constraints as the sentence is incrementally interpreted, providing a realistic simulation of real-life language use. In each stimulus set, there are two target sentences differing only in the transitivity of the first verb (Verb1) encountered, that is, how likely it is that Verb1 takes a direct object see [a] and [b] below and Figure 1: The dog found in the park was covered in mud. The dog walked in the park was covered in mud. Figure 1 Download asset Open asset Example spoken sentence stimuli and plausible structured interpretations. The two target sentences in each set differ only in the transitivity of the first verb (Verb1). Each sentence has two possible structured interpretations before the actual main verb is presented: an active interpretation, where the subject noun (SN) performs the action, and a passive interpretation, where the SN is the recipient of the action. The interpretative preference hinges on the likelihood of the SN acting as an agent or a patient (i.e. its thematic role) in conjunction with the transitivity of Verb1. As the sentence progresses to the prepositional phrase, a combination of higher SN agenthood and greater Verb1 intransitivity (i.e. a higher active index) generally favours an active interpretation. Conversely, increased SN patienthood coupled with higher Verb1 transitivity (i.e. a higher passive index) may lead to a passive interpretation. Note that while the SN is the same for the two target sentences within the same set, it varies across different sentence sets. All images were generated using Midjourney for illustrative purposes. In the first sentence, Verb1 (i.e. 'found') has high transitivity (HiTrans) and strongly prefers a direct object (e.g. ball), while in the second sentence, Verb1 (i.e. 'walked') has relatively low transitivity (LoTrans) and is often used without a following direct object. Critically, the structural interpretation of these sentences is ambiguous at the point Verb1 is encountered, and the preferred human resolution of this ambiguity depends on the real-time integration of linguistic and non-linguistic constraints as more of the sentence is heard. In the example above, the sequence ""The dog found …"" could initially have either an active interpretation – where the dog has found something – or a passive interpretation – where the dog is found by someone (Figure 1). Because 'find' is primarily a transitive verb, the human listener is likely to be biased towards an initial active interpretation. Similarly, the sequence ""The dog walked …"", where walk is primarily used as an intransitive verb (without a direct object), could also bias the listener to an active interpretation, where the dog is doing the walking, rather than the less frequent passive interpretation where someone is taking the dog for a walk (i.e. walking the dog). This initial structural interpretation up to Verb1 does not, however, just depend on linguistic knowledge such as Verb1 transitivity. It also depends on non-linguistic information, that is, how likely the subject is (or is not) to adopt the active (agent) role to perform the specified action (Dowty, 1991; Marslenwilson et al., 1993), that is, 'thematic role' properties of the subject noun. Although it could be reflected by statistical regularities in language, thematic role preference hinges more on world knowledge, plausibility, or real-world statistics. So, regardless of Verb1 transitivity, the active interpretation should be more strongly favoured in ""The king found/walked …"" given the higher agenthood of the 'king' and thus the greater implausibility of a passive interpretation involving a 'king' relative to a 'dog'. Hence, the word-by-word interpretation of the sentential structure – and of the real-world event structure evoked by this interpretation – is determined by the constraints jointly placed by the subject noun and Verb1, which is manifested by the interpretative coherence between non-linguistic world knowledge (i.e. thematic role preference) and linguistic knowledge (i.e. verb transitivity). As the sentence evolves, and the prepositional phrase 'in the park' that follows Verb1 is incrementally processed, there is further modulation of the preferred interpretation, again reflecting both Verb1 transitivity and the plausibility of the event being constructed. Specifically, the passive interpretation will become more preferred in a HiTrans sentence, given the absence of an expected direct object for the highly transitive Verb1, so Verb1 tends to be interpreted as a passive verb [i.e. the head of a reduced relative clause in ""The dog (that was) found in the park …""]. Conversely, in a LoTrans sentence, the active interpretation of Verb1 is strengthened by the incoming prepositional phrase, which is in accord with the verb's intransitive use and the event conjured up by the sequence of words heard so far (e.g. ""The dog walked in the park …""). Hence, these two sentence types are likely to differ in the structural interpretation preferred by the end of the prepositional phrase. However, with the appearance of the actual main verb (e.g. 'was covered' in the example sentences), the active interpretation of Verb1 as the main verb will be completely rejected, which resolves the potential ambiguity and confirms the passive interpretation in both HiTrans and LoTrans sentences. In brief, understanding these complex sentences require listeners to integrate discontinuous words to solve a long-distance dependency between the subject noun and the actual main verb separated by an intervening clause. This engages the neurobiological processes of integration across different lexical constraints and multiple levels of the sentence processing system. For example, the incremental building, maintenance, and update of sentential structure over time might primarily involve activity in the fronto-temporal regions (Friederici, 2012), while estimating the plausibility of the event interpreted from the sentence with prior knowledge of the world may elicit neural responses in the default mode network (DMN) (Yeshurun et al., 2021). Human incremental structural interpretations As the first step, and to quantify how the stimulus sentences exemplified a constraint-based account of incremental structural interpretation, we conducted two pre-tests where participants listened to sentence fragments, starting from sentence onset and continuing either until the end of Verb1 or to the end of the prepositional phrase (Figure 2A), and then produced a continuation to complete the sentence (see 'Materials and methods'). Based on the continuations provided by the listeners at these two gating points, we can infer their online structural interpretations. Figure 2 Download asset Open asset Human incremental structural interpretations derived from continuation pre-tests. (A) An example set of target sentences differing only in the transitivity of Verb1, HiTrans: high transitivity; LoTrans: low transitivity. Det: determiner; SN: subject noun; V1: Verb1; PP1–PP3: prepositional phrase; MV: main verb; END: the last word in the sentence. (B) Probability of a direct object (left) and a prepositional phrase (right) continuation after Verb1. (C) Probability of a main verb in the continuations after Verb1, which indicates an active interpretation. (D) Correlations between corpus-based lexical constraints and probabilistic interpretations in the two pre-tests (Spearman rank correlation, black dots indicate significance determined by 10,000 permutations, PFDR<0.05 corrected). In the continuations after Verb1, a direct object was more likely to be found in HiTrans sentences, indicating a transitive use of Verb1, while an opposite pattern was found for a PP continuation, indicating an intransitive use of Verb1 (Figure 2B). As expected, the probability of a main verb (MV) in the continuations after the prepositional phrase was lower in LoTrans sentences (Figure 2C), suggesting that listeners preferred the active interpretation and tended to interpret Verb1 as the main verb by the end of the prepositional phrase in LoTrans sentences, and vice versa in HiTrans sentences. Crucially, neither of the two pre-tests resulted in a complete separation between HiTrans and LoTrans sentences; instead, they were characterized by two different but overlapping probabilistic distributions. This finding suggests that passive and active interpretations varied in plausibility in each sentence type before the actual main verb was presented, reflecting the probabilistic constraints jointly placed by the combination of the specific subject noun, Verb1, and the prepositional phrase in each sentence. To relate these human interpretative preferences to the broader landscape of distributional language data, we developed corpus-based measures of the thematic role preference of the subject noun (i.e. how likely it is interpreted as an agent that conducts an action) and the transitivity of Verb1 in each sentence, from which we derived a passive index and an active index (see 'Materials and methods'). These indices separately capture the interpretative coherence between these two lexical properties towards passive and active interpretations. Both high subject noun agenthood and low Verb1 transitivity coherently preferred an active interpretation as the prepositional phrase was heard (i.e. a high active index), and vice versa for the passive interpretation (i.e. a high passive index). In accord with the constraint-based hypothesis, we found that human interpretative preference for the two types of sentences was significantly correlated with the lexical constraints placed by the subject noun and Verb1 (Figure 2D). Incremental structural representations extracted from BERT Next, we extracted structural representations at various positions in the same sentences from BERT and evaluated them according to the constraint-based hypothesis and human behavioural results. This evaluation is needed to motivate the use of BERT structural measures to reveal how the structured interpretation of a spoken sentence is incrementally built in the brain. Typically, the structure of a sentence can be represented by a dependency parse tree (MacCartney and Manning, 2006), where words are situated at different depths given their structural dependency (Figure 3A). Each edge links two structurally proximate words as being the head and the dependent separately (e.g. a verb and its direct object). However, such a parse tree is context-free, that is, it only captures the syntactic relation between each pair of words and abstracts away from the specific lexical (and higher order) contents of the sentence that constrain its structural interpretation. This context-free parse depth is always the same for words at the same position in sentences with the same structured interpretation (e.g. 'found' and 'walked' in either of the two parse trees in Figure 3A). Figure 3 with 3 supplements see all Download asset Open asset Incremental interpretation of sentential structure by BERT. (A) Context-free dependency parse trees of two plausible structural interpretations. Left: passive interpretation where V1 is the head of a reduced relative clause. Right:aActive interpretation where V1 is the main verb. (B) Incremental input to BERT structural probing model, with the lightness of dots encoding different positions in the target sentences. Det: determiner; SN: subject noun; V1: Verb1; PP1–PP3: prepositional phrase; MV: main verb; END: the last word in the sentence. (C) BERT structural probing model is trained to output a parse depth vector, representing the parse depths of all the words in the sentence input. The BERT parse depth for a specific word is updated incrementally as the sentence unfolds word-by-word. In this example, the parse depth of 'found' increases with the presence of the prepositional phrase, indicating an increased preference for the passive interpretation according to the context-free parse depths in (A). (D) Incremental interpretation of the dependency between SN and V1 in the model space consisting of the parse depth of Det, SN, and V1. Upper: Each coloured circle represents the parse depth vector up to V1 derived at a certain position in the sentence (with the same colour scheme as in B). The hollow triangle and circle represent the context-free dependency parse vectors for passive and active interpretations in (A). Lower: incremental interpretation of the two target sentence types represented by the trajectories of median parse depth. (E) Distance from passive and active landmarks in the model space as the sentence unfolds (between each coloured circle and the two landmarks in the upper panel of D) (two-tailed two-sample t-test, *p<0.05, **p<0.001, n = 60 for both HiTrans and LoTrans sentences, error bars represent SEM). To obtain structural measures that also encode the specific lexical contents in a sentence, we adopted a structural probing technique (Hewitt and Manning, 2019) to reconstruct a sentence's structure by estimating each word's parse depth based on their contextualized representations generated by BERT (see 'Materials and methods'). Note that BERT is a multi-layer DLM (24 layers in the version used in this study) which may distribute different aspects of its computational solutions over multiple layers. Accordingly, we trained a structural probing model for each layer and selected the one with the most accurate structural representations while also including its neighbouring layers to cover relevant upstream and downstream information. Following this strategy, we used the BERT structural measures obtained from layers 12–16 with the best performance achieved in layer 14 (see Figure 3—figure supplement 1 and 'Materials and methods'). We input each sentence word-by-word to the trained BERT structural probing models, focusing on the incremental structural representation being built as it progressed from Verb1 to the main verb (see examples in Figure 3B and C). Note that we defined the first word after the prepositional phrase as the main verb since its appearance is sufficient to resolve the intended structure where Verb1 is a passive verb. We found that, for each type of sentences, the BERT parse depth of words at the same position formed a distribution ranging around the corresponding context-free parse depths in either the passive or the active interpretation (see Figure 3—figure supplement 2), suggesting a word-specific rather than position-specific structural representation. In addition, we quantified the contributions of words at different positions to the variances encoded in BERT parse depth vectors. Our analysis revealed that content words contributed significantly more than function words (i.e. the determiners) (see Figure 3—figure supplement 3). Then we visualized BERT's word-by-word structural measures, focusing on the dependency between the subject noun and Verb1 that is core to the current interpretation of the sentence – whether the subject noun is the agent or the patient of Verb1. To this end, we built a three-dimensional (3D) vector including BERT parse depths of the first three words up to Verb1 for each sentence (e.g. ""The dog found …""). This 3D vector was updated incrementally with each additional word in the input, thereby capturing the dynamic interpretation of the structural dependency between the subject noun and Verb1, influenced by the context provided by subsequent words in a specific sentence. Like the probabilistic interpretation found within each type of sentences in human listeners, trajectories of individual HiTrans and LoTrans sentences are considerably distributed and intertwined (see the upper panel of Figure 3D), implying that BERT structural interpretations are sensitive to the idiosyncratic contents in each sentence. To make sense of these trajectories, we also vectorized the context-free parse depth of the first three words indicating passive and active interpretations (Figure 3A) separately and located them in the 3D vector space as landmarks (hollow triangle and circle in Figure 3D), so that the plausibility of either interpretation can be estimated by a sentence's distance from its landmark. As shown by the trajectories of the median BERT parse depth of the two sentence types (see the lower panel of Figure 3D), in general, HiTrans sentences continuously moved towards the passive interpretation landmark after Verb1, with a significant change of distances detected at the main verb (see the orange bars in Figure 3E). LoTrans sentences started by approaching the active interpretation landmark but were reorientated to the passive counterpart with the appearance of the actual main verb, with significant changes of distances detected at both Verb1 and main verb (see the purple bars in Figure 3E). These results resemble the pattern of human interpretative preference observed in the continuation pre-tests (Figure 2C), where the passive and active interpretations were separately preferred in HiTrans and LoTrans sentences by the end of the prepositional phrase in a probabilistic manner, before the passive interpretation was established with the appearance of the actual main verb. BERT structural measures are correlated with constraints driving human interpretation To further assess whether BERT's preferences for structural interpretation align with the constraints considered by human listeners during speech comprehension, we correlated BERT structural measures with relevant corpus-based measures and human behavioural data (see 'Materials and methods). We first focused on BERT's interpretative mismatch quantified as the distance between an unfolding sentence and each of the two landmarks in the model space, which was dynamically updated as the sentence unfolded (Figure 3D). Consistently, from the incoming prepositional phrase to the main verb, sentences that are closer to the passive landmark in the model space have higher Verb1 transitivity, a higher passive index but a lower active index, while sentences closer to the active interpretation landmark exhibited higher active index and lower passive index (Figure 4A and B). Moreover, at the beginning of the prepositional phrase, the change of distance towards either interpretation landmark between two consecutive words is also correlated with these constraints (Figure 4C and D), suggesting an immediate update in the structural interpretation in combination with the accumulated constraints from the preceding subject noun and Verb1. Figure 4 with 3 supplements see all Download asset Open asset Correlation between incremental BERT structural measures and explanatory variables. BERT structural measures include (A, B) BERT interpretative mismatch represented by each sentence's distance from the two landmarks in model space (Figure 3D); (C, D) dynamic updates of BERT interpretative mismatch represented by each sentence's movement to the two landmarks; (E, F) overall structural representations captured by the first two principal components (i.e. PC1 and PC2) of BERT parse depth vectors; (G, H) BERT Verb1 (V1) parse depth and its dynamic updates. Explanatory variables include lexical constraints derived from massive corpora and the main verb probability derived from the continuation pre-test (Spearman correlation, permutation test, PFDR<0.05, multiple comparisons corrected for all BERT layers, results shown here are based on layer 14, see Figure 4—figure supplements 1–3 for the results of all layers, see Figure 7—figure supplement 1 for the dynamic change of Verb1 parse depth); PP1–PP3: prepositional phrase; MV: main verb; END: the last word in the sentence. Moreover, we found that both the incremental BERT parse depth vectors as a whole (which are captured by their principal components) and the BERT parse depth of Verb1 (which is the most indicative marker of the interpretation preferred) are correlated with the constraints placed by the subject noun and Verb1 (Figure 4E–H). Moreover, the significant effects consistently found as the sentence unfolds suggest that properties of preceding words are used to constrain the interpretation of the upcoming input, which is key to resolving discontinuous structural dependencies. In addition, we found that BERT structural interpretations were also correlated with the main verb probability in the continuation pre-test which directly reflects human interpretation preference (black bars in Figure 4). Overall, these results illustrated, at whi",
