"Authors","Author full names","Author(s) ID","Title","Year","Source title","Volume","Issue","Art. No.","Page start","Page end","Page count","Cited by","DOI","Link","Abstract","Author Keywords","Index Keywords","Document Type","Publication Stage","Open Access","Source","EID"
"A., Engel, Alexandra; E., Andries, Elsy; L., Rosseel, Laura; B., Szmrecsanyi, Benedikt; F.V., van de Velde, Freek V.","Engel, Alexandra (57222751827); Andries, Elsy (59346548600); Rosseel, Laura (57200363997); Szmrecsanyi, Benedikt (16239902500); van de Velde, Freek V. (26632663900)","57222751827; 59346548600; 57200363997; 16239902500; 26632663900","Constraints and lexical conditioning in the dative alternation: A cross-linguistic analysis of English and Dutch","2025","Languages in Contrast","25","2","","263","288","0","0","10.1075/lic.00052.eng","https://www.scopus.com/inward/record.uri?eid=2-s2.0-85205146891&doi=10.1075%2Flic.00052.eng&partnerID=40&md5=9361f7530cd0b8533ea14bb4a9e9dc8c","This article presents a cross-linguistic variationist study of the dative alternations in English (I gave Tom a present vs. I gave a present to Tom) and Dutch (Ik gaf Tom een cadeau vs. Ik gaf een cadeau aan Tom). We use logistic mixed-effects regression and lasso regression to assess the probabilistic conditioning of dative choices as a function of morphosyntactic, semantico-pragmatic and lexical constraints in both languages. In addition, we test the predictive accuracy of our two language-specific models cross-linguistically. The results show a substantial overlap in the probabilistic constraints, but also a larger reliance on lexical content in Dutch compared to English, which suggests differences in complexity across the English and Dutch dative alternations. The methodology adopted in this study may pave a new way for comparative variational linguistics. © 2025 Elsevier B.V., All rights reserved.","Dative Alternation; Dutch/english; Lexical Profiles; Probabilistic Conditioning","","Article","Final","","Scopus","2-s2.0-85205146891"
"C., Martínez-García, Carlos; E., Rinke, Esther; N., Kerezova, Nelli","Martínez-García, Carlos (58997897800); Rinke, Esther (36188512100); Kerezova, Nelli (59671982700)","58997897800; 36188512100; 59671982700","Indefinite object drop is lexically constrained","2025","Glossa","10","","","","","0","0","10.16995/glossa.17889","https://www.scopus.com/inward/record.uri?eid=2-s2.0-86000150492&doi=10.16995%2Fglossa.17889&partnerID=40&md5=6407bc26723449c177e53c0cca3065d2","This paper discusses the lexical constraints regulating the occurrence of indefinite null objects in European Spanish in comparison to European Portuguese. Based on previous research and corpus data, we suggest that the distribution of indefinite null objects is determined by the lexical constraints governing the distribution of object bare nouns. We propose that a predicate’s ability to allow for certain types of bare nouns predicts its capacity to permit corresponding indefinite null objects. Specifically, predicates that allow for object bare plurals and object mass nouns also allow for indefinite null objects referring to these types of bare nouns, while those permitting bare singulars allow for indefinite null objects referring to all types of bare nouns. Conversely, predicates that do not allow for any kind of object bare nouns do also not allow for indefinite null objects. The theoretical advantage of this proposal is that the distribution of indefinite object drop in Spanish is derived from the distribution of object bare nouns, not from a newly posited grammatical mechanism. Additionally, we propose a universal implicational hierarchy wherein languages with fewer restrictions on object bare nouns are more likely to allow for indefinite null objects. Our examination of European Portuguese data shows that EP is more permissive with regard to indefinite null objects and supports this hierarchy account, demonstrating its applicability to crosslinguistic patterns of different types of null objects and object bare nouns. © 2025 Elsevier B.V., All rights reserved.","","","Article","Final","All Open Access; Gold Open Access","Scopus","2-s2.0-86000150492"
"M., Kim, Minbeom; T., Thonet, Thibaut; J., Rozen, Jos; H., Lee, Hwaran; K., Jung, Kyomin; M., Dymetman, Marc","Kim, Minbeom (57537100300); Thonet, Thibaut (57188717239); Rozen, Jos (57205157402); Lee, Hwaran (57143363900); Jung, Kyomin (12242006300); Dymetman, Marc (8446543000)","57537100300; 57188717239; 57205157402; 57143363900; 12242006300; 8446543000","GUARANTEED GENERATION FROM LARGE LANGUAGE MODELS","2025","","","","","15089","15116","0","0","","https://www.scopus.com/inward/record.uri?eid=2-s2.0-105010212501&partnerID=40&md5=371f39a92061985fbe18c556b41c11c4","As large language models (LLMs) are increasingly used across various applications, there is a growing need to control text generation to satisfy specific constraints or requirements. This raises a crucial question: Is it possible to guarantee strict constraint satisfaction in generated outputs while preserving the distribution of the original model as much as possible? We first define the ideal distribution - the one closest to the original model, which also always satisfies the expressed constraint - as the ultimate goal of guaranteed generation. We then state a fundamental limitation, namely that it is impossible to reach that goal through autoregressive training alone. This motivates the necessity of combining training-time and inference-time methods to enforce such guarantees. Based on this insight, we propose GUARD, a simple yet effective approach that combines an autoregressive proposal distribution with rejection sampling. Through GUARD's theoretical properties, we show how controlling the KL divergence between a specific proposal and the target ideal distribution simultaneously optimizes inference speed and distributional closeness. To validate these theoretical concepts, we conduct extensive experiments on two text generation settings with hard-to-satisfy constraints: a lexical constraint scenario and a sentiment reversal scenario. These experiments show that GUARD achieves perfect constraint satisfaction while almost preserving the ideal distribution with highly improved inference efficiency. GUARD provides a principled approach to enforcing strict guarantees for LLMs without compromising their generative capabilities. © 2025 Elsevier B.V., All rights reserved.","","","Conference paper","Final","","Scopus","2-s2.0-105010212501"
"C., Papoutsi, Christina; E.N., Tourtouri, Elli N.; V., Piai, Vitória; L.F., Lampe, Leonie F.; A.S., Meyer, Antje S.","Papoutsi, Christina (57226816549); Tourtouri, Elli N. (57210323525); Piai, Vitória (36961301600); Lampe, Leonie F. (57224504693); Meyer, Antje S. (7401839760)","57226816549; 57210323525; 36961301600; 57224504693; 7401839760","Fast and Slow Errors: What Naming Latencies of Errors Reveal About the Interplay of Attentional Control and Word Planning in Speeded Picture Naming","2025","Journal of Experimental Psychology: Learning Memory and Cognition","","","","","","0","0","10.1037/xlm0001472","https://www.scopus.com/inward/record.uri?eid=2-s2.0-105001845844&doi=10.1037%2Fxlm0001472&partnerID=40&md5=5014209c67e4ee014a90f7dcf2d4679b","Speakers sometimes produce lexical errors, such as saying “salt” instead of “pepper.” This study aimed to better understand the origin of lexical errors by assessing whether they arise from a hasty selection and premature decision to speak (premature selection hypothesis) or from momentary attentional disengagement from the task (attentional lapse hypothesis). We analyzed data from a speeded picture naming task (Lampe et al., 2023) and investigated whether lexical errors are produced as fast as target (i.e., correct) responses, thus arising from premature selection, or whether they are produced more slowly than target responses, thus arising from lapses of attention. Using ex-Gaussian analyses, we found that lexical errors were slower than targets in the tail, but not in the normal part of the response time distribution, with the tail effect primarily resulting from errors that were not coordinates, that is, members of the target’s semantic category. Moreover, we compared the coordinate errors and target responses in terms of their word-intrinsic properties and found that they were overall more frequent, shorter, and acquired earlier than targets. Given the present findings, we conclude that coordinate errors occur due to a premature selection but in the context of intact attentional control, following the same lexical constraints as targets, while other errors, given the variability in their nature, may vary in their origin, with one potential source being lapses of attention. © 2025 Elsevier B.V., All rights reserved.","Attention; Lexical Selection; Response Time Distribution; Speeded Picture Naming; Target–error Relation","","Article","aip","","Scopus","2-s2.0-105001845844"
"J.s., Pan, Jeng shyang; X., Wang, Xiao; D., Yang, Dongqiang; N., Li, Ning; K., Huang, Kevin; S.C., Chu, Shu Chuan","Pan, Jeng shyang (57214682289); Wang, Xiao (57225200341); Yang, Dongqiang (57212394018); Li, Ning (57807747500); Huang, Kevin (58946011700); Chu, Shu Chuan (7403622006)","57214682289; 57225200341; 57212394018; 57807747500; 58946011700; 7403622006","Flexible margins and multiple samples learning to enhance lexical semantic similarity","2024","Engineering Applications of Artificial Intelligence","133","","108275","","","0","2","10.1016/j.engappai.2024.108275","https://www.scopus.com/inward/record.uri?eid=2-s2.0-85188153947&doi=10.1016%2Fj.engappai.2024.108275&partnerID=40&md5=6ab1e4c1a4dcf242858b1110f0f954b4","The advancement of deep learning and neural networks has led to the widespread adoption of neural word embeddings as a prominent lexical representation method in natural language processing. With the help of the neural language model trained by the contextual information of large scale text, the neural word embedding obtained by the neural language model captures more semantic correlation in the semantic space, while ignoring the semantic similarity. It will incur high computational cost and time costs during the training process of the model. To better inject semantic similarity into the distribution space and reduce time cost, we perform post processing learning of neural word embeddings using deep metric learning. This paper proposes a lexical enhancement method based on flexible margins and multiple samples learning. In this method, we embed the lexical entailment constraint relations into neural word embeddings. By categorizing the set of lexical constraints and penalizing the negative samples to different degrees according to the gap between categories, and allowing the positive and negative samples to learn from each other in the distributed space. The method we propose significantly improves neural word embeddings. By evaluating neural word embedded vocabulary similarity, the benchmark accuracy is improved to 75%. The method shows great competitiveness in text similarity tasks and text categorization tasks. These findings summarize research results and provide strong support for further applications. © 2024 Elsevier B.V., All rights reserved.","Deep Metric Learning; Enhanced Word Embedding; Post-processing Method; Semantic Similarity; Computational Linguistics; Deep Learning; Natural Language Processing Systems; Semantics; Text Processing; Deep Metric Learning; Embeddings; Enhanced Word Embedding; Language Model; Metric Learning; Multiple Samples; Postprocessing Methods; Sample Learning; Semantic Similarity; Time Cost","Computational linguistics; Deep learning; Natural language processing systems; Semantics; Text processing; Deep metric learning; Embeddings; Enhanced word embedding; Language model; Metric learning; Multiple samples; Postprocessing methods; Sample learning; Semantic similarity; Time cost","Article","Final","","Scopus","2-s2.0-85188153947"
"X., Zhang, Xue; Y., Chen, Yufeng; J., Xu, Jin'an; F., Tian, Fengzhan","Zhang, Xue (57774281200); Chen, Yufeng (57114607100); Xu, Jin'an (54796280200); Tian, Fengzhan (58941058900)","57774281200; 57114607100; 54796280200; 58941058900","Research on Proper Noun-Enhanced Method for Paraphrase Generation","2024","Jisuanji Gongcheng/Computer Engineering","50","3","","98","105","0","0","10.19678/j.issn.1000-3428.0067010","https://www.scopus.com/inward/record.uri?eid=2-s2.0-85187896836&doi=10.19678%2Fj.issn.1000-3428.0067010&partnerID=40&md5=0614a89bf1f09d7b6d70ec0478fe6db0","Existing Chinese paraphrase generation models often lose proper nouns in the original sentence when generating paraphrased sentences，which results in semantic deviation and reduces the usability of the paraphrased sentence，decreasing performance on downstream tasks. To solve these problems，this study proposes proper noun-enhanced method for paraphrase generation. Specifically，a placeholder-based paraphrase generation model is proposed for an original sentence containing a single proper noun. The model retains the placeholder by replacing the proper noun in the training sentence pair with a placeholder，to train the moeel's ability to retain placeholder. A lexically constrained paraphrase generation model is proposed for an original sentence containing multiple proper nouns. By concatenating and distinguishing the list of proper nouns from the original sentence，the model is trained to recognize and reproduce multiple proper nouns，improving the appropriate noun retention rate in the paraphrased sentences. In addition，a reference-free metric is proposed to evaluate the quality of the generated paraphrased sentences by considering both semantic consistency and expression diversity. This study considers the intent recognition cold-start task in a real dialogue business system as the downstream task. By comparing the quality of the paraphrased sentences generated by different models and the accuracy of the intent recognition task，the experimental results show that the lexical-constrained paraphrase generation model can generate a high-quality paraphrase corpus，and the related model has the highest accuracy rate. Compared to the paraphrase model which does not consider proper nouns，the accuracy is increased by 5.38%. © 2024 Elsevier B.V., All rights reserved.","Intention Recognition; Lexical-constraint; Paraphrase Generation; Placeholder; Semantic Deviation","","Article","Final","","Scopus","2-s2.0-85187896836"
"P.E., Requena, Pablo E.","Requena, Pablo E. (56394365100)","56394365100","Early acquisition of syntactic variation: Lexical conditioning of Spanish variable clitic placement","2024","Language Variation and Change","36","1","","1","24","0","0","10.1017/S0954394523000248","https://www.scopus.com/inward/record.uri?eid=2-s2.0-85181005579&doi=10.1017%2FS0954394523000248&partnerID=40&md5=38237369622465d896407a6e05fd5d91","This paper examines how children acquire Spanish variable clitic placement (VCP), a lexically conditioned phenomenon whereby clitics may precede or follow complex verb phrases. Research on how children acquire truly syntactic variable phenomena suggests that they either generalize one variant initially or they match the variation in the input from the beginning. Here I examine how children acquire the lexical conditioning of Spanish VCP. A corpus study of naturalistic conversations between parents and young children suggests that from the earliest ages examined (2;0-3;0) children display lexically-specific patterns that seem to be fine-tuned by the early school years. Experimental results using two different elicitation techniques with children ages 4;0-7;0 provide further support for early acquisition of the lexical conditioning of VCP and some evidence for fine-tuning during this age window. Thus, methodological triangulation enables detection of variable use where children would otherwise show categorical use of variants with infrequent syntactic phenomena, such as Spanish VCP. © 2024 Elsevier B.V., All rights reserved.","Child Language Acquisition; Clitic; Lexical Constraint; Syntactic Variation","","Article","Final","All Open Access; Green Accepted Open Access; Green Open Access; Hybrid Gold Open Access","Scopus","2-s2.0-85181005579"
"B., Li, Bingxuan; Y., Wang, Yiwei; T., Meng, Tao; K., Chang, Kaiwei; N., Peng, Nanyun","Li, Bingxuan (57927008700); Wang, Yiwei (57198887946); Meng, Tao (57216692617); Chang, Kaiwei (24502911300); Peng, Nanyun (57204466260)","57927008700; 57198887946; 57216692617; 24502911300; 57204466260","Control Large Language Models via Divide and Conquer","2024","","","","","15240","15256","0","1","10.18653/v1/2024.emnlp-main.850","https://www.scopus.com/inward/record.uri?eid=2-s2.0-85217760545&doi=10.18653%2Fv1%2F2024.emnlp-main.850&partnerID=40&md5=b83cfe985c03faf0cf8a81236aabf8cd","This paper investigates controllable generation for large language models (LLMs) with prompt-based control, focusing on Lexically Constrained Generation (LCG). We systematically evaluate the performance of LLMs on satisfying lexical constraints with prompt-based control, as well as their efficacy in downstream applications. We conclude that LLMs face significant challenges in consistently satisfying lexical constraints with prompt-based control. We identified three key limitations of LLMs for LCG, including (1) position bias, where LLMs tend to satisfy constraints that appear in specific positions within the input; (2) low responsiveness to decoding parameters, which render minimal impact on control of LLMs; and (3) struggle with handling the inherent complexity of certain constraints (e.g., compound words). To address these issues, we introduce a Divide and Conquer Generation strategy, effective for both white-box and black-box LLMs, to enhance LLMs performance in LCG tasks, which demonstrates over 90% improvement on success rate in the most challenging LCG task. Our analysis provides valuable insights into the performance of LLMs in LCG with prompt-based control, and our proposed strategy offers a pathway to more sophisticated and customized text generation applications. © 2025 Elsevier B.V., All rights reserved.","Modeling Languages; Natural Language Processing Systems; Black Boxes; Compound Words; Divide-and-conquer; Downstream Applications; Inherent Complexity; Language Model; Modeling Performance; Performance; Text Generations; White Box; Computational Linguistics","Modeling languages; Natural language processing systems; Black boxes; Compound words; Divide-and-conquer; Downstream applications; Inherent complexity; Language model; Modeling performance; Performance; Text generations; White box; Computational linguistics","Conference paper","Final","All Open Access; Green Accepted Open Access; Green Open Access","Scopus","2-s2.0-85217760545"
"O., Batiukova, Olga","Batiukova, Olga (6506170428)","6506170428","Lexical constraints on the informativeness of the <Participle + Noun> construction; Restricciones léxicas sobre la informatividad de la construcción <Nombre + Participio>","2024","Verba","51","","","","","0","0","10.15304/verba.51.8635","https://www.scopus.com/inward/record.uri?eid=2-s2.0-85205999723&doi=10.15304%2Fverba.51.8635&partnerID=40&md5=fc1e8143619d7076003310ab819d51cd","This paper researches the role that lexical semantics and compositional mechanisms play in the assessment of informativeness at the phrasal and clausal levels. By way of illustration, the contrast between certain predicative and modification constructions, such as build a house - ? a built house will be discussed. The ill-formedness of the second member of this pair of related expressions can be accounted for by means of an approach based on the qualia structure of the head noun and the way in which the participle binds one of its values. More specifically, the paper will introduce a general constraint on the informativeness of constructions with a participial modifier which prevents the reference of the modifier to the default qualia values as encoded in the lexical entry of the noun. Based on this constraint, a set of specific predictions affecting different groups of verbs and nouns will be derived, which I will verify by looking into the distributional properties of the <Participle + Noun> expressions in corpus data. © 2024 Elsevier B.V., All rights reserved.","Compositional Mechanisms; Infolexis; Informativeness; Qualia","","Article","Final","All Open Access; Gold Open Access","Scopus","2-s2.0-85205999723"
"A., Aguilar-Guevara, Ana; C., Oggiani, Carolina","Aguilar-Guevara, Ana (57191382852); Oggiani, Carolina (57297385500)","57191382852; 57297385500","Weak definite nominals","2023","Language and Linguistics Compass","17","6","e12503","","","0","1","10.1111/lnc3.12503","https://www.scopus.com/inward/record.uri?eid=2-s2.0-85179341591&doi=10.1111%2Flnc3.12503&partnerID=40&md5=83eca65ff664ad705f7d112d468e5352","Weak definite nominals are a class of nominals composed of weak definites and bare singulars occurring in the same linguistic environments within and across languages. They display several characteristic properties: restricted distribution, non-unique reference, sloppy identity in VP-ellipsis sentences, acceptability in sluicing contexts, narrow-scope interpretation, lexical constraints, restricted modification, restricted number morphology, meaning enrichment, and discourse referential defectiveness. In this review we explore two main theoretical approaches accounting for the meaning of these expressions, namely, one that treats them as pseudo-incorporated nominals and another one that attributes to them an abstract object reference. We first discuss the properties of weak definite nominals using Rioplatense Spanish data and then evaluate how both approaches can account for these properties. © 2024 Elsevier B.V., All rights reserved.","","","Review","Final","","Scopus","2-s2.0-85179341591"
"J., Nie, Jinran; X., Huang, Xuancheng; Y., Liu, Yang; C., Kong, Cunliang; X., Liu, Xin; L., Yang, Liner; E., Yang, Erhong","Nie, Jinran (57394017800); Huang, Xuancheng (57209394586); Liu, Yang (57211088579); Kong, Cunliang (57204044195); Liu, Xin (59815106000); Yang, Liner (35249575900); Yang, Erhong (55228218800)","57394017800; 57209394586; 57211088579; 57204044195; 59815106000; 35249575900; 55228218800","End-to-end hard constrained text generation via incrementally predicting segments","2023","Knowledge-Based Systems","278","","110886","","","0","3","10.1016/j.knosys.2023.110886","https://www.scopus.com/inward/record.uri?eid=2-s2.0-85170061111&doi=10.1016%2Fj.knosys.2023.110886&partnerID=40&md5=c8784d696cf224b46c3455b01f93a032","Hard-constrained text generation is an important task that requires generating fluent sentences to include several specific keywords. It has numerous real-world applications, such as advertisement generation, keyword-based summary generation, and query rewriting. Although previous plug-and-play approaches like enhanced beam search and stochastic search have been proven effective, they lack time efficiency and may reduce the quality of generated sentences. While end-to-end methods based on seq2seq models are superior in speed, they cannot guarantee that outputs satisfy all constraints. In this work, we propose a novel end-to-end method for lexically constrained text generation via incrementally predicting segments (IPS) between every two adjacent lexical constraints using seq2seq models. Our approach guarantees that all constrained keywords will be included in the generated sentence. The experimental results show that our method not only satisfies all lexical constraints but also achieves state-of-the-art performance. Our code and data will be available at https://github.com/blcuicall/IPS. © 2023 Elsevier B.V., All rights reserved.","End-to-end; Incrementally Predicting Segments; Lexical Constraints; Stochastic Systems; End To End; Fluents; Incrementally Predicting Segment; Keyword-based; Lexical Constraint; Plug And Play Approach; Query Rewritings; Real-world; Summary Generation; Text Generations; Forecasting","Stochastic systems; End to end; Fluents; Incrementally predicting segment; Keyword-based; Lexical constraint; Plug and play approach; Query rewritings; Real-world; Summary generation; Text generations; Forecasting","Article","Final","","Scopus","2-s2.0-85170061111"
"Z., Ahmad, Zishan; V.S., Sujeeth, Vinnakota Sai; A., Ekbal, Asif","Ahmad, Zishan (57210256991); Sujeeth, Vinnakota Sai (57712995300); Ekbal, Asif (23093674100)","57210256991; 57712995300; 23093674100","Zero-Shot Hate to Non-Hate Text Conversion Using Lexical Constraints","2023","IEEE Transactions on Computational Social Systems","10","5","","2479","2488","0","3","10.1109/TCSS.2022.3175259","https://www.scopus.com/inward/record.uri?eid=2-s2.0-85130787787&doi=10.1109%2FTCSS.2022.3175259&partnerID=40&md5=e2c8032a3308cd7858460d9553d66f78","Systems meant for tackling hate speech have been increasing in demand with the rapid growth of social media platforms. One way of controlling hate speech in texts is to transform the text into its non-hate version while preserving the rest of the contents. Without the use of parallel data, unsupervised back-translation-based text style transfer is a common method of tackling such problems. In this article, we propose a zero-shot style-transfer technique that does effective unsupervised hate to non-hate conversion without using any hate domain text for training. While decoding the outputs produced by the system, we define an additional step of introducing lexical constraints, for better preservation of contents. Detailed empirical evaluation shows that the zero-shot method outperforms classical unsupervised style-transfer methods while at the same time reducing the data required while training. © 2023 Elsevier B.V., All rights reserved.","Deep Learning; Hate Speech; Lexical Constraints; Style Transfer; Unsupervised; Zero Shot; Decoding; Deep Learning; Job Analysis; Speech; Computational Modelling; Context Models; Hate Speech; Lexical Constraint; Style Transfer; Task Analysis; Unsupervised; Zero Shot.; Data Structures","Decoding; Deep learning; Job analysis; Speech; Computational modelling; Context models; Hate speech; Lexical constraint; Style transfer; Task analysis; Unsupervised; Zero shot.; Data structures","Article","Final","","Scopus","2-s2.0-85130787787"
"J., Li, Jiacheng; Z., He, Zhankui; J., Shang, Jingbo; J.J., McAuley, Julian J.","Li, Jiacheng (57214938288); He, Zhankui (57203384223); Shang, Jingbo (56355265600); McAuley, Julian J. (14822353500)","57214938288; 57203384223; 56355265600; 14822353500","UCEpic: Unifying Aspect Planning and Lexical Constraints for Generating Explanations in Recommendation","2023","Proceedings of the ACM SIGKDD International Conference on Knowledge Discovery and Data Mining","","","","1248","1257","0","8","10.1145/3580305.3599535","https://www.scopus.com/inward/record.uri?eid=2-s2.0-85171325902&doi=10.1145%2F3580305.3599535&partnerID=40&md5=b10f0bb2c77035125a9e8dda3df58fc3","Personalized natural language generation for explainable recommendations plays a key role in justifying why a recommendation might match a user's interests. Existing models usually control the generation process by aspect planning. While promising, these aspect-planning methods struggle to generate specific information correctly, which prevents generated explanations from being convincing. In this paper, we claim that introducing lexical constraints can alleviate the above issues. We propose a model, UCEpic, that generates high-quality personalized explanations for recommendation results by unifying aspect planning and lexical constraints in an insertion-based generation manner. Methodologically, to ensure text generation quality and robustness to various lexical constraints, we pre-train a non-personalized text generator via our proposed robust insertion process. Then, to obtain personalized explanations under this framework of insertion-based generation, we design a method of incorporating aspect planning and personalized references into the insertion process. Hence, UCEpic unifies aspect planning and lexical constraints into one framework and generates explanations for recommendations under different settings. Compared to previous recommendation explanation generators controlled by only aspects, UCEpic incorporates specific information from keyphrases and then largely improves the diversity and informativeness of generated explanations for recommendations on datasets such as RateBeer and Yelp. © 2025 Elsevier B.V., All rights reserved.","Explainable Recommendation; Lexical Constraints; Natural Language Generation; Recommender Systems; Natural Language Processing Systems; Recommender Systems; Explainable Recommendation; Generation Process; High Quality; Insertion Process; Lexical Constraint; Natural Language Generation; Planning Method; Specific Information; Text Generations; Users' Interests; Process Control","Natural language processing systems; Recommender systems; Explainable recommendation; Generation process; High quality; Insertion process; Lexical constraint; Natural language generation; Planning method; Specific information; Text generations; Users' interests; Process control","Conference paper","Final","All Open Access; Hybrid Gold Open Access","Scopus","2-s2.0-85171325902"
"Z., Xu, Zhichao; D., Cohen, Daniel","Xu, Zhichao (57219789349); Cohen, Daniel (57191505522)","57219789349; 57191505522","A Lightweight Constrained Generation Alternative for Query-focused Summarization","2023","","","","","1745","1749","0","3","10.1145/3539618.3591936","https://www.scopus.com/inward/record.uri?eid=2-s2.0-85168712418&doi=10.1145%2F3539618.3591936&partnerID=40&md5=e1dc522e9c92f187be947127cee30bc1","Query-focused summarization (QFS) aims to provide a summary of a document that satisfies information need of a given query and is useful in various IR applications, such as abstractive snippet generation. Current QFS approaches typically involve injecting additional information, e.g. query-answer relevance or fine-grained token-level interaction between a query and document, into a finetuned large language model. However, these approaches often require extra parameters & training, and generalize poorly to new dataset distributions. To mitigate this, we propose leveraging a recently developed constrained generation model Neurological Decoding (NLD) as an alternative to current QFS regimes which rely on additional sub-architectures and training. We first construct lexical constraints by identifying important tokens from the document using a lightweight gradient attribution model, then subsequently force the generated summary to satisfy these constraints by directly manipulating the final vocabulary likelihood. This lightweight approach requires no additional parameters or finetuning as it utilizes both an off-the-shelf neural retrieval model to construct the constraints and a standard generative language model to produce the QFS. We demonstrate the efficacy of this approach on two public QFS collections achieving near parity with the state-of-the-art model with substantially reduced complexity. © 2025 Elsevier B.V., All rights reserved.","Constrained Generation; Query-focused Summarization; Computational Linguistics; 'current; Constrained Generation; Fine Grained; Language Model; Parameter Training; Query-focused Summarization; Retrieval Models; Snippet Generation; State Of The Art; Sub-architectures; Query Processing","Computational linguistics; 'current; Constrained generation; Fine grained; Language model; Parameter training; Query-focused summarization; Retrieval models; Snippet generation; State of the art; Sub-architectures; Query processing","Conference paper","Final","All Open Access; Green Accepted Open Access; Green Open Access; Hybrid Gold Open Access","Scopus","2-s2.0-85168712418"
"H., Kobayashi, Harumi; T., Yasuda, Tetsuya; U., Liszkowski, Ulf","Kobayashi, Harumi (35299616500); Yasuda, Tetsuya (35243828700); Liszkowski, Ulf (6506679558)","35299616500; 35243828700; 6506679558","Marked pointing facilitates learning part names: A test of lexical constraint versus social pragmatic accounts of word learning","2023","Journal of Child Language","50","2","","296","310","0","2","10.1017/S0305000921000891","https://www.scopus.com/inward/record.uri?eid=2-s2.0-85125798791&doi=10.1017%2FS0305000921000891&partnerID=40&md5=d23021164c309b829ba8b7a601f602a6","The empirical study of word learning is driven by a theoretical debate between lexical constraint and social-pragmatic accounts; it has still not been determined which of these two best explains the evidence. We investigated whether the markedness of a pointing accompanying a verbal reference could help to learn a part name. Participants were 35 two-and-a-half-year-olds, 42 four-and-a-half-year-olds, and 38 undergraduate university students in Japan. The experimenter pointed to a novel part (embedded in a novel whole object) with either marked pointing, which was touching the part with a small circular motion, or with usual pointing. Touch accompanied by circular motion reliably elicited learning of part names in all age groups. Usual distal pointing without motion reliably elicited learning of whole object names. The pattern of findings rejects a whole-object constraint in early word learning and demonstrates that marked pointing can promote learning novel part names, supporting a social-pragmatic account. © 2024 Elsevier B.V., All rights reserved.","Markedness; Part Names; Pointing Gesture; Social-pragmatic Account; Word Learning; Adult; Article; Clinical Article; Female; Gesture; Groups By Age; Human; Human Experiment; Japan; Learning; Male; Motion; Touch; University Student; Language Development; Verbal Learning; Vocabulary; Humans; Language Development; Learning; Verbal Learning; Vocabulary","adult; article; clinical article; female; gesture; groups by age; human; human experiment; Japan; learning; male; motion; touch; university student; language development; verbal learning; vocabulary; Humans; Language Development; Learning; Verbal Learning; Vocabulary","Article","Final","All Open Access; Hybrid Gold Open Access","Scopus","2-s2.0-85125798791"
"A., Comblain, Annick; A., Witt, Arnaud; J.P., Thibaut, Jean Pierre","Comblain, Annick (6507646961); Witt, Arnaud (36635188900); Thibaut, Jean Pierre (7004173835)","6507646961; 36635188900; 7004173835","Lexical development in the context of an intellectual disability: State of the art; Développement lexical dans le cadre d'une déficience intellectuelle : le point sur la question","2023","Psychologie Francaise","68","1","","91","115","0","1","10.1016/j.psfr.2022.03.001","https://www.scopus.com/inward/record.uri?eid=2-s2.0-85130383741&doi=10.1016%2Fj.psfr.2022.03.001&partnerID=40&md5=f29b2d36fd00811915a2c48d3621d7ee","Introduction: Lexical development of children with intellectual disability has received poor attention in the scientific literature compared to general language development. PubMed and Scopus databases identify around 13,000 peer-reviewed scientific publications on general language development of people with intellectual disabilities and 20 times fewer results on lexical development. Discussion: The studies analyzed in this article refer to two distinct fields of research: (1) the comparative study of children with disabilities and neurotypical children's developmental trajectories and (2) the description of the referential content of the lexicon and of the learning process. The first line of research describes the general shape of the lexical acquisition trajectory of children with intellectual disabilities; trajectory marked by a later and less important lexical explosion than the one observed in neurotypical children. It is also marked by the highlighting of the respective influence of mental age and chronological age (or life experience) in lexical development; the first being involved in the development of both the expressive and receptive side of the vocabulary and the second impacting only the receptive side. The second line of research gives elements of explanation for the problem identified in the mastery of complex areas of the lexicon (abstract words or relational vocabulary). These difficulties are often interpreted in terms of a deficit of conceptual knowledge and therefore of access to semantic memory. This line of research also describes the use of lexical constraints and principles in children with intellectual disabilities. The conclusions of these studies highlight abilities to generalize new words to new examples comparable to those observed in neurotypical children. The intersyndromic variability, more particularly the specific lexical profiles of people with trisomy 21 and those with Williams syndrome, crosses the two lines of research and makes it possible to identify what is specific to intellectual disability from what is specific to a particular syndrome. However, many questions still remain unanswered. © 2023 Elsevier B.V., All rights reserved.","Genetic Syndromes; Intellectual Disability; Lexical Development","","Article","Final","All Open Access; Green Accepted Open Access; Green Open Access","Scopus","2-s2.0-85130383741"
"F., Chen, Fan; Y., Fang, Yongming; X., Man, Xuedong; Y., Zhao, Yunbo; T., Fang, Tianzhu; L., Lin, Luxin; M., Tan, Meiyun; S., Huang, Siying","Chen, Fan (58921590800); Fang, Yongming (58921256700); Man, Xuedong (58921497000); Zhao, Yunbo (58921497100); Fang, Tianzhu (58921497200); Lin, Luxin (58921355600); Tan, Meiyun (58921304000); Huang, Siying (58921304100)","58921590800; 58921256700; 58921497000; 58921497100; 58921497200; 58921355600; 58921304000; 58921304100","Text Prompt Translation for Zero Shot Prediction under Lexical Constraint in Aviation Domain","2023","","","","","","","0","0","10.1109/CSECS60003.2023.10428175","https://www.scopus.com/inward/record.uri?eid=2-s2.0-85186759400&doi=10.1109%2FCSECS60003.2023.10428175&partnerID=40&md5=cd2ecdbbe256ea1d13c9a4bd9be3155b","In real-world translation scenarios, particularly those involving safety in the aviation domain, it is expected that neural machine translation (NMT) can translate with idiomatic expressions and constraints provided by aviation experts. Generally, this topic problem can be addressed by fine-tuning NMT model with parallel corpus. However, parallel corpus is usually lacking and with noise. Conventional pre-training & fine-tuning paradigm may not perform well in this situation. Recently, a series prompt-tuning works have been proposed to solve the few-shot and zero-shot problems existing in downstream task. Inspired by those, we designed a prompt-based methods for NMT. With the help of injected related domain knowledge, the NMT models can strictly follow to word-level constraints. Specifically, in this work, we proposed two well-designed modules that can satisfy translation constraints in the aviation domain, including the preservation of words and observation of terminology. We extensively conduct experiments on a real-world large corpus of aviation maintenance text in English and Chinese and evaluated our method with four metrics, including missing or redundant information, incorrect formats, bad word or sentence patterns, and unconventional expressions. The experiment results show that our prompt methods were able to make the translation satisfy domain-specific lexical constraints in low-resource settings, using a pre-trained Transformer as the backbone model across all tasks. © 2024 Elsevier B.V., All rights reserved.","Prompt-based; Text Translation; Word-level Constraint; Zero-shot Prediction; Computational Linguistics; Computer Aided Language Translation; Domain Knowledge; Machine Translation; Aviation Domain; Fine Tuning; Machine Translation Models; Parallel Corpora; Prompt-based; Real-world; Text Translation; Word Level; Word-level Constraint; Zero-shot Prediction; Zero-shot Learning","Computational linguistics; Computer aided language translation; Domain Knowledge; Machine translation; Aviation domain; Fine tuning; Machine translation models; Parallel corpora; Prompt-based; Real-world; Text translation; Word level; Word-level constraint; Zero-shot prediction; Zero-shot learning","Conference paper","Final","","Scopus","2-s2.0-85186759400"
"J., Jon, Josef; D., Variš, Dušan; M., Novák, Michal; J.P., Aires, João Paulo; O., Bojar, Ondřej","Jon, Josef (57219789644); Variš, Dušan (56582304500); Novák, Michal (54793288000); Aires, João Paulo (57274533700); Bojar, Ondřej (56582096100)","57219789644; 56582304500; 54793288000; 57274533700; 56582096100","Negative Lexical Constraints in Neural Machine Translation","2023","","1","","","372","384","0","0","","https://www.scopus.com/inward/record.uri?eid=2-s2.0-85185224748&partnerID=40&md5=f8f59583c408024543eded072eeeb1b2","This paper explores negative lexical constraining in English to Czech neural machine translation. Negative lexical constraining is used to prohibit certain words or expressions in the translation produced by the neural translation model. We compared various methods based on modifying either the decoding process or the training data. The comparison was performed on two tasks: paraphrasing and feedback-based translation refinement. We also studied to which extent these methods “evade"" the constraints presented to the model (usually in the dictionary form) by generating a different surface form of a given constraint.We propose a way to mitigate the issue through training with stemmed negative constraints to counter the model's ability to induce a variety of the surface forms of a word that can result in bypassing the constraint. We demonstrate that our method improves the constraining, although the problem still persists in many cases. © 2024 Elsevier B.V., All rights reserved.","Computational Linguistics; Computer Aided Language Translation; Creative Commons; Decoding Process; Feed-back Based; Modeling Abilities; Negative Constraints; Surface Forms; Training Data; Translation Models; Neural Machine Translation","Computational linguistics; Computer aided language translation; Creative Commons; Decoding process; Feed-back based; Modeling abilities; Negative constraints; Surface forms; Training data; Translation models; Neural machine translation","Conference paper","Final","","Scopus","2-s2.0-85185224748"
"R., Miyano, Ryota; T., Kajiwara, Tomoyuki; Y., Arase, Yuki","Miyano, Ryota (58882565500); Kajiwara, Tomoyuki (56903744700); Arase, Yuki (16642343000)","58882565500; 56903744700; 16642343000","Self-Ensemble of N-best Generation Hypotheses by Lexically Constrained Decoding","2023","","","","","14653","14661","0","0","10.18653/v1/2023.emnlp-main.905","https://www.scopus.com/inward/record.uri?eid=2-s2.0-85184827788&doi=10.18653%2Fv1%2F2023.emnlp-main.905&partnerID=40&md5=550381a29107a0b3d1a6552be816f21b","We propose a method that ensembles N-best hypotheses to improve natural language generation. Previous studies have achieved notable improvements in generation quality by explicitly reranking N-best candidates. These studies assume that there exists a hypothesis of higher quality. We expand the assumption to be more practical as there exist partly higher quality hypotheses in the N-best yet they may be imperfect as the entire sentences. By merging these high-quality fragments, we can obtain a higher-quality output than the single-best sentence. Specifically, we first obtain N-best hypotheses and conduct token-level quality estimation. We then apply tokens that should or should not be present in the final output as lexical constraints in decoding. Empirical experiments on paraphrase generation, summarisation, and constrained text generation confirm that our method outperforms the strong N-best reranking methods. © 2025 Elsevier B.V., All rights reserved.","Computational Linguistics; Natural Language Processing Systems; Constrained Decoding; Empirical Experiments; High Quality; N-best Hypothesis; Natural Language Generation; Quality Estimation; Re-ranking; Text Generations; Decoding","Computational linguistics; Natural language processing systems; Constrained decoding; Empirical experiments; High quality; N-best hypothesis; Natural language generation; Quality estimation; Re-ranking; Text generations; Decoding","Conference paper","Final","All Open Access; Hybrid Gold Open Access","Scopus","2-s2.0-85184827788"
"K., Walker, Katherine; P., Faghiri, Pegah","Walker, Katherine (58732769700); Faghiri, Pegah (57198815534)","58732769700; 57198815534","Introduction to Lexical constraints in grammar: Minority verb classes and restricted alternations","2023","Open Linguistics","9","1","20220271","","","0","0","10.1515/opli-2022-0271","https://www.scopus.com/inward/record.uri?eid=2-s2.0-85180927680&doi=10.1515%2Fopli-2022-0271&partnerID=40&md5=1f76ab000e9c9849003c850af7840725","[No abstract available]","Alternation; Grammatical Relations; Lexical Constraints; Token-based Typology","","Editorial","Final","All Open Access; Gold Open Access","Scopus","2-s2.0-85180927680"
"Y., Baek, Yujin; K., Lee, Koanho; D., Ki, Dayeon; C., Park, Cheonbok; H., Lee, Hyoung-gyu; J., Choo, Jaegul","Baek, Yujin (57435579700); Lee, Koanho (58506652100); Ki, Dayeon (58340351800); Park, Cheonbok (57208736798); Lee, Hyoung-gyu (36602858000); Choo, Jaegul (24512223400)","57435579700; 58506652100; 58340351800; 57208736798; 36602858000; 24512223400","Towards Accurate Translation via Semantically Appropriate Application of Lexical Constraints","2023","Proceedings of the Annual Meeting of the Association for Computational Linguistics","","","","4839","4855","0","2","10.18653/v1/2023.findings-acl.298","https://www.scopus.com/inward/record.uri?eid=2-s2.0-85175483563&doi=10.18653%2Fv1%2F2023.findings-acl.298&partnerID=40&md5=2c396c3af4d27be5c149c2780c66256c","Lexically-constrained NMT (LNMT) aims to incorporate user-provided terminology into translations. Despite its practical advantages, existing work has not evaluated LNMT models under challenging real-world conditions. In this paper, we focus on two important but understudied issues that lie in the current evaluation process of LNMT studies. The model needs to cope with challenging lexical constraints that are “homographs” or “unseen” during training. To this end, we first design a homograph disambiguation module to differentiate the meanings of homographs. Moreover, we propose PLUMCOT, which integrates contextually rich information about unseen lexical constraints from pre-trained language models and strengthens a copy mechanism of the pointer network via direct supervision of a copying score. We also release HOLLY, an evaluation benchmark for assessing the ability of a model to cope with “homographic” and “unseen” lexical constraints. Experiments on HOLLY and the previous test setup show the effectiveness of our method. The effects of PLUMCOT are shown to be remarkable in “unseen” constraints. Our dataset is available at https://github.com/papago-lab/HOLLY-benchmark. © 2025 Elsevier B.V., All rights reserved.","Computational Linguistics; 'current; Condition; First Designs; Homograph Disambiguations; Language Model; Real-world; Test Setups; Translation (languages)","Computational linguistics; 'current; Condition; First designs; Homograph disambiguations; Language model; Real-world; Test setups; Translation (languages)","Conference paper","Final","All Open Access; Green Accepted Open Access; Green Open Access; Hybrid Gold Open Access","Scopus","2-s2.0-85175483563"
"J., Zhang, Jinpeng; N., Xiao, Nini; K., Wang, Ke; C., Dong, Chuanqi; X., Duan, Xiangyu; Y., Zhang, Yuqi; M., Zhang, Min","Zhang, Jinpeng (57224786576); Xiao, Nini (57224773903); Wang, Ke (59044845800); Dong, Chuanqi (57984184000); Duan, Xiangyu (54906625400); Zhang, Yuqi (57222421546); Zhang, Min (56368409100)","57224786576; 57224773903; 59044845800; 57984184000; 54906625400; 57222421546; 56368409100","Disambiguated Lexically Constrained Neural Machine Translation","2023","Proceedings of the Annual Meeting of the Association for Computational Linguistics","","","","10583","10596","0","2","10.18653/v1/2023.findings-acl.673","https://www.scopus.com/inward/record.uri?eid=2-s2.0-85175421463&doi=10.18653%2Fv1%2F2023.findings-acl.673&partnerID=40&md5=eff9be69c18e5bbf41d4e816f79a70f4","Lexically constrained neural machine translation (LCNMT), which controls the translation generation with pre-specified constraints, is important in many practical applications. Current approaches to LCNMT typically assume that the pre-specified lexical constraints are contextually appropriate. This assumption limits their application to real-world scenarios where a source lexicon may have multiple target constraints, and disambiguation is needed to select the most suitable one. In this paper, we propose disambiguated LCNMT (D-LCNMT) to solve the problem. D-LCNMT is a robust and effective two-stage framework that disambiguates the constraints based on contexts at first, then integrates the disambiguated constraints into LCNMT. Experimental results show that our approach outperforms strong baselines including existing data augmentation based approaches on benchmark datasets, and comprehensive experiments in scenarios where a source lexicon corresponds to multiple target constraints demonstrate the constraint disambiguation superiority of our approach. © 2025 Elsevier B.V., All rights reserved.","Computational Linguistics; Computer Aided Language Translation; 'current; Benchmark Datasets; Constraint-based; Data Augmentation; Multiple Targets; Real-world Scenario; Neural Machine Translation","Computational linguistics; Computer aided language translation; 'current; Benchmark datasets; Constraint-based; Data augmentation; Multiple targets; Real-world scenario; Neural machine translation","Conference paper","Final","All Open Access; Green Accepted Open Access; Green Open Access; Hybrid Gold Open Access","Scopus","2-s2.0-85175421463"
"T., Green, Tommaso; S.P., Ponzetto, Simone Paolo; G., Glavaš, Goran","Green, Tommaso (57733447700); Ponzetto, Simone Paolo (15056538200); Glavaš, Goran (36462569800)","57733447700; 15056538200; 36462569800","Massively Multilingual Lexical Specialization of Multilingual Transformers","2023","Proceedings of the Annual Meeting of the Association for Computational Linguistics","1","","","7700","7715","0","1","10.18653/v1/2023.acl-long.426","https://www.scopus.com/inward/record.uri?eid=2-s2.0-85174416470&doi=10.18653%2Fv1%2F2023.acl-long.426&partnerID=40&md5=f768ebc8d23823eb8fc8c742e735e149","While pretrained language models (PLMs) primarily serve as general-purpose text encoders that can be fine-tuned for a wide variety of downstream tasks, recent work has shown that they can also be rewired to produce high-quality word representations (i.e., static word embeddings) and yield good performance in type-level lexical tasks. While existing work primarily focused on the lexical specialization of single monolingual PLMs, in this work we expose massively multilingual transformers (MMTs, e.g., mBERT or XLM-R) to multilingual lexical knowledge at scale, leveraging BabelNet as the readily available rich source of multilingual and cross-lingual type-level lexical knowledge. Concretely, we use BabelNet's multilingual synsets to create synonym pairs (or synonym-gloss pairs) across 50 languages and then subject the MMTs (mBERT and XLM-R) to a lexical specialization procedure guided by a contrastive objective. We show that such multilingual lexical specialization brings substantial gains in two standard cross-lingual lexical tasks, bilingual lexicon induction and cross-lingual word similarity, as well as in cross-lingual sentence retrieval. Crucially, we observe gains for languages unseen in specialization, indicating that multilingual lexical specialization enables generalization to languages with no lexical constraints. In a series of controlled experiments, we show that the number of specialization constraints plays a much greater role than the set of languages from which they originate. © 2025 Elsevier B.V., All rights reserved.","Computational Linguistics; Cross-lingual; Down-stream; Embeddings; High Quality; Language Model; Lexical Knowledge; Performance; Specialisation; Synsets; Word Representations; Knowledge Management","Computational linguistics; Cross-lingual; Down-stream; Embeddings; High quality; Language model; Lexical knowledge; Performance; Specialisation; Synsets; Word representations; Knowledge management","Conference paper","Final","All Open Access; Green Accepted Open Access; Green Open Access; Hybrid Gold Open Access","Scopus","2-s2.0-85174416470"
"H., Zhang, Honghua; M., Dang, Meihua; N., Peng, Nanyun; G., van den Broeck, Guy","Zhang, Honghua (57219749561); Dang, Meihua (57221145654); Peng, Nanyun (57204466260); van den Broeck, Guy (35185591300)","57219749561; 57221145654; 57204466260; 35185591300","Tractable Control for Autoregressive Language Generation","2023","Proceedings of Machine Learning Research","202","","","40932","40945","0","20","","https://www.scopus.com/inward/record.uri?eid=2-s2.0-85174407675&partnerID=40&md5=3a9339f1b2357179cfac0c6d0d9557c0","Despite the success of autoregressive large language models in text generation, it remains a major challenge to generate text that satisfies complex constraints: sampling from the conditional distribution Pr(text |α) is intractable for even the simplest lexical constraints α. To overcome this challenge, we propose to use tractable probabilistic models (TPMs) to impose lexical constraints in autoregressive text generation models, which we refer to as GeLaTo (Generating Language with Tractable Constraints). To demonstrate the effectiveness of this framework, we use distilled hidden Markov models, where we can efficiently compute Pr(text |α), to guide autoregressive generation from GPT2. GeLaTo achieves state-of-the-art performance on challenging benchmarks for constrained text generation (e.g., CommonGen), beating various strong baselines by a large margin. Our work not only opens up new avenues for controlling large language models but also motivates the development of more expressive TPMs. © 2023 Elsevier B.V., All rights reserved.","Benchmarking; Computational Linguistics; Machine Learning; Auto-regressive; Complex Constraints; Conditional Distribution; Constraint Sampling; Hidden-markov Models; Language Generation; Language Model; Probabilistic Models; Simple++; Text Generations; Hidden Markov Models","Benchmarking; Computational linguistics; Machine learning; Auto-regressive; Complex constraints; Conditional distribution; Constraint sampling; Hidden-Markov models; Language generation; Language model; Probabilistic models; Simple++; Text generations; Hidden Markov models","Conference paper","Final","","Scopus","2-s2.0-85174407675"
"M., Bastan, Mohaddeseh; M., Surdeanu, Mihai; N., Balasubramanian, Niranjan","Bastan, Mohaddeseh (57219691445); Surdeanu, Mihai (23398535300); Balasubramanian, Niranjan (23011406500)","57219691445; 23398535300; 23011406500","NEUROSTRUCTURAL DECODING: Neural Text Generation with Structural Constraints","2023","Proceedings of the Annual Meeting of the Association for Computational Linguistics","1","","","9496","9510","0","2","10.18653/v1/2023.acl-long.528","https://www.scopus.com/inward/record.uri?eid=2-s2.0-85174389640&doi=10.18653%2Fv1%2F2023.acl-long.528&partnerID=40&md5=409b5539b8437b95fb410f2776bd3636","Text generation often involves producing texts that also satisfy a given set of semantic constraints. While most approaches for conditional text generation have primarily focused on lexical constraints, they often struggle to effectively incorporate syntactic constraints, which provide a richer language for approximating semantic constraints. We address this gap by introducing NEUROSTRUCTURAL DECODING, a new decoding algorithm that incorporates syntactic constraints to further improve the quality of the generated text. We build NEUROSTRUCTURAL DECODING on the NeuroLogic Decoding (Lu et al., 2021b) algorithm, which enables language generation models to produce fluent text while satisfying complex lexical constraints. Our algorithm is powerful and scalable. It tracks lexico-syntactic constraints (e.g., we need to observe dog as subject and ball as object) during decoding by parsing the partial generations at each step. To this end, we adapt a dependency parser to generate parses for incomplete sentences. Our approach is evaluated on three different language generation tasks, and the results show improved performance in both lexical and syntactic metrics compared to previous methods. The results suggest this is a promising solution for integrating fine-grained controllable text generation into the conventional beam search decoding. © 2025 Elsevier B.V., All rights reserved.","Computational Linguistics; Decoding; Semantics; Beam Search; Decoding Algorithm; Dependency Parser; Fine Grained; Fluents; Language Generation; Performance; Semantic Constraints; Structural Constraints; Text Generations; Syntactics","Computational linguistics; Decoding; Semantics; Beam search; Decoding algorithm; Dependency parser; Fine grained; Fluents; Language generation; Performance; Semantic constraints; Structural constraints; Text generations; Syntactics","Conference paper","Final","All Open Access; Hybrid Gold Open Access","Scopus","2-s2.0-85174389640"
"M.I.J., Martínez, María Isabel Jiménez; C., Melis, Chantal","Martínez, María Isabel Jiménez (57985030800); Melis, Chantal (36020454300)","57985030800; 36020454300","A constructional approach to causative support verbs in Spanish","2023","Constructional Approaches to Language","34","","","78","102","0","1","10.1075/cal.34.04jim","https://www.scopus.com/inward/record.uri?eid=2-s2.0-85169045943&doi=10.1075%2Fcal.34.04jim&partnerID=40&md5=877e40af8814e00b9cb0bf18523a1217","Complex predicates formed with a semantically bleached verb and a predicating nominal (take a walk) have posed a challenge to grammatical theories. One must explain how the two elements integrate into a semantic and syntactic unit, without losing sight of the lexical constraints the so-called support or light verb constructions are subjected to (∗give a jog). In this work, centered on a family of Spanish phrases featuring an emotional state noun and associated with a causative meaning (cf. dar miedo 'to frighten', lit. 'to give fear'), we adopt Goldberg's (1995, 2006) analysis of ""argument structure constructions"", introducing necessary adjustments to fit the composite nature of the predicate, and we show how Cognitive Construction Grammar offers a particularly well-suited model to handle linguistic expressions that combine regular syntactic properties with lexical idiosyncrasies. © 2023 Elsevier B.V., All rights reserved.","Causation; Cognitive Construction Grammar; Emotion Nouns; Spanish; Support Verbs","","Book chapter","Final","","Scopus","2-s2.0-85169045943"
"D., Chua, Deborah","Chua, Deborah (57197758287)","57197758287","Are three or more languages really too much to handle? Tracing the possibilities of multilingualism from Singaporean children’s choice of adjectival comparatives","2023","","","","","95","112","0","0","","https://www.scopus.com/inward/record.uri?eid=2-s2.0-85165338588&partnerID=40&md5=97e507db20b0fbd15fd542c9463fc849","Contrary to the formalised lexical constraints governing the construction of adjectival comparatives theorised by grammarians, instances of young children’s usage of adjectival comparatives more and -er, as documented in the literature and gleaned from personal observation, do not always adhere to these formalised rules. This chapter sets out to examine if the developmental norms that children exhibit in terms of their preferences between the English comparatives more and -er vary according to whether they are concurrently learning English and other language(s) or whether they are monolingual learners of English. A comparison between findings garnered from a judgement task conducted as part of a larger study on Singaporean children, and findings from Clarke (2001), which were based on British English-speaking children, will be drawn with reference to the language developmental principles of semantic transparency and productivity (Clark 1981, 1993, 1998). The comparison suggests that Singaporean children, who are learning multiple languages (including English), do not significantly differ from their British counterparts, who are learning only the English language, in terms of age-bound preferential norms between comparatives more and -er. In view of this, the chapter raises questions on concerns about detrimental effects arising from having children learn several languages simultaneously. The grounds for those concerns will be examined in relation to possible mismatches between how adults perceive the language-learning process and how the child, in effect, enacts the process. © 2023 Elsevier B.V., All rights reserved.","","","Book chapter","Final","","Scopus","2-s2.0-85165338588"
"G., Puech, Gilbert","Puech, Gilbert (57352265800)","57352265800","Stem configurations, lexical items, and phonological words in Maltese","2023","Glossa","8","1","","","","0","0","10.16995/glossa.6556","https://www.scopus.com/inward/record.uri?eid=2-s2.0-85159054807&doi=10.16995%2Fglossa.6556&partnerID=40&md5=24a6e456b5bdcf2e728bf945cd1a1f90","Maltese is the ‘national’ language of the people in the sister-islands of Malta and Gozo. Originally Arabic, Maltese vocabulary has been massively expanded by borrowings from Romance (Sicilian/Italian), and more recently English. Influential contributions in (post) generative phonology and Optimality Theory claim that Maltese phonology is based on the interaction of (Palestinian Arabic type) stress assignment with syncope, and cyclic application of rules/constraints. This approach fails in some cases for Semitic Maltese, and is inoperative for borrowed vocabulary. I argue for distributing morphological constituents in three domains. The stem-domain heads a radical base, to which a preformative morph may be incorporated, and inflectional circumfixes. The Lexical-item domain heads the stem-node to which (in) direct pronominal objects may be concatenated. Clitics are adjoined to the phonological-word domain. All exponents are mapped on the linearized segmental tier. Trochaic stems satisfying morpho-lexical constraints are built in a pre-lexical phase. Vocalism is underlyingly specified or assigned by default, including ‘reverse-imāla’. In a lexical phase, OCP and Licensing shape syllabic stem-profiles to satisfy morpho-prosodic constraints. In the post-lexical phase, surface forms are generated by application of phonological processes: stress assignment, vowel length and quality, voice alteration in obstruents. A model of ‘Weak CV Phonology’, distantly related to Strict CV Phonology, is drawn up. Segmental representations are analyzed in monovalent elements. Maltese has often been presented as a ‘mixed’ language with two strata of vocabulary and two morphologies: root-and-pattern, non-concatenative for template-bound vocabulary, and concatenative for loan-words. I claim that Maltese consistently requires templatic, concatenative and word-based morphology. © 2023 Elsevier B.V., All rights reserved.","","","Article","Final","All Open Access; Gold Open Access","Scopus","2-s2.0-85159054807"
"N., Bleijlevens, Natalie; F., Contier, Friederike; T., Behne, Tanya","Bleijlevens, Natalie (58081407400); Contier, Friederike (57386969400); Behne, Tanya (8595638900)","58081407400; 57386969400; 8595638900","Pragmatics aid referent disambiguation and word learning in young children and adults","2023","Developmental Science","","","","","","0","4","10.1111/desc.13363","https://www.scopus.com/inward/record.uri?eid=2-s2.0-85146976426&doi=10.1111%2Fdesc.13363&partnerID=40&md5=bb6aa50ca1c4ab9db675c769e42f25bf","How do children succeed in learning a word? Research has shown robustly that, in ambiguous labeling situations, young children assume novel labels to refer to unfamiliar rather than familiar objects. However, ongoing debates center on the underlying mechanism: Is this behavior based on lexical constraints, guided by pragmatic reasoning, or simply driven by children's attraction to novelty? Additionally, recent research has questioned whether children's disambiguation leads to long-term learning or rather indicates an attentional shift in the moment of the conversation. Thus, we conducted a pre-registered online study with 2- and 3-year-olds and adults. Participants were presented with unknown objects as potential referents for a novel word. Across conditions, we manipulated whether the only difference between both objects was their relative novelty to the participant or whether, in addition, participants were provided with pragmatic information that indicated which object the speaker referred to. We tested participants’ immediate referent selection and their retention after 5 min. Results revealed that when given common ground information both age groups inferred the correct referent with high success and enhanced behavioral certainty. Without this information, object novelty alone did not guide their selection. After 5 min, adults remembered their previous selections above chance in both conditions, while children only showed reliable learning in the pragmatic condition. The pattern of results indicates how pragmatics may aid referent disambiguation and learning in both adults and young children. From early ontogeny on, children's social-cognitive understanding may guide their communicative interactions and support their language acquisition. Research Highlights: We tested how 2-3-year-olds and adults resolve referential ambiguity without any lexical cues. In the pragmatic context both age groups disambiguated novel word-object-mappings, while object novelty alone did not guide their referent selection. In the pragmatic context, children also showed increased certainty in disambiguation and retained new word-object-mappings over time. These findings contribute to the ongoing debate on whether children learn words on the basis of domain-specific constraints, lower-level associative mechanisms, or pragmatic inferences. © 2023 Elsevier B.V., All rights reserved.","Disambiguation; Discourse Novelty; Mutual Exclusivity; Pragmatics; Retention; Word Learning; Adult; Child; Human; Language Development; Learning; Preschool Child; Problem Solving; Verbal Learning; Vocabulary; Adult; Child; Child, Preschool; Humans; Language Development; Learning; Problem Solving; Verbal Learning; Vocabulary","adult; child; human; language development; learning; preschool child; problem solving; verbal learning; vocabulary; Adult; Child; Child, Preschool; Humans; Language Development; Learning; Problem Solving; Verbal Learning; Vocabulary","Article","aip","All Open Access; Hybrid Gold Open Access","Scopus","2-s2.0-85146976426"
"Q., Yang, Qian; Y., Li, Yunxin; B., Hu, Baotian; L., Ma, Lin; Y., Ding, Yuxin; M., Zhang, Min","Yang, Qian (57305856000); Li, Yunxin (57226341191); Hu, Baotian (55647462200); Ma, Lin (56377428300); Ding, Yuxin (16041749500); Zhang, Min (56368409100)","57305856000; 57226341191; 55647462200; 56377428300; 16041749500; 56368409100","Chunk-aware Alignment and Lexical Constraint for Visual Entailment with Natural Language Explanations","2022","","","","","3587","3597","0","11","10.1145/3503161.3548284","https://www.scopus.com/inward/record.uri?eid=2-s2.0-85150971621&doi=10.1145%2F3503161.3548284&partnerID=40&md5=7005a3e8da8b92099a68dff0f3f67030","Visual Entailment with natural language explanations aims to infer the relationship between a text-image pair and generate a sentence to explain the decision-making process. Previous methods rely mainly on a pre-trained vision-language model to perform the relation inference and a language model to generate the corresponding explanation. However, the pre-trained vision-language models mainly build token-level alignment between text and image yet ignore the high-level semantic alignment between the phrases (chunks) and visual contents, which is critical for vision-language reasoning. Moreover, the explanation generator based only on the encoded joint representation does not explicitly consider the critical decision-making points of relation inference. Thus the generated explanations are less faithful to visual-language reasoning. To mitigate these problems, we propose a unified Chunk-aware Alignment and Lexical Constraint based method, dubbed as CALeC. It contains a Chunk-aware Semantic Interactor (arr. CSI), a relation inferrer, and a Lexical Constraint-aware Generator (arr. LeCG). Specifically, CSI exploits the sentence structure inherent in language and various image regions to build chunk-aware semantic alignment. Relation inferrer uses an attention-based reasoning network to incorporate the token-level and chunk-level vision-language representations. LeCG utilizes lexical constraints to expressly incorporate the words or chunks focused by the relation inferrer into explanation generation, improving the faithfulness and informativeness of the explanations. We conduct extensive experiments on three datasets, and experimental results indicate that CALeC significantly outperforms other competitor models on inference accuracy and quality of generated explanations. © 2023 Elsevier B.V., All rights reserved.","Explanation Generation; Semantic Alignment; Visual Entailment; Computational Linguistics; Decision Making; Semantics; Decision-making Process; Explanation Generation; High Level Semantics; Image Pairs; Language Model; Natural Language Explanations; Semantic Alignments; Text Images; Visual Content; Visual Entailment; Visual Languages","Computational linguistics; Decision making; Semantics; Decision-making process; Explanation generation; High level semantics; Image pairs; Language model; Natural language explanations; Semantic alignments; Text images; Visual content; Visual entailment; Visual languages","Conference paper","Final","All Open Access; Green Accepted Open Access; Green Open Access","Scopus","2-s2.0-85150971621"
"C., Ma, Chang; S., Zhang, Song; G., Shen, Gehui; Z., Deng, Zhihong","Ma, Chang (58133851600); Zhang, Song (59789762600); Shen, Gehui (57208506923); Deng, Zhihong (55449468300)","58133851600; 59789762600; 57208506923; 55449468300","Switch-GPT: An Effective Method for Constrained Text Generation under Few-Shot Settings (Student Abstract)","2022","","36","","","13011","13012","0","3","10.1609/aaai.v36i11.21642","https://www.scopus.com/inward/record.uri?eid=2-s2.0-85147604007&doi=10.1609%2Faaai.v36i11.21642&partnerID=40&md5=53ee9999f9a69375cf280a580502f57d","In real-world applications of natural language generation, target sentences are often required to satisfy some lexical constraints. However, the success of most neural-based models relies heavily on data, which is infeasible for data-scarce new domains. In this work, we present FewShotAmazon, the first benchmark for the task of Constrained Text Generation under few-shot settings on multiple domains. Further, we propose the Switch-GPT model, in which we utilize the strong language modeling capacity of GPT-2 to generate fluent and well-formulated sentences, while using a light attention module to decide which constraint to attend to at each step. Experiments show that the proposed Switch-GPT model is effective and remarkably outperforms the baselines. Codes will be available at https://github.com/chang-github-00/Switch-GPT. © 2025 Elsevier B.V., All rights reserved.","Abstracting; Artificial Intelligence; Natural Language Processing Systems; Fluents; Language Model; Multiple Domains; Natural Language Generation; Real-world; Text Generations; Modeling Languages","Abstracting; Artificial intelligence; Natural language processing systems; Fluents; Language model; Multiple domains; Natural language generation; Real-world; Text generations; Modeling languages","Conference paper","Final","All Open Access; Gold Open Access","Scopus","2-s2.0-85147604007"
"L.E., Bernstein, Lynne E.; N., Jordan, Nicole; E.T., Auer, Edward T.; S.P., Eberhardt, Silvio P.","Bernstein, Lynne E. (57203253361); Jordan, Nicole (57725693600); Auer, Edward T. (7003690552); Eberhardt, Silvio P. (7003265972)","57203253361; 57725693600; 7003690552; 7003265972","Lipreading: A Review of Its Continuing Importance for Speech Recognition With an Acquired Hearing Loss and Possibilities for Effective Training","2022","American Journal of Audiology","31","2","","453","469","0","19","10.1044/2021_AJA-21-00112","https://www.scopus.com/inward/record.uri?eid=2-s2.0-85131270291&doi=10.1044%2F2021_AJA-21-00112&partnerID=40&md5=32536be867b21484308d96988d401bee","Purpose: The goal of this review article is to reinvigorate interest in lipreading and lipreading training for adults with acquired hearing loss. Most adults benefit from being able to see the talker when speech is degraded; however, the effect size is related to their lipreading ability, which is typically poor in adults who have experienced normal hearing through most of their lives. Lipreading training has been viewed as a possible avenue for rehabilitation of adults with an acquired hearing loss, but most training approaches have not been particularly successful. Here, we describe lipreading and theoretically motivated approaches to its training, as well as examples of successful training paradigms. We discuss some extensions to auditory-only (AO) and audiovisual (AV) speech recognition. Method: Visual speech perception and word recognition are described. Tradi-tional and contemporary views of training and perceptual learning are outlined. We focus on the roles of external and internal feedback and the training task in perceptual learning, and we describe results of lipreading training experiments. Results: Lipreading is commonly characterized as limited to viseme perception. However, evidence demonstrates subvisemic perception of visual phonetic information. Lipreading words also relies on lexical constraints, not unlike auditory spoken word recognition. Lipreading has been shown to be difficult to improve through training, but under specific feedback and task conditions, training can be successful, and learning can generalize to untrained materials, including AV sentence stimuli in noise. The results on lipreading have implications for AO and AV training and for use of acoustically processed speech in face-to-face communication. Conclusion: Given its importance for speech recognition with a hearing loss, we suggest that the research and clinical communities integrate lipreading in their efforts to improve speech recognition in adults with acquired hearing loss. © 2022 Elsevier B.V., All rights reserved.","Adult; Hearing Impairment; Human; Lip Reading; Speech; Speech Perception; Adult; Deafness; Hearing Loss; Humans; Lipreading; Speech; Speech Perception","adult; hearing impairment; human; lip reading; speech; speech perception; Adult; Deafness; Hearing Loss; Humans; Lipreading; Speech; Speech Perception","Review","Final","All Open Access; Green Final Open Access; Green Open Access; Hybrid Gold Open Access","Scopus","2-s2.0-85131270291"
"H., Jiang, Hao; C., Zhang, Chao; Z., Xin, Zhihui; X., Huang, Xiaoqiao; C., Li, Chengli; Y., Tai, Yonghang","Jiang, Hao (57221182179); Zhang, Chao (57215802455); Xin, Zhihui (56260775700); Huang, Xiaoqiao (18436902100); Li, Chengli (57201123197); Tai, Yonghang (36984437500)","57221182179; 57215802455; 56260775700; 18436902100; 57201123197; 36984437500","Transfer learning based on lexical constraint mechanism in low-resource machine translation","2022","Computers and Electrical Engineering","100","","107856","","","0","9","10.1016/j.compeleceng.2022.107856","https://www.scopus.com/inward/record.uri?eid=2-s2.0-85125598481&doi=10.1016%2Fj.compeleceng.2022.107856&partnerID=40&md5=fdc8a6b1fa2a529ad319bb617ef9a989","With the fast development of artificial intelligence (AI) technology, machine translation has become a mainstream field of natural language processing. The low-resource language machine translation tasks have become an essential question. However, traditional machine translation systems usually rely on large amounts of high-quality parallel training data. In terms of this question, data augmentation and transfer learning technique in AI domain have become an effective solution for dealing with low-resource language machine translation. Besides, to better solve the domain mismatch problem of machine translation tasks, leveraging lexical constraint mechanism is a significant measure. We presented an approach which applies the transfer learning techniques for the lexical constraint model in this paper. For the existed problem of the transfer learning and lexical constraint technologies, some improved methods are proposed. We choose the appropriate beam search algorithm for lexical constraint measure and investigate the proper way for transferring parameters across two machine translation models. Besides, we will also investigate the compelling data pre-processing steps to process the low-resource corpus and quote various objective evaluation mechanisms to estimate the performance of our pattern better. The comprehensive experiments and results in the paper demonstrate that our method toward low-resource machine translation tasks is effective. © 2022 Elsevier B.V., All rights reserved.","Data Augmentation; Lexical Constraint; Low-resource Machine Translation; Transfer Learning; Artificial Intelligence; Computational Linguistics; Computer Aided Language Translation; Data Handling; Learning Systems; Machine Translation; Natural Language Processing Systems; Artificial Intelligence Technologies; Constraint Mechanism; Data Augmentation; Learning Techniques; Lexical Constraint; Low Resource Languages; Low-resource Machine Translation; Machine Translation Systems; Machine Translations; Transfer Learning; Learning Algorithms","Artificial intelligence; Computational linguistics; Computer aided language translation; Data handling; Learning systems; Machine translation; Natural language processing systems; Artificial intelligence technologies; Constraint mechanism; Data augmentation; Learning techniques; Lexical constraint; Low resource languages; Low-resource machine translation; Machine translation systems; Machine translations; Transfer learning; Learning algorithms","Article","Final","","Scopus","2-s2.0-85125598481"
"X., Chen, Xiang; Z., Yang, Zhixian; X., Wan, Xiaojun","Chen, Xiang (59079301600); Yang, Zhixian (57224634770); Wan, Xiaojun (7202533498)","59079301600; 57224634770; 7202533498","Relation-Constrained Decoding for Text Generation","2022","Advances in Neural Information Processing Systems","35","","","","","0","4","","https://www.scopus.com/inward/record.uri?eid=2-s2.0-85163168019&partnerID=40&md5=19f478193beb52a56340327701ebf782","The dominant paradigm for neural text generation nowadays is seq2seq learning with large-scale pretrained language models. However, it is usually difficult to manually constrain the generation process of these models. Prior studies have introduced Lexically Constrained Decoding (LCD) to ensure the presence of pre-specified words or phrases in the output. However, simply applying lexical constraints has no guarantee of the grammatical or semantic relations between words. Thus, more elaborate constraints are needed. To this end, we first propose a new constrained decoding scenario named Relation-Constrained Decoding (RCD), which requires the model's output to contain several given word pairs with respect to the given relations between them. For this scenario, we present a novel plug-and-play decoding algorithm named RElation-guided probability Surgery and bEam ALlocation (RESEAL), which can handle different categories of relations, e.g., syntactical relations or factual relations. Moreover, RESEAL can adaptively “reseal” the relations to form a high-quality sentence, which can be applied to the inference stage of any autoregressive text generation model. To evaluate our method, we first construct an RCD benchmark based on dependency relations from treebanks with annotated dependencies. Experimental results demonstrate that our approach can achieve better preservation of the input dependency relations compared to previous methods. To further illustrate the effectiveness of RESEAL, we apply our method to three downstream tasks: sentence summarization, fact-based text editing, and data-to-text generation. We observe an improvement in generation quality. The source code is available at https://github.com/CasparSwift/RESEAL. © 2023 Elsevier B.V., All rights reserved.","Decoding; Beam Allocation; Constrained Decoding; Dependency Relation; Generation Process; Grammatical Relations; Language Model; Large-scales; Model Outputs; Semantic Relations; Text Generations; Semantics","Decoding; Beam allocation; Constrained decoding; Dependency relation; Generation process; Grammatical relations; Language model; Large-scales; Model outputs; Semantic relations; Text generations; Semantics","Conference paper","Final","","Scopus","2-s2.0-85163168019"
"H., Zhang, Hongxiao; H., Huang, Hui; J., Gao, Jiale; Y., Chen, Yufeng; J., Xu, Jin'an; J., Liu, Jian","Zhang, Hongxiao (57938988400); Huang, Hui (57219485695); Gao, Jiale (58506116900); Chen, Yufeng (57114607100); Xu, Jin'an (54796280200); Liu, Jian (57201559825)","57938988400; 57219485695; 58506116900; 57114607100; 54796280200; 57201559825","Iterative Constrained Back-Translation for Unsupervised Domain Adaptation of Machine Translation","2022","Proceedings - International Conference on Computational Linguistics, COLING","29","1","","5054","5065","0","6","","https://www.scopus.com/inward/record.uri?eid=2-s2.0-85162785463&partnerID=40&md5=bc2c97773fc5f1373d7db427524a3df4","Back-translation (BT) has been proven to be effective in unsupervised domain adaptation of neural machine translation (NMT). However, the existing back-translation methods mainly improve domain adaptability by generating in-domain pseudo-parallel data that contains sentence-structural knowledge, paying less attention to the in-domain lexical knowledge, which may lead to poor translation of unseen in-domain words. In this paper, we propose an Iterative Constrained Back-Translation (ICBT) method to incorporate in-domain lexical knowledge on the basis of BT for unsupervised domain adaptation of NMT. Specifically, we apply lexical constraints into back-translation to generate pseudo-parallel data with in-domain lexical knowledge, and then perform round-trip iterations to incorporate more lexical knowledge. Based on this, we further explore sampling strategies of constrained words in ICBT to introduce more targeted lexical knowledge, via domain specificity and confidence estimation. Experimental results on four domains show that our approach achieves state-of-the-art results, improving the BLEU score by up to 3.08 compared to the strongest baseline, which demonstrates the effectiveness of our approach. The codes and models are publicly available at https://github.com/zzzxiaohong/ICBT. © 2025 Elsevier B.V., All rights reserved.","Computational Linguistics; Computer Aided Language Translation; Iterative Methods; Natural Language Processing Systems; Back Translations; Domain Adaptation; Lexical Knowledge; Machine Translations; Parallel Data; Pseudo Parallels; Round Trip; Sampling Strategies; Structural Knowledge; Translation Method; Neural Machine Translation","Computational linguistics; Computer aided language translation; Iterative methods; Natural language processing systems; Back translations; Domain adaptation; Lexical knowledge; Machine translations; Parallel data; Pseudo parallels; Round trip; Sampling strategies; Structural knowledge; Translation method; Neural machine translation","Conference paper","Final","","Scopus","2-s2.0-85162785463"
"R., Zhang, Rui; J., Yu, Jianjun; Y., Zhou, Yuanchun","Zhang, Rui (58365829600); Yu, Jianjun (55682082800); Zhou, Yuanchun (55737417400)","58365829600; 55682082800; 55737417400","AuxPOS: Improving Grammatical Correctness with Big Data Based Text Summarization","2022","","","","","1192","1201","0","0","10.1109/BigData55660.2022.10020264","https://www.scopus.com/inward/record.uri?eid=2-s2.0-85147968803&doi=10.1109%2FBigData55660.2022.10020264&partnerID=40&md5=b21464b9e8a5eb24350ff65dd37a102e","In the era of big data, with the rapid increase in the number of texts, we have found ourselves submerged in the sea of texts. With the advent of the text summarization methodology, the time-consuming and energy-draining reading process of manual operations can be avoided by condensing and communicating the primary concept to the people. When generating sentences, the generator should comply with grammatical rules, such as lexical constraints. Leveraging lexical constraints in encoder-decoder models for the text summarization task has been extensively analyzed. Previous research add lexical constraints by enriching word embeddings in the encoding process. The model could be fed with more auxiliary knowledge. However, such lexical constraints cannot control the decoder, resulting in generating ungrammatical phrases. To address this issue, this paper proposes a grammar-aware text summarization method by incorporating Part-of-Speech (POS) constraints to guide the decoding process, along with auxiliary embeddings including POS, Lemmatization and Named Entity Recognition features in encoder. Detailed, the proposed POS-constrained AuxPOS model controls the generated word distribution during decoding according to the exact POS tag. Experimental results demonstrate that the proposed AuxPOS model can generate summaries that are more in concert with grammatical logic with high quality on the CNN/DailyMail, XSum and AESLC summarization datasets. © 2023 Elsevier B.V., All rights reserved.","Pos-constrained Decoding; Text Summarization; Transformer; Character Recognition; Decoding; Embeddings; Natural Language Processing Systems; Signal Encoding; Speech Recognition; Text Processing; Constrained Decoding; Encoder-decoder; Encoding Process; Energy; Manual Operations; Part Of Speech; Part-of-speech-constrained Decoding; Text Summarisation; Transformer; Big Data","Character recognition; Decoding; Embeddings; Natural language processing systems; Signal encoding; Speech recognition; Text processing; Constrained decoding; Encoder-decoder; Encoding process; Energy; Manual operations; Part Of Speech; Part-of-speech-constrained decoding; Text Summarisation; Transformer; Big data","Conference paper","Final","","Scopus","2-s2.0-85147968803"
"T., Meng, Tao; S., Lu, Sidi; N., Peng, Nanyun; K., Chang, Kaiwei","Meng, Tao (57216692617); Lu, Sidi (57214817481); Peng, Nanyun (57204466260); Chang, Kaiwei (24502911300)","57216692617; 57214817481; 57204466260; 24502911300","Controllable Text Generation with Neurally-Decomposed Oracle","2022","Advances in Neural Information Processing Systems","35","","","","","0","20","","https://www.scopus.com/inward/record.uri?eid=2-s2.0-85146502263&partnerID=40&md5=b0e6096904ba57565ef82bdd857f9bdb","We propose a general and efficient framework to control auto-regressive generation models with NeurAlly-Decomposed Oracle (NADO). Given a pre-trained base language model and a sequence-level boolean oracle function, we propose to decompose the oracle function into token-level guidance to steer the base model in text generation. Specifically, the token-level guidance is approximated by a neural model trained with examples sampled from the base model, demanding no additional auxiliary labeled data. Based on posterior regularization, we present the closed-form optimal solution to incorporate the token-level guidance into the base model for controllable generation. We further provide a theoretical analysis of how the approximation quality of NADO affects the controllable generation results. Experiments conducted on two tasks: (1) text generation with lexical constraints and (2) machine translation with formality control demonstrate that our framework efficiently guides the base model towards the given control factors while maintaining high generation quality. © 2023 Elsevier B.V., All rights reserved.","Boolean Functions; Auto-regressive; Base Language; Base Models; Closed Form; Labeled Data; Language Model; Neural Modelling; Optimal Solutions; Regularisation; Text Generations; Quality Control","Boolean functions; Auto-regressive; Base language; Base models; Closed form; Labeled data; Language model; Neural modelling; Optimal solutions; Regularisation; Text generations; Quality control","Conference paper","Final","","Scopus","2-s2.0-85146502263"
"S., Wang, Shuo; Z., Tan, Zhixing; Y., Liu, Yang","Wang, Shuo (57216690394); Tan, Zhixing (57192659590); Liu, Yang (57211088579)","57216690394; 57192659590; 57211088579","Integrating Vectorized Lexical Constraints for Neural Machine Translation","2022","Proceedings of the Annual Meeting of the Association for Computational Linguistics","1","","","7063","7073","0","13","10.18653/v1/2022.acl-long.487","https://www.scopus.com/inward/record.uri?eid=2-s2.0-85141905993&doi=10.18653%2Fv1%2F2022.acl-long.487&partnerID=40&md5=df03ce598d02bdddb72f7fe537805579","Lexically constrained neural machine translation (NMT), which controls the generation of NMT models with pre-specified constraints, is important in many practical scenarios. Due to the representation gap between discrete constraints and continuous vectors in NMT models, most existing works choose to construct synthetic data or modify the decoding algorithm to impose lexical constraints, treating the NMT model as a black box. In this work, we propose to open this black box by directly integrating the constraints into NMT models. Specifically, we vectorize source and target constraints into continuous keys and values, which can be utilized by the attention modules of NMT models. The proposed integration method is based on the assumption that the correspondence between keys and values in attention modules is naturally suitable for modeling constraint pairs. Experimental results show that our method consistently outperforms several representative baselines on four language pairs, demonstrating the superiority of integrating vectorized lexical constraints. © 2024 Elsevier B.V., All rights reserved.","Computational Linguistics; Computer Aided Language Translation; Black Boxes; Decoding Algorithm; Discrete Constraints; Discrete/continuous; Integration Method; Language Pairs; Machine Translation Models; Model Constraints; Synthetic Data; Neural Machine Translation","Computational linguistics; Computer aided language translation; Black boxes; Decoding algorithm; Discrete constraints; Discrete/continuous; Integration method; Language pairs; Machine translation models; Model constraints; Synthetic data; Neural machine translation","Conference paper","Final","All Open Access; Green Accepted Open Access; Green Open Access; Hybrid Gold Open Access","Scopus","2-s2.0-85141905993"
"S., Chatterjee, Soumya; S., Sarawagi, Sunita; P., Jyothi, Preethi","Chatterjee, Soumya (57221713755); Sarawagi, Sunita (55968663300); Jyothi, Preethi (35179857100)","57221713755; 55968663300; 35179857100","Accurate Online Posterior Alignments for Principled Lexically-Constrained Decoding","2022","Proceedings of the Annual Meeting of the Association for Computational Linguistics","1","","","6675","6689","0","1","10.18653/v1/2022.acl-long.460","https://www.scopus.com/inward/record.uri?eid=2-s2.0-85141297504&doi=10.18653%2Fv1%2F2022.acl-long.460&partnerID=40&md5=bd1cd49d28e8613dc2cfa36197022092","Online alignment in machine translation refers to the task of aligning a target word to a source word when the target sequence has only been partially decoded. Good online alignments facilitate important applications such as lexically constrained translation where user-defined dictionaries are used to inject lexical constraints into the translation model. We propose a novel posterior alignment technique that is truly online in its execution and superior in terms of alignment error rates compared to existing methods. Our proposed inference technique jointly considers alignment and token probabilities in a principled manner and can be seamlessly integrated within existing constrained beam-search decoding algorithms. On five language pairs, including two distant language pairs, we achieve consistent drop in alignment error rates. When deployed on seven lexically constrained translation tasks, we achieve significant improvements in BLEU specifically around the constrained positions. © 2025 Elsevier B.V., All rights reserved.","Computational Linguistics; Decoding; Inference Engines; Machine Translation; Alignment Error; Alignment Technique; Constrained Decoding; Error Rate; Language Pairs; Machine Translations; Target Sequences; Target Words; Translation Models; User-defined Dictionaries; Alignment","Computational linguistics; Decoding; Inference engines; Machine translation; Alignment error; Alignment technique; Constrained decoding; Error rate; Language pairs; Machine translations; Target sequences; Target words; Translation models; User-defined dictionaries; Alignment","Conference paper","Final","All Open Access; Green Accepted Open Access; Green Open Access; Hybrid Gold Open Access","Scopus","2-s2.0-85141297504"
"X., Lu, Ximing; S.J., Welleck, Sean J.; P., West, Peter; L., Jiang, Liwei; J., Kasai, Jungo; D., Khashabi, Daniel; R., Le Bras, Ronan; L., Qin, Lianhui; Y., Yu, Youngjae; R., Zellers, Rowan","Lu, Ximing (57222033823); Welleck, Sean J. (57188714884); West, Peter (57216690053); Jiang, Liwei (57209400459); Kasai, Jungo (57216610880); Khashabi, Daniel (54784629000); Le Bras, Ronan (37042388500); Qin, Lianhui (57220825027); Yu, Youngjae (57201326268); Zellers, Rowan (57193255202)","57222033823; 57188714884; 57216690053; 57209400459; 57216610880; 54784629000; 37042388500; 57220825027; 57201326268; 57193255202","NEUROLOGIC AFesque Decoding: Constrained Text Generation with Lookahead Heuristics","2022","","","","","780","799","0","76","10.18653/v1/2022.naacl-main.57","https://www.scopus.com/inward/record.uri?eid=2-s2.0-85138390380&doi=10.18653%2Fv1%2F2022.naacl-main.57&partnerID=40&md5=7a31252fbff01999155097ac12260fff","The dominant paradigm for neural text generation is left-to-right decoding from autoregressive language models. Constrained or controllable generation under complex lexical constraints, however, requires foresight to plan ahead for feasible future paths. Drawing inspiration from the A* search algorithm, we propose NEUROLOGIC AFesque, a decoding algorithm that incorporates heuristic estimates of future cost. We develop lookahead heuristics that are efficient for large-scale language models, making our method a drop-in replacement for common techniques such as beam search and top-k sampling. To enable constrained generation, we build on NEUROLOGIC decoding (Lu et al., 2021), combining its flexibility in incorporating logical constraints with AFesque estimates of future constraint satisfaction. Our approach outperforms competitive baselines on five generation tasks, and achieves new state-of-the-art performance on table-to-text generation, constrained machine translation, and keyword-constrained generation. The improvements are particularly notable on tasks that require complex constraint satisfaction or in few-shot or zero-shot settings. NEUROLOGIC AFesque illustrates the power of decoding for improving and enabling new capabilities of large-scale language models. © 2025 Elsevier B.V., All rights reserved.","Computational Linguistics; Heuristic Methods; Machine Translation; Zero-shot Learning; Auto-regressive; Beam Search; Constraint Satisfaction; Decoding Algorithm; Language Model; Large-scales; Logical Constraints; Model-making; Search Algorithms; Text Generations; Decoding","Computational linguistics; Heuristic methods; Machine translation; Zero-shot learning; Auto-regressive; Beam search; Constraint Satisfaction; Decoding algorithm; Language model; Large-scales; Logical constraints; Model-making; Search Algorithms; Text generations; Decoding","Conference paper","Final","All Open Access; Green Accepted Open Access; Green Open Access; Hybrid Gold Open Access","Scopus","2-s2.0-85138390380"
"C., Zeng, Chun; J., Chen, Jiangjie; T., Zhuang, Tianyi; R., Xu, Rui; H., Yang, Hao; Y., Qin, Ying; S., Tao, Shimin; Y., Xiao, Yanghua","Zeng, Chun (57478174300); Chen, Jiangjie (57209507608); Zhuang, Tianyi (57211268730); Xu, Rui (57551540600); Yang, Hao (57208745952); Qin, Ying (57208747392); Tao, Shimin (57191988840); Xiao, Yanghua (24377046200)","57478174300; 57209507608; 57211268730; 57551540600; 57208745952; 57208747392; 57191988840; 24377046200","Neighbors Are Not Strangers: Improving Non-Autoregressive Translation under Low-Frequency Lexical Constraints","2022","","","","","5777","5790","0","5","10.18653/v1/2022.naacl-main.424","https://www.scopus.com/inward/record.uri?eid=2-s2.0-85138354558&doi=10.18653%2Fv1%2F2022.naacl-main.424&partnerID=40&md5=426029c78fbee07dc78dbca405b57524","Lexically constrained neural machine translation (NMT) draws much industrial attention for its practical usage in specific domains. However, current autoregressive approaches suffer from high latency. In this paper, we focus on non-autoregressive translation (NAT) for this problem for its efficiency advantage. We identify that current constrained NAT models, which are based on iterative editing, do not handle low-frequency constraints well. To this end, we propose a plug-in algorithm for this line of work, i.e., Aligned Constrained Training (ACT), which alleviates this problem by familiarizing the model with the source-side context of the constraints. Experiments on the general and domain datasets show that our model improves over the backbone constrained NAT model in constraint preservation and translation quality, especially for rare constraints. © 2025 Elsevier B.V., All rights reserved.","Computational Linguistics; Iterative Methods; 'current; Auto-regressive; Frequency Constraint; Its Efficiencies; Lower Frequencies; Plug-in Algorithms; Translation Models; Translation Quality; Neural Machine Translation","Computational linguistics; Iterative methods; 'current; Auto-regressive; Frequency constraint; Its efficiencies; Lower frequencies; Plug-in algorithms; Translation models; Translation quality; Neural machine translation","Conference paper","Final","All Open Access; Green Accepted Open Access; Green Open Access; Hybrid Gold Open Access","Scopus","2-s2.0-85138354558"
"S., Kondo, Seiichiro; M., Komachi, Mamoru","Kondo, Seiichiro (57223910114); Komachi, Mamoru (24168747300)","57223910114; 24168747300","TMU NMT System with Automatic Post-Editing by Multi-Source Levenshtein Transformer for the Restricted Translation Task of WAT 2022","2022","Proceedings - International Conference on Computational Linguistics, COLING","29","15","","51","58","0","0","","https://www.scopus.com/inward/record.uri?eid=2-s2.0-105006975850&partnerID=40&md5=2174dfd15a2b317e2fa031afa42adbd9","In this paper, we describe our TMU English-Japanese systems submitted to the restricted translation task at WAT 2022 (Nakazawa et al., 2022). In this task, we translate an input sentence with the constraint that certain words or phrases (called restricted target vocabularies (RTVs)) should be contained in the output sentence. To satisfy this constraint, we address this task using a combination of two techniques. One is lexical-constraint-aware neural machine translation (LeCA) (Chen et al., 2020), which is a method of adding RTVs at the end of input sentences. The other is multi-source Levenshtein transformer (MSLevT) (Wan et al., 2020), which is a non-autoregressive method for automatic post-editing. Our system generates translations in two steps. First, we generate the translation using LeCA. Subsequently, we filter the sentences that do not satisfy the constraints and post-edit them with MSLevT. Our experimental results reveal that 100% of the RTVs can be included in the generated sentences while maintaining the translation quality of the LeCA model on both English to Japanese (En→Ja) and Japanese to English (Ja→En) tasks. Furthermore, the method used in previous studies requires an increase in the beam size to satisfy the constraints, which is computationally expensive. In contrast, the proposed method does not require a similar increase and can generate translations faster. © 2025 Elsevier B.V., All rights reserved.","Context Free Grammars; Neural Machine Translation; Semantics; Autoregressive Methods; Beam Size; Machine Translations; Multi-sources; Post-editing; Translation Quality; Context Sensitive Grammars","Context free grammars; Neural machine translation; Semantics; Autoregressive methods; Beam size; Machine translations; Multi-Sources; Post-editing; Translation quality; Context sensitive grammars","Conference paper","Final","","Scopus","2-s2.0-105006975850"
"N., Ennasser, Narjes","Ennasser, Narjes (57220074720)","57220074720","Acquisition of collocations by students of French as a foreign language at Jordanian universities; Acquisition des collocations en classe de Français langue etrangère dans les universités Jordaniennes","2021","Jordan Journal of Modern Languages and Literatures","13","4","","715","727","0","0","10.47012/jjmll.13.4.7","https://www.scopus.com/inward/record.uri?eid=2-s2.0-85121860838&doi=10.47012%2Fjjmll.13.4.7&partnerID=40&md5=8346991f5b049728681dda5d9695fc11","This research aimed at evaluating learning strategies of French collocations employed by Jordanian university students. For this purpose, a test of 30 incomplete French collocations has been distributed to 60 junior and senior BA students majoring in French Language and literature. The participants were asked to complete the collocations with the appropriate words to choose from four different options. Findings of the study revealed some confusion at the level of French synonyms, a lack of knowledge concerning syntactic constraints and interference from Arabic. Recommendations of the study call for the need to enhance knowledge of syntactic and lexical constraints of French collocations as well as an intensive training practice on comparing and contrasting Arabic/French collocations having similar meaning and usage through electronic dictionaries especially those dealing with collocations. © 2021 Elsevier B.V., All rights reserved.","Acquisition; Collocations; Constraints; Evaluation; French As A Foreign Language; Teaching","","Article","Final","All Open Access; Bronze Open Access","Scopus","2-s2.0-85121860838"
"A., Niwa, Ayana; N., Okazaki, Naokaki; K., Wakimoto, Kohei; K., Nishiguchi, Keisuke; M., Mouri, Masataka","Niwa, Ayana (57421989400); Okazaki, Naokaki (52164195800); Wakimoto, Kohei (57554596900); Nishiguchi, Keisuke (57422133400); Mouri, Masataka (57821761900)","57421989400; 52164195800; 57554596900; 57422133400; 57821761900","Construction of a Corpus of Rhetorical Devices in Slogans and Structural Analysis of Antitheses","2021","ACM Transactions on Asian and Low-Resource Language Information Processing","20","6","110","","","0","0","10.1145/3465218","https://www.scopus.com/inward/record.uri?eid=2-s2.0-85135084366&doi=10.1145%2F3465218&partnerID=40&md5=e84c8b9b73256aa7caecdc7b335e2901","An advertising slogan is a sentence that expresses a product or a work of art in a straightforward manner and is used for advertising and publicity. Moving the consumer's mind and attracting their interest can significantly influence sales. Although rhetorical techniques in a slogan are known to improve the effectiveness of advertising, not much attention has been devoted to analyze or automatically generate sentences with the techniques. Therefore, we constructed a large corpus of slogans and revealed the linguistic characteristics of the basic statistics and rhetorical devices. Another point of focus was antitheses, of which the usage rates are relatively high and which have a specific sentence structure and lexical constraints. The generation of a slogan that contains an antithesis necessitates the structure of sentences, known as templates, to be extracted and also requires knowledge of word pairs with semantic contrast. Thus, the next step involved analysis of the structure to extract the sentence structure and lexical knowledge about the antithesis. Despite its simple architecture, the proposed method exceeds the prediction accuracy and efficiency of a comparable method. Lexical knowledge that is not available in existing dictionaries was also extracted. © 2022 Elsevier B.V., All rights reserved.","Advertising Slogan; Antithesis; Corpus Construction; Rhetorical Device; Structural Analysis; Marketing; Semantics; Advertizing; Advertizing Slogan; Antithesis; Consumers' Minds; Corpus Construction; Large Corpora; Lexical Knowledge; Rhetorical Device; Sentence Structures; Work Of Art; Structural Analysis","Marketing; Semantics; Advertizing; Advertizing slogan; Antithesis; Consumers' minds; Corpus construction; Large corpora; Lexical knowledge; Rhetorical device; Sentence structures; Work of art; Structural analysis","Article","Final","","Scopus","2-s2.0-85135084366"
"W., Zeng, Weiyuan; C., Liu, Cong","Zeng, Weiyuan (57883384800); Liu, Cong (35208633300)","57883384800; 35208633300","Improving Lexical-Constraint-Aware Machine Translation by Factoring Encoders","2021","Proceedings of the International Joint Conference on Neural Networks","2021-July","","","","","0","0","10.1109/IJCNN52387.2021.9533673","https://www.scopus.com/inward/record.uri?eid=2-s2.0-85116398667&doi=10.1109%2FIJCNN52387.2021.9533673&partnerID=40&md5=9af81aa44751e489f9a8c0de16bccb41","Existing lexically constrained machine translation employs data augmentation and incorporates lexical constraints during decoding period, which requires a bilingual dictionary or costs much decoding time. In this paper, we propose a simple but effective method to leverage lexical constraints. We use separate encoders to encode source sentence and lexical constraints, with self-attention layer mask to disentangle the two encoding subtasks. Our method does not require bilingual dictionaries or modify decoding process. Experiments on WMT 2016 English-German (En-De) and IWSLT 2017 English-Chinese (En-Zh) datasets show that our method gains improvement compared to baseline models. © 2021 Elsevier B.V., All rights reserved.","Computational Linguistics; Computer Aided Language Translation; Decoding; Encoding (symbols); Baseline Models; Bilingual Dictionary; Data Augmentation; Decoding Process; Gain Improvement; Machine Translations; Simple++; Subtask; Signal Encoding","Computational linguistics; Computer aided language translation; Decoding; Encoding (symbols); Baseline models; Bilingual dictionary; Data augmentation; Decoding process; Gain improvement; Machine translations; Simple++; Subtask; Signal encoding","Conference paper","Final","","Scopus","2-s2.0-85116398667"
"N., Nath, Namrata; S., Lee, Sang-heon; M.D., McDonnell, Mark D.; I., Lee, Ivan","Nath, Namrata (55362182800); Lee, Sang-heon (56069293500); McDonnell, Mark D. (7102564709); Lee, Ivan (7404442312)","55362182800; 56069293500; 7102564709; 7404442312","The quest for better clinical word vectors: Ontology based and lexical vector augmentation versus clinical contextual embeddings","2021","Computers in Biology and Medicine","134","","104433","","","0","16","10.1016/j.compbiomed.2021.104433","https://www.scopus.com/inward/record.uri?eid=2-s2.0-85105968398&doi=10.1016%2Fj.compbiomed.2021.104433&partnerID=40&md5=61d3f0dfb4c6fe4c7e64348694da525c","Background: Word vectors or word embeddings are n-dimensional representations of words and form the backbone of Natural Language Processing of textual data. This research experiments with algorithms that augment word vectors with lexical constraints that are popular in NLP research and clinical domain constraints derived from the Unified Medical Language System (UMLS). It also compares the performance of the augmented vectors with Bio + Clinical BERT vectors which have been trained and fine-tuned on clinical datasets. Methods: Word2vec vectors are generated for words in a publicly available de-identified Electronic Health Records (EHR) dataset and augmented by ontologies using three algorithms that have fundamentally different approaches to vector augmentation. The augmented vectors are then evaluated alongside publicly available Bio + Clinical BERT on their correlation with human-annotated lists using Spearman's correlation coefficient. They are also evaluated on the downstream task of Named Entity Recognition (NER). Quantitative and empirical evaluations are used to highlight the strengths and weaknesses of the different approaches. Results: The counter-fitted word2vec vectors augmented with information from the UMLS ontology produced the best correlation overall with human-annotated evaluation lists (Spearman's correlation of 0.733 with mini mayo-doctors’ annotation) while Bio + Clinical BERT produces the best results in the NER task (F1 of 0.87 and 0.811 on the i2b2 2010 and i2b2 2012 datasets respectively) in our experiments. Conclusion: Clinically adapted word2vec vectors successfully encapsulate concepts of lexical and clinical synonymy and antonymy and to a smaller extent, hyponymy and hypernymy. Bio + Clinical BERT vectors perform better at NER and avoid out-of-vocabulary words. © 2021 Elsevier B.V., All rights reserved.","Antonymy; Augmentation; Clinical Word Vectors; Word Embedding; Clinical Research; Data Handling; Embeddings; Natural Language Processing Systems; Ontology; Antonymy; Augmentation; Clinical Word Vector; Dimensional Representation; Named Entity Recognition; Ontology-based; Unified Medical Language Systems; Word Embedding; Word Vectors; Vectors; Algorithm; Article; Correlation Coefficient; Electronic Health Record; Embedding; Human; Human Experiment; Molecular Recognition; Ontology; Quantitative Analysis; Unified Medical Language System; Vocabulary; Natural Language Processing; Algorithms; Electronic Health Records; Humans; Natural Language Processing","Clinical research; Data handling; Embeddings; Natural language processing systems; Ontology; Antonymy; Augmentation; Clinical word vector; Dimensional representation; Named entity recognition; Ontology-based; Unified medical language systems; Word embedding; Word vectors; Vectors; algorithm; article; correlation coefficient; electronic health record; embedding; human; human experiment; molecular recognition; ontology; quantitative analysis; Unified Medical Language System; vocabulary; natural language processing; Algorithms; Electronic Health Records; Humans; Natural Language Processing","Article","Final","","Scopus","2-s2.0-85105968398"
"C., Chang, Chiahsuan; S.Y., Hwang, San Yih; M., Wu, Minglun","Chang, Chiahsuan (57204900221); Hwang, San Yih (7404626333); Wu, Minglun (57211142402)","57204900221; 7404626333; 57211142402","Learning bilingual sentiment lexicon for online reviews","2021","Electronic Commerce Research and Applications","47","","101037","","","0","13","10.1016/j.elerap.2021.101037","https://www.scopus.com/inward/record.uri?eid=2-s2.0-85102269864&doi=10.1016%2Fj.elerap.2021.101037&partnerID=40&md5=42e1126ca12b9fb9fecd4467fb0e89bc","High-quality sentiment lexicons are the key to the success of lexicon-based sentiment analysis, because they allow the appropriate interpretation of the sentiment determination of unlabeled documents. However, most lexicons are general and available only in certain dominant languages such as English, and they are insufficient to help in detecting the sentiments in specific domains such as online reviews and/or different languages. Several recent studies have proposed producing a bilingual lexicon using the bilingual word vector space. Unfortunately, without proper adjustment, words with opposite sentiment polarities could share similar representations due to the similarity of their contexts, resulting in less-accurate sentiment lexicons. In this paper, we propose a multistep approach for bilingual sentiment lexicon induction (MS-BSLI), which incorporates lexical constraints into the word vector space in order to disambiguate words with opposite sentiment polarities. Since lexical resources, such as sentiment lexicons, synonyms, and antonyms, are scarce in most languages, MS-BSLI is designed to only require lexical resources of the dominant language and follows a deep feed-forward network to generalize the lexical transformation to the words of the other low-resource language. Experiments using two real-world online review data sets have demonstrated that the lexicon generated by MS-BSLI is more accurate and provides better coverage than two existing lexicons and three competing approaches. © 2021 Elsevier B.V., All rights reserved.","Bilingual Sentiment Lexicon Induction; Bilingual Word Embedding; Online Review; Sentiment Analysis; E-learning; Feedforward Neural Networks; Sentiment Analysis; Bilingual Lexicons; Feed-forward Network; Lexical Resources; Low Resource Languages; Multi-step Approaches; Online Reviews; Sentiment Lexicons; Unlabeled Documents; Vector Spaces","E-learning; Feedforward neural networks; Sentiment analysis; Bilingual lexicons; Feed-forward network; Lexical resources; Low resource languages; Multi-step approaches; Online reviews; Sentiment lexicons; Unlabeled documents; Vector spaces","Article","Final","","Scopus","2-s2.0-85102269864"
"W., Xu, Weijia; M., Carpuat, Marine","Xu, Weijia (8911044800); Carpuat, Marine (8915594500)","8911044800; 8915594500","Editor: An edit-based transformer with repositioning for neural machine translation with soft lexical constraints","2021","Transactions of the Association for Computational Linguistics","9","","","311","328","0","35","10.1162/tacl_a_00368","https://www.scopus.com/inward/record.uri?eid=2-s2.0-85110439852&doi=10.1162%2Ftacl_a_00368&partnerID=40&md5=c410e7af44960abc0000840e255f3406","We introduce an Edit-Based TransfOrmer with Repositioning (EDITOR), which makes sequence generation flexible by seamlessly allowing users to specify preferences in output lexical choice. Building on recent models for non-autoregressive sequence generation (Gu et al., 2019), EDITOR generates new sequences by iteratively editing hypotheses. It relies on a novel reposition operation designed to disentangle lexical choice from word positioning decisions, while enabling efficient oracles for imitation learning and parallel edits at decoding time. Empirically, EDITOR uses soft lexical constraints more effectively than the Levenshtein Transformer (Gu et al., 2019) while speeding up decoding dramatically compared to constrained beam search (Post and Vilar, 2018). EDITOR also achieves comparable or better translation quality with faster decoding speed than the Levenshtein Transformer on standard Romanian-English, English-German, and English-Japanese machine translation tasks. © 2024 Elsevier B.V., All rights reserved.","Computational Linguistics; Computer Aided Language Translation; Decoding; Auto-regressive; Beam Search; Constrained Beams; Decoding Speed; Fast Decoding; Imitation Learning; Lexical Choice; Romanians; Sequence Generation; Translation Quality; Neural Machine Translation","Computational linguistics; Computer aided language translation; Decoding; Auto-regressive; Beam search; Constrained beams; Decoding speed; Fast decoding; Imitation learning; Lexical choice; Romanians; Sequence generation; Translation quality; Neural machine translation","Article","Final","All Open Access; Gold Open Access; Green Accepted Open Access; Green Open Access","Scopus","2-s2.0-85110439852"
"H., Mino, Hideya; K., Kinugawa, Kazutaka; H., Ito, Hitoshi; I., Goto, Isao; I., Yamada, Ichiro; T., Tokunaga, Takenobu","Mino, Hideya (56577839000); Kinugawa, Kazutaka (57437859900); Ito, Hitoshi (57193427960); Goto, Isao (55531539200); Yamada, Ichiro (35489317300); Tokunaga, Takenobu (22434161600)","56577839000; 57437859900; 57193427960; 55531539200; 35489317300; 22434161600","NHK’s Lexically-Constrained Neural Machine Translation at WAT 2021","2021","","","","","46","52","0","0","","https://www.scopus.com/inward/record.uri?eid=2-s2.0-85138778511&partnerID=40&md5=3d510e23bd1094f9fb6180103aeb98e1","This paper describes the system of our team (NHK) for the WAT 2021 Japanese↔English restricted machine translation task. In this task, the aim is to improve quality while maintaining consistent terminology for scientific paper translation. This task has a unique feature, where some words in a target sentence are given in addition to a source sentence. In this paper, we use a lexically-constrained neural machine translation (NMT), which concatenates the source sentence and constrained words with a special token to input them into the encoder of NMT. The key to the successful lexically-constrained NMT is the way to extract constraints from a target sentence of training data. We propose two extraction methods: proper-noun constraint and mistranslated-word constraint. These two methods consider the importance of words and fallibility of NMT, respectively. The evaluation results demonstrate the effectiveness of our lexical-constraint method. © 2022 Elsevier B.V., All rights reserved.","Computational Linguistics; Computer Aided Language Translation; Constraints Method; Evaluation Results; Extraction Method; Machine Translations; Proper Nouns; Scientific Papers; Training Data; Unique Features; Neural Machine Translation","Computational linguistics; Computer aided language translation; Constraints method; Evaluation results; Extraction method; Machine translations; Proper nouns; Scientific papers; Training data; Unique features; Neural machine translation","Conference paper","Final","","Scopus","2-s2.0-85138778511"
"X., Lu, Ximing; P., West, Peter; R., Zellers, Rowan; R., Le Bras, Ronan; C.S., Bhagavatula, Chandra Sekhar; Y., Choi, Yejin","Lu, Ximing (57222033823); West, Peter (57216690053); Zellers, Rowan (57193255202); Le Bras, Ronan (37042388500); Bhagavatula, Chandra Sekhar (57216430904); Choi, Yejin (36172231400)","57222033823; 57216690053; 57193255202; 37042388500; 57216430904; 36172231400","NEUROLOGIC DECODING: (Un)supervised Neural Text Generation with Predicate Logic Constraints","2021","","","","","4288","4299","0","78","10.18653/v1/2021.naacl-main.339","https://www.scopus.com/inward/record.uri?eid=2-s2.0-85132043447&doi=10.18653%2Fv1%2F2021.naacl-main.339&partnerID=40&md5=2e041ec895437b2a65199958f8686f45","Conditional text generation often requires lexical constraints, i.e., which words should or shouldn’t be included in the output text. While the dominant recipe for conditional text generation has been large-scale pretrained language models that are finetuned on the task-specific training data, such models do not learn to follow the underlying constraints reliably, even when supervised with large amounts of task-specific examples. We propose NEUROLOGIC DECODING, a simple yet effective algorithm that enables neural language models – supervised or not – to generate fluent text while satisfying complex lexical constraints. Our approach is powerful yet efficient. It handles any set of lexical constraints that is expressible under predicate logic, while its asymptotic runtime is equivalent to conventional beam search. Empirical results on four benchmarks show that NEUROLOGIC DECODING outperforms previous approaches, including algorithms that handle a subset of our constraints. Moreover, we find that unsupervised models with NEUROLOGIC DECODING often outperform supervised models with conventional decoding, even when the latter is based on considerably larger networks. Our results suggest the limit of large-scale neural networks for fine-grained controllable generation and the promise of inference-time algorithms. © 2025 Elsevier B.V., All rights reserved.","Computational Linguistics; Computer Circuits; Decoding; Effective Algorithms; Language Model; Large Amounts; Large-scales; Learn+; Logic Constraints; Predicate Logic; Simple++; Text Generations; Training Data; Inference Engines","Computational linguistics; Computer circuits; Decoding; Effective algorithms; Language model; Large amounts; Large-scales; Learn+; Logic constraints; Predicate logic; Simple++; Text generations; Training data; Inference engines","Conference paper","Final","All Open Access; Green Accepted Open Access; Green Open Access; Hybrid Gold Open Access","Scopus","2-s2.0-85132043447"
"X., He, Xingwei","He, Xingwei (57271421600)","57271421600","Parallel Refinements for Lexically Constrained Text Generation with BART","2021","","","","","8653","8666","0","33","10.18653/v1/2021.emnlp-main.681","https://www.scopus.com/inward/record.uri?eid=2-s2.0-85127391948&doi=10.18653%2Fv1%2F2021.emnlp-main.681&partnerID=40&md5=7be73d63429f88db6fa59827b60d1db0","Lexically constrained text generation aims to control the generated text by incorporating some pre-specified keywords into the output. Previous work injects lexical constraints into the output by controlling the decoding process or refining the candidate output iteratively, which tends to generate generic or ungrammatical sentences, and has high computational complexity. To address these challenges, we propose Constrained BART (CBART) for lexically constrained text generation. CBART leverages the pre-trained model BART and transfers part of the generation burden from the decoder to the encoder by decomposing this task into two sub-tasks, thereby improving the sentence quality. Concretely, we extend BART by adding a token-level classifier over the encoder, aiming at instructing the decoder where to replace and insert. Guided by the encoder, the decoder refines multiple tokens of the input in one step by inserting tokens before specific positions and re-predicting tokens with low confidence. To further reduce the inference latency, the decoder predicts all tokens in parallel. Experiment results on One-Billion-Word and Yelp show that CBART can generate plausible text with high quality and diversity while significantly accelerating inference. © 2025 Elsevier B.V., All rights reserved.","Computational Linguistics; Iterative Decoding; Decoding Process; High Quality; Multiple Tokens; Parallel Refinement; Subtask; Text Generations; Signal Encoding","Computational linguistics; Iterative decoding; Decoding process; High quality; Multiple tokens; Parallel refinement; Subtask; Text generations; Signal encoding","Conference paper","Final","All Open Access; Green Accepted Open Access; Green Open Access; Hybrid Gold Open Access","Scopus","2-s2.0-85127391948"
"Y., Mao, Yuning; W., Ma, Wenchang; D., Lei, Deren; J., Han, Jiawei; X., Ren, Xiang","Mao, Yuning (57207854266); Ma, Wenchang (57223915700); Lei, Deren (57216694233); Han, Jiawei (24325399900); Ren, Xiang (58619993600)","57207854266; 57223915700; 57216694233; 24325399900; 58619993600","Extract, Denoise and Enforce: Evaluating and Improving Concept Preservation for Text-to-Text Generation","2021","","","","","5063","5074","0","2","10.18653/v1/2021.emnlp-main.413","https://www.scopus.com/inward/record.uri?eid=2-s2.0-85127380776&doi=10.18653%2Fv1%2F2021.emnlp-main.413&partnerID=40&md5=edf426f2dd6a5739eea8a3a6624472ed","Prior studies on text-to-text generation typically assume that the model could figure out what to attend to in the input and what to include in the output via seq2seq learning, with only the parallel training data and no additional guidance. However, it remains unclear whether current models can preserve important concepts in the source input, as seq2seq learning does not have explicit focus on the concepts and commonly used evaluation metrics also treat concepts equally important as other tokens. In this paper, we present a systematic analysis that studies whether current seq2seq models, especially pre-trained language models, are good enough for preserving important input concepts and to what extent explicitly guiding generation with the concepts as lexical constraints is beneficial. We answer the above questions by conducting extensive analytical experiments on four representative text-to-text generation tasks. Based on the observations, we then propose a simple yet effective framework to automatically extract, denoise, and enforce important input concepts as lexical constraints. This new method performs comparably or better than its unconstrained counterpart on automatic metrics, demonstrates higher coverage for concept preservation, and receives better ratings in the human evaluation. © 2025 Elsevier B.V., All rights reserved.","'current; Current Modeling; De-noise; Evaluation Metrics; Language Model; Parallel Training; Simple++; Systematic Analysis; Text Generations; Training Data; Learning Systems","'current; Current modeling; De-Noise; Evaluation metrics; Language model; Parallel training; Simple++; Systematic analysis; Text generations; Training data; Learning systems","Conference paper","Final","All Open Access; Green Accepted Open Access; Green Open Access; Hybrid Gold Open Access","Scopus","2-s2.0-85127380776"
"D., Cheng, Daixuan; H., Sun, Haifeng; Q., Qi, Qi; J., Wang, Jingyu; Y., Qi, Yan","Cheng, Daixuan (57221856307); Sun, Haifeng (57190948696); Qi, Qi (14058739100); Wang, Jingyu (55742764200); Qi, Yan (57467908400)","57221856307; 57190948696; 14058739100; 55742764200; 57467908400","Parallel Decoders Guided Lexically Constrained Response Generation","2021","","","","","1380","1388","0","1","10.1109/BigData52589.2021.9671855","https://www.scopus.com/inward/record.uri?eid=2-s2.0-85125310944&doi=10.1109%2FBigData52589.2021.9671855&partnerID=40&md5=f013580ef4d1217562c0f052dcb718d1","Response generation is a fundamental function in conversational systems, where controllability of the response is a key problem. In this paper, we consider how to control the response by lexical constraints, namely lexically constrained response generation. The stochastic search-based methods have achieved promising performance in satisfying lexical constraints. The idea of these methods is modifying a sentence through the actions of insertion, deletion and replacement guided by an optimization algorithm. The core of our method is modifying the response by incorporating the lexical constraints and preserving the message-related parts. For this purpose, we propose the novel Parallel Decoders to guide response modification. The first decoder generates responses according to the given message and constraints. The second decoder calculates the relevance between the input and the response. Based on Parallel Decoders, during the modification, we could sample the positions in the response for editing according to the relevance score. Experiments show the proposed framework achieves better performance than the state-of-the-art generation models in terms of constraint relevance, sentence fluency, response diversity and human evaluation. © 2022 Elsevier B.V., All rights reserved.","Controllability; Lexical Constraints; Response Generation; Decoding; Conversational Systems; Lexical Constraint; Optimization Algorithms; Parallel Decoder; Performance; Relevance Score; Response Generation; Search-based; State Of The Art; Stochastic Search; Stochastic Systems","Decoding; Conversational systems; Lexical constraint; Optimization algorithms; Parallel decoder; Performance; Relevance score; Response generation; Search-based; State of the art; Stochastic search; Stochastic systems","Conference paper","Final","","Scopus","2-s2.0-85125310944"
"O., Öz, Ogün; M., Sukhareva, Maria","Öz, Ogün (57428884500); Sukhareva, Maria (56644499500)","57428884500; 56644499500","Towards Precise Lexicon Integration in Neural Machine Translation","2021","International Conference Recent Advances in Natural Language Processing, RANLP","","","","1084","1095","0","1","10.26615/978-954-452-072-4_122","https://www.scopus.com/inward/record.uri?eid=2-s2.0-85123631711&doi=10.26615%2F978-954-452-072-4_122&partnerID=40&md5=c34945958022e1497863f23217803e9c","Terminological consistency is an essential requirement for industrial translation. High-quality, hand-crafted terminologies contain entries in their nominal forms. Integrating such a terminology into machine translation is not a trivial task. The MT system must be able to disambiguate homographs on the source side and choose the correct wordform on the target side. In this work, we propose a simple but effective method for homograph disambiguation and a method of wordform selection by introducing multi-choice lexical constraints. We also propose a metric to measure the terminological consistency of the translation. Our results have a significant improvement over the current SOTA in terms of terminological consistency without any loss of the BLEU score. All the code used in this work will be published as open-source. © 2022 Elsevier B.V., All rights reserved.","Computational Linguistics; Computer Aided Language Translation; Neural Machine Translation; Open Systems; 'current; High Quality; Homograph Disambiguations; Machine Translations; Multi Choices; Open-source; Simple++; Terminology","Computational linguistics; Computer aided language translation; Neural machine translation; Open systems; 'current; High quality; Homograph disambiguations; Machine translations; Multi choices; Open-source; Simple++; Terminology","Conference paper","Final","All Open Access; Bronze Open Access","Scopus","2-s2.0-85123631711"
"M., Ailem, Melissa; J., Liu, Jinghsu; R., Qader, Raheel","Ailem, Melissa (57120206400); Liu, Jinghsu (57221549877); Qader, Raheel (57028309500)","57120206400; 57221549877; 57028309500","Encouraging Neural Machine Translation to Satisfy Terminology Constraints","2021","","","","","1450","1455","0","14","10.18653/v1/2021.findings-acl.125","https://www.scopus.com/inward/record.uri?eid=2-s2.0-85119244207&doi=10.18653%2Fv1%2F2021.findings-acl.125&partnerID=40&md5=f6c145b571a89346b7fb16c0081f1892","We present a new approach to encourage neural machine translation to satisfy lexical constraints. Our method acts at the training step and thereby avoiding the introduction of any extra computational overhead at inference step. The proposed method combines three main ingredients. The first one consists in augmenting the training data to specify the constraints. Intuitively, this encourages the model to learn a copy behavior when it encounters constraint terms. Compared to previous work, we use a simplified augmentation strategy without source factors. The second ingredient is constraint token masking, which makes it even easier for the model to learn the copy behavior and generalize better. The third one, is a modification of the standard cross entropy loss to bias the model towards assigning high probabilities to constraint words. Empirical results show that our method improves upon related baselines in terms of both BLEU score and the percentage of generated constraint terms. © 2024 Elsevier B.V., All rights reserved.","Computational Linguistics; Computer Aided Language Translation; Computational Overheads; Cross Entropy; Entropy Loss; High Probability; Learn+; New Approaches; Training Data; Neural Machine Translation","Computational linguistics; Computer aided language translation; Computational overheads; Cross entropy; Entropy loss; High probability; Learn+; New approaches; Training data; Neural machine translation","Conference paper","Final","All Open Access; Green Accepted Open Access; Green Open Access; Hybrid Gold Open Access","Scopus","2-s2.0-85119244207"
"Y., Wang, Yufei; I.D., Wood, Ian David; S., Wan, Stephen; M., Dras, Mark; M.E., Johnson, Mark E.","Wang, Yufei (58747837700); Wood, Ian David (56564912800); Wan, Stephen (35088889600); Dras, Mark (14028410200); Johnson, Mark E. (55574223118)","58747837700; 56564912800; 35088889600; 14028410200; 55574223118","Mention flags (MF): Constraining transformer-based text generators","2021","","1","","","103","113","0","26","10.18653/v1/2021.acl-long.9","https://www.scopus.com/inward/record.uri?eid=2-s2.0-85118948103&doi=10.18653%2Fv1%2F2021.acl-long.9&partnerID=40&md5=62851196e197c1150b79fa6193677d09","This paper focuses on Seq2Seq (S2S) constrained text generation where the text generator is constrained to mention specific words, which are inputs to the encoder, in the generated outputs. Pre-trained S2S models such as T5 or a Copy Mechanism can be trained to copy the surface tokens from encoders to decoders, but they cannot guarantee constraint satisfaction. Constrained decoding algorithms always produce hypotheses satisfying all constraints. However, they are computationally expensive and can lower the generated text quality. In this paper, we propose Mention Flags (MF), which trace whether lexical constraints are satisfied in the generated outputs of an S2S decoder. The MF models are trained to generate tokens until all constraints are satisfied, guaranteeing high constraint satisfaction. Our experiments on the Common Sense Generation task (CommonGen) (Lin et al., 2020), End2end Data-to-Text task (E2ENLG) (Dušek et al., 2020) and Novel Object Captioning task (nocaps) (Agrawal et al., 2019) show that the MF models maintain higher constraint satisfaction and text quality than the baseline models and other constrained text generation algorithms, achieving state-of-the-art performance on all three tasks. These results are achieved with a much lower run-time than constrained decoding algorithms. We also show that the MF models work well in the low-resource setting. © 2025 Elsevier B.V., All rights reserved.","Computational Linguistics; Decoding; Baseline Models; Common Sense; Constrained Decoding; Constraint Satisfaction; Decoding Algorithm; Generation Algorithm; State-of-the-art Performance; Text Generations; Text Generators; Text Qualities; Signal Encoding","Computational linguistics; Decoding; Baseline models; Common sense; Constrained decoding; Constraint Satisfaction; Decoding algorithm; Generation algorithm; State-of-the-art performance; Text generations; Text generators; Text qualities; Signal encoding","Conference paper","Final","All Open Access; Hybrid Gold Open Access","Scopus","2-s2.0-85118948103"
"X., He, Xingwei; V.O.K., Li, Victor On Kwok","He, Xingwei (57271421600); Li, Victor On Kwok (7202621685)","57271421600; 7202621685","Show Me How to Revise: Improving Lexically Constrained Sentence Generation with XLNet","2021","","14B","","","12989","12997","0","21","10.1609/aaai.v35i14.17536","https://www.scopus.com/inward/record.uri?eid=2-s2.0-85116628084&doi=10.1609%2Faaai.v35i14.17536&partnerID=40&md5=167179b59afc8241b06f66073caa45d2","Lexically constrained sentence generation allows the incorporation of prior knowledge such as lexical constraints into the output. This technique has been applied to machine translation, and dialog response generation. Previous work usually used Markov Chain Monte Carlo (MCMC) sampling to generate lexically constrained sentences, but they randomly determined the position to be edited and the action to be taken, resulting in many invalid refinements. To overcome this challenge, we used a classifier to instruct the MCMCbased models where and how to refine the candidate sentences. First, we developed two methods to create synthetic data on which the pre-trained model is fine-tuned to obtain a reliable classifier. Next, we proposed a two-step approach, ""Predict and Revise"", for constrained sentence generation. During the predict step, we leveraged the classifier to compute the learned prior for the candidate sentence. During the revise step, we resorted to MCMC sampling to revise the candidate sentence by conducting a sampled action at a sampled position drawn from the learned prior. We compared our proposed models with many strong baselines on two tasks, generating sentences with lexical constraints and text infilling. Experimental results have demonstrated that our proposed model performs much better than the previous work in terms of sentence fluency and diversity. Our code, pre-trained models and Appendix are available at https://github.com/NLPCode/MCMCXLNet. © 2024 Elsevier B.V., All rights reserved.","Artificial Intelligence; Monte Carlo Methods; Infilling; Machine Translations; Markov Chain Monte Carlo Samplings; Prior-knowledge; Response Generation; Synthetic Data; Two-step Approach; Markov Processes","Artificial intelligence; Monte Carlo methods; Infilling; Machine translations; Markov chain monte carlo samplings; Prior-knowledge; Response generation; Synthetic data; Two-step approach; Markov processes","Conference paper","Final","All Open Access; Gold Open Access; Green Accepted Open Access; Green Open Access","Scopus","2-s2.0-85116628084"
"L.H., Hsieh, Lee Hsun; Y., Lee, Yangyin; E.P., Lim, Ee Peng","Hsieh, Lee Hsun (57222756818); Lee, Yangyin (55953710300); Lim, Ee Peng (7201710034)","57222756818; 55953710300; 7201710034","ENCONTER: Entity constrained progressive sequence generation via insertion-based transformer","2021","","","","","3590","3599","0","1","","https://www.scopus.com/inward/record.uri?eid=2-s2.0-85107317581&partnerID=40&md5=b75bfb7d52a3318669f56f09ef72e012","Pretrained using large amount of data, autoregressive language models are able to generate high quality sequences. However, these models do not perform well under hard lexical constraints as they lack fine control of content generation process. Progressive insertion-based transformers can overcome the above limitation and efficiently generate a sequence in parallel given some input tokens as constraint. These transformers however may fail to support hard lexical constraints as their generation process is more likely to terminate prematurely. The paper analyses such early termination problems and proposes the ENtity-CONstrained insertion TransformER (ENCONTER), a new insertion transformer that addresses the above pitfall without compromising much generation efficiency. We introduce a new training strategy that considers predefined hard lexical constraints (e.g., entities to be included in the generated sequence). Our experiments show that ENCONTER outperforms other baseline models in several performance metrics rendering it more suitable in practical applications. © 2021 Elsevier B.V., All rights reserved.","Auto-regressive; Baseline Models; Early Termination; Generation Process; High-quality Sequences; Performance Metrics; Sequence Generation; Training Strategy; Computational Linguistics","Auto-regressive; Baseline models; Early termination; Generation process; High-quality sequences; Performance metrics; Sequence generation; Training strategy; Computational linguistics","Conference paper","Final","","Scopus","2-s2.0-85107317581"
"C., Mi, Chenggang; S., Zhu, Shaolin; R., Nie, Rui","Mi, Chenggang (56437926000); Zhu, Shaolin (57195195979); Nie, Rui (57223008003)","56437926000; 57195195979; 57223008003","Improving Loanword Identification in Low-Resource Language with Data Augmentation and Multiple Feature Fusion","2021","Computational Intelligence and Neuroscience","2021","","9975078","","","0","3","10.1155/2021/9975078","https://www.scopus.com/inward/record.uri?eid=2-s2.0-85104457167&doi=10.1155%2F2021%2F9975078&partnerID=40&md5=a269b69fdd8251af90a61172fc28b261","Loanword identification is studied in recent years to alleviate data sparseness in several natural language processing (NLP) tasks, such as machine translation, cross-lingual information retrieval, and so on. However, recent studies on this topic usually put efforts on high-resource languages (such as Chinese, English, and Russian); for low-resource languages, such as Uyghur and Mongolian, due to the limitation of resources and lack of annotated data, loanword identification on these languages tends to have lower performance. To overcome this problem, we first propose a lexical constraint-based data augmentation method to generate training data for low-resource language loanword identification; then, a loanword identification model based on a log-linear RNN is introduced to improve the performance of low-resource loanword identification by incorporating features such as word-level embeddings, character-level embeddings, pronunciation similarity, and part-of-speech (POS) into one model. Experimental results on loanword identification in Uyghur (in this study, we mainly focus on Arabic, Chinese, Russian, and Turkish loanwords in Uyghur) showed that our proposed method achieves best performance compared with several strong baseline systems. © 2021 Elsevier B.V., All rights reserved.","Computer Aided Language Translation; Embeddings; Constraint-based; Cross-lingual Information Retrieval; Data Augmentation; Identification Model; Low Resource Languages; Machine Translations; Multiple Feature Fusion; Natural Language Processing; Natural Language Processing Systems; Information Retrieval; Language; Natural Language Processing; Russian Federation; Speech; Information Storage And Retrieval; Language; Natural Language Processing; Russia; Speech","Computer aided language translation; Embeddings; Constraint-based; Cross-lingual information retrieval; Data augmentation; Identification model; Low resource languages; Machine translations; Multiple feature fusion; NAtural language processing; Natural language processing systems; information retrieval; language; natural language processing; Russian Federation; speech; Information Storage and Retrieval; Language; Natural Language Processing; Russia; Speech","Article","Final","All Open Access; Gold Open Access; Green Final Open Access; Green Open Access","Scopus","2-s2.0-85104457167"
"J., Zhang, Jiacheng; H., Luan, Huanbo; M., Sun, Maosong; F., Zhai, Feifei; J., Xu, Jingfang; Y., Liu, Yang","Zhang, Jiacheng (57194899296); Luan, Huanbo (56153297200); Sun, Maosong (7403180987); Zhai, Feifei (51666488000); Xu, Jingfang (57198896401); Liu, Yang (57211088579)","57194899296; 56153297200; 7403180987; 51666488000; 57198896401; 57211088579","Neural Machine Translation with Explicit Phrase Alignment","2021","IEEE/ACM Transactions on Audio Speech and Language Processing","29","","9351682","1001","1010","0","21","10.1109/TASLP.2021.3057831","https://www.scopus.com/inward/record.uri?eid=2-s2.0-85100863503&doi=10.1109%2FTASLP.2021.3057831&partnerID=40&md5=c71157173b8d7e31bb5cddfce6198423","While neural machine translation has achieved state-of-the-art translation performance, it is unable to capture the alignment between the input and output during the translation process. The lack of alignment in neural machine translation models leads to three problems: it is hard to (1) interpret the translation process, (2) impose lexical constraints, and (3) impose structural constraints. These problems not only increase the difficulty of designing new architectures for neural machine translation, but also limit its applications in practice. To alleviate these problems, we propose to introduce explicit phrase alignment into the translation process of arbitrary neural machine translation models. The key idea is to build a search space similar to that of phrase-based statistical machine translation for neural machine translation where phrase alignment is readily available. We design a new decoding algorithm that can easily impose lexical and structural constraints. Experiments show that our approach makes the translation process of neural machine translation more interpretable without sacrificing translation quality. In addition, our approach achieves significant improvements in lexically and structurally constrained translation tasks. © 2021 Elsevier B.V., All rights reserved.","Alignment; Machine Translation; Natural Language Processing; Neural-networks; Alignment; Computational Linguistics; Decoding Algorithm; Input And Outputs; Machine Translation Models; Machine Translations; Phrase-based Statistical Machine Translation; Structural Constraints; Translation Process; Translation Quality; Computer Aided Language Translation","Alignment; Computational linguistics; Decoding algorithm; Input and outputs; Machine translation models; Machine translations; Phrase-based statistical machine translation; Structural constraints; Translation process; Translation quality; Computer aided language translation","Article","Final","All Open Access; Green Accepted Open Access; Green Open Access","Scopus","2-s2.0-85100863503"
"S., Hameau, Solène; B.A., Biedermann, Britta A.; L.A., Nickels, Lyndsey A.","Hameau, Solène (57200910908); Biedermann, Britta A. (23391909800); Nickels, Lyndsey A. (6603789089)","57200910908; 23391909800; 6603789089","Lexical activation in late bilinguals: effects of phonological neighbourhood on spoken word production","2021","Language, Cognition and Neuroscience","36","4","","517","534","0","5","10.1080/23273798.2020.1863438","https://www.scopus.com/inward/record.uri?eid=2-s2.0-85099185242&doi=10.1080%2F23273798.2020.1863438&partnerID=40&md5=33796bdc3bfe3c01081db84df7e6a914","This research explores patterns of lexical activation of both languages of a bilingual when producing spoken words. Specifically, it investigates the influence of within- and cross-language measures of phonological neighbourhood, on the English picture naming performance of a diverse group of French (L1)–English (L2) late bilinguals. A novel phonological neighbourhood density measure was used that took into account the phonological and lexical constraints of this sample of late bilinguals. Results showed that both within- and cross-language neighbours influenced picture naming performance and that the length of exposure to L2 and familiarity of the target modulated these effects, with both facilitatory and inhibitory effects observed. Additionally, the previously well-attested cognate facilitation effect decreased with L2 language exposure. These results support interactive models of word production, within a language non-specific view of lexical access, and show the dynamic nature of a bilingual’s lexical connections. © 2021 Elsevier B.V., All rights reserved.","Cognate; Cross-linguistic Influence; L2 Exposure; Late Bilingual; Lexical Retrieval; Phonological Neighbourhood Density; Article; Facilitation; Human; Human Experiment; Information Retrieval; Language; Neighborhood","article; facilitation; human; human experiment; information retrieval; language; neighborhood","Article","Final","","Scopus","2-s2.0-85099185242"
"T.A., Brothers, Trevor A.; E.W., Wlotko, Edward W.; L., Warnke, Lena; G.R., Kuperberg, Gina R.","Brothers, Trevor A. (56396411100); Wlotko, Edward W. (11241560600); Warnke, Lena (57216452319); Kuperberg, Gina R. (7003545173)","56396411100; 11241560600; 57216452319; 7003545173","Going the Extra Mile: Effects of Discourse Context on Two Late Positivities During Language Comprehension","2020","Neurobiology of Language","1","1","","135","160","0","66","10.1162/nol_a_00006","https://www.scopus.com/inward/record.uri?eid=2-s2.0-85091381232&doi=10.1162%2Fnol_a_00006&partnerID=40&md5=563ce07b614f379553acf482f8fc11bd","During language comprehension, online neural processing is strongly influenced by the constraints of the prior context. Although the N400 event-related potential (ERP) response (300–500 ms) is known to be sensitive to a word’s semantic predictability, less is known about a set of late positive-going ERP responses (600–1,000 ms) that can be elicited when an incoming word violates strong predictions about upcoming content (late frontal positivity) or about what is possible given the prior context (late posterior positivity/ P600). Across three experiments, we systematically manipulated the length of the prior context and the source of lexical constraint to determine their influence on comprehenders’ online neural responses to these two types of prediction violations. In Experiment 1, within minimal contexts, both lexical prediction violations and semantically anomalous words produced a larger N400 than expected continuations ( James unlocked the door/laptop/gardener), but no late positive effects were observed. Critically, the late posterior positivity/ P600 to semantic anomalies appeared when these same sentences were embedded within longer discourse contexts (Experiment 2a), and the late frontal positivity appeared to lexical prediction violations when the preceding context was rich and globally constraining (Experiment 2b). We interpret these findings within a hierarchical generative framework of language comprehension. This framework highlights the role of comprehension goals and broader linguistic context, and how these factors influence both top-down prediction and the decision to update or reanalyze the prior context when these predictions are violated. © 2021 Elsevier B.V., All rights reserved.","Discourse; Event-related Potential (erp); Frontal Positivity; P600; Prediction","","Article","Final","All Open Access; Gold Open Access; Green Accepted Open Access; Green Final Open Access; Green Open Access","Scopus","2-s2.0-85091381232"
"Y., Ren, Yuanhang; Y., Du, Ye","Ren, Yuanhang (57219482579); Du, Ye (55197846600)","57219482579; 55197846600","Specializing Word Vectors by Spectral Decomposition on Heterogeneously Twisted Graphs","2020","","","","","3599","3609","0","0","","https://www.scopus.com/inward/record.uri?eid=2-s2.0-85149652656&partnerID=40&md5=545effef7991fdb91aefc877da2a5a76","Traditional word vectors, such as word2vec and glove, have a well-known inclination to conflate the semantic similarity with other semantic relations. A retrofitting procedure may be needed to solve this issue. In this work, we propose a new retrofitting method called Heterogeneously Retrofitted Spectral Word Embedding. It heterogeneously twists the similarity matrix of word pairs with lexical constraints. A new set of word vectors is generated by a spectral decomposition of the similarity matrix, which has a linear algebraic analytic form. Our method has a competitive performance compared with the state-of-the-art retrofitting method such as AR (Mrkšić et al., 2017). In addition, since our embedding has a clear linear algebraic relationship with the similarity matrix, we carefully study the contribution of each component in our model. Last but not least, our method is very efficient to execute1 © 2023 Elsevier B.V., All rights reserved.","Computational Linguistics; Matrix Algebra; Retrofitting; Semantics; Competitive Performance; Embeddings; Linear-algebraic; Semantic Relations; Semantic Similarity; Similarity Matrix; Spectral Decomposition; State Of The Art; Word Vectors; Word-pairs","Computational linguistics; Matrix algebra; Retrofitting; Semantics; Competitive performance; Embeddings; Linear-algebraic; Semantic relations; Semantic similarity; Similarity matrix; Spectral decomposition; State of the art; Word vectors; Word-pairs","Conference paper","Final","","Scopus","2-s2.0-85149652656"
"X., Ohmer, Xenia; P.M., König, Peter M.; M., Franke, Michael","Ohmer, Xenia (57188828184); König, Peter M. (7102563952); Franke, Michael (36463288400)","57188828184; 7102563952; 36463288400","Reinforcement of Semantic Representations in Pragmatic Agents Leads to the Emergence of a Mutual Exclusivity Bias","2020","","","","","1779","1785","0","6","","https://www.scopus.com/inward/record.uri?eid=2-s2.0-85106169328&partnerID=40&md5=efb874f96dce1ea0f5a172137b33d89b","We present a novel framework for building pragmatic artificial agents with explicit and trainable semantic representations, using the Rational Speech Act model. We train our agents on supervised and unsupervised communication games and compare their behavior to literal agents lacking pragmatic abilities. For both types of games pragmatic but not literal agents evolve a mutual exclusivity bias. This provides a computational pragmatic account of mutual exclusivity and points out a possible direction for solving the mutual exclusivity bias challenge posed by Gandhi and Lake (2019). We find that pragmatic reasoning can cause the bias either by promoting lexical constraints during learning, or by affecting online inference. In addition we show that pragmatic abilities lead to faster learning and that this advantage is even stronger when meanings to be communicated follow a more natural distribution as described by Zipf's law. © 2022 Elsevier B.V., All rights reserved.","Gradient-based Learning; Mutual Exclusivity; Rational Speech Act Model; Reinforcement Learning; Learning Systems; Semantics; Artificial Agents; Communication Games; Gradient-based Learning; Literals; Mutual Exclusivities; Online Inferences; Rational Speech Act Model; Reinforcement Learnings; Semantic Representation; Speech Act Modeling; Reinforcement Learning","Learning systems; Semantics; Artificial agents; Communication games; Gradient-based learning; Literals; Mutual exclusivities; Online inferences; Rational speech act model; Reinforcement learnings; Semantic representation; Speech act modeling; Reinforcement learning","Conference paper","Final","","Scopus","2-s2.0-85106169328"
"Y., Zhang, Yizhe; G., Wang, Guoyin; C., Li, Chunyuan; Z., Gan, Zhe; C., Brockett, Chris; B., Dolan, Bill","Zhang, Yizhe (57216697412); Wang, Guoyin (59257342400); Li, Chunyuan (39863319200); Gan, Zhe (57057041200); Brockett, Chris (12445867900); Dolan, Bill (35423406000)","57216697412; 59257342400; 39863319200; 57057041200; 12445867900; 35423406000","POINTER: Constrained progressive text generation via insertion-based generative pre-training","2020","","","","","8649","8670","0","73","","https://www.scopus.com/inward/record.uri?eid=2-s2.0-85102840672&partnerID=40&md5=ab144a18419d96817e855767c6f00b8d","Large-scale pre-trained language models, such as BERT and GPT-2, have achieved excellent performance in language representation learning and free-form text generation. However, these models cannot be directly employed to generate text under specified lexical constraints. To address this challenge, we present POINTER, a simple yet novel insertion-based approach for hard-constrained text generation. The proposed method operates by progressively inserting new tokens between existing tokens in a parallel manner. This procedure is recursively applied until a sequence is completed. The resulting coarse-to-fine hierarchy makes the generation process intuitive and interpretable. We pre-train our model with the proposed progressive insertion-based objective on a 12GB Wikipedia dataset, and fine-tune it on downstream hard-constrained generation tasks. Non-autoregressive decoding yields an empirically logarithmic time complexity during inference time. Experimental results on both News and Yelp datasets demonstrate that POINTER achieves state-of-the-art performance on constrained text generation. We released the pre-trained models and the source code to facilitate future research. © 2021 Elsevier B.V., All rights reserved.","Coarse To Fine; Fine Hierarchy; Freeforms; Generation Process; Language Model; Large-scales; Performance; Pre-training; Simple++; Text Generations; Computational Linguistics","Coarse to fine; Fine hierarchy; Freeforms; Generation process; Language model; Large-scales; Performance; Pre-training; Simple++; Text generations; Computational linguistics","Conference paper","Final","","Scopus","2-s2.0-85102840672"
"L., Sha, Lei","Sha, Lei (56441043200)","56441043200","Gradient-guided unsupervised lexically constrained text generation","2020","","","","","8692","8703","0","43","10.18653/v1/2020.emnlp-main.701","https://www.scopus.com/inward/record.uri?eid=2-s2.0-85101661795&doi=10.18653%2Fv1%2F2020.emnlp-main.701&partnerID=40&md5=8e362ef11ccc4f7e3a7686c3891631a5","Lexically-constrained generation requires the target sentence to satisfy some lexical constraints, such as containing some specific words or being the paraphrase to a given sentence, which is very important in many real-world natural language generation applications. Previous works usually apply beam-search-based methods or stochastic searching methods to lexically-constrained generation. However, when the search space is too large, beam-search-based methods always fail to find the constrained optimal solution. At the same time, stochastic search methods always cost too many steps to find the correct optimization direction. In this paper, we propose a novel method G2LC to solve the lexically-constrained generation as an unsupervised gradient-guided optimization problem. We propose a differentiable objective function and use the gradient to help determine which position in the sequence should be changed (deleted or inserted/replaced by another word). The word updating process of the inserted/replaced word also benefits from the guidance of gradient. Besides, our method is free of parallel data training, which is flexible to be used in the inference stage of any pre-trained generation model. We apply G2LC to two generation tasks: keyword-to-sentence generation and unsupervised paraphrase generation. The experiment results show that our method achieves state-of-the-art compared to previous lexically-constrained methods. © 2024 Elsevier B.V., All rights reserved.","Computational Linguistics; Natural Language Processing Systems; Stochastic Systems; Beam Search; Natural Language Generation; Optimal Solutions; Real-world; Search Spaces; Search-based; Searching Methods; Stochastic Search Methods; Stochastic Searching; Text Generations; Constrained Optimization","Computational linguistics; Natural language processing systems; Stochastic systems; Beam search; Natural language generation; Optimal solutions; Real-world; Search spaces; Search-based; Searching methods; Stochastic search methods; Stochastic searching; Text generations; Constrained optimization","Conference paper","Final","All Open Access; Hybrid Gold Open Access","Scopus","2-s2.0-85101661795"
"R.H., Susanto, Raymond Hendy; S., Chollampatt, Shamil; L., Tan, Liling","Susanto, Raymond Hendy (57188519100); Chollampatt, Shamil (57192386348); Tan, Liling (57220609350)","57188519100; 57192386348; 57220609350","Lexically constrained neural machine translation with levenshtein transformer","2020","Proceedings of the Annual Meeting of the Association for Computational Linguistics","","","","3536","3543","0","57","","https://www.scopus.com/inward/record.uri?eid=2-s2.0-85098025909&partnerID=40&md5=2aca1def235a4bbb73d35aa88a342ec9","This paper proposes a simple and effective algorithm for incorporating lexical constraints in neural machine translation. Previous work either required re-training existing models with the lexical constraints or incorporating them during beam search decoding with significantly higher computational overheads. Leveraging the flexibility and speed of a recently proposed Levenshtein Transformer model (Gu et al., 2019), our method injects terminology constraints at inference time without any impact on decoding speed. Our method does not require any modification to the training procedure and can be easily applied at run-time with custom dictionaries. Experiments on English-German WMT datasets show that our approach improves an unconstrained baseline and previous approaches. © 2023 Elsevier B.V., All rights reserved.","Computational Linguistics; Computer Aided Language Translation; Decoding; Beam Search; Computational Overheads; Decoding Speed; Effective Algorithms; Runtimes; Simple Algorithm; Simpler Algorithms; Training Procedures; Transformer Modeling; Neural Machine Translation","Computational linguistics; Computer aided language translation; Decoding; Beam search; Computational overheads; Decoding speed; Effective algorithms; Runtimes; SIMPLE algorithm; SIMPLER algorithms; Training procedures; Transformer modeling; Neural machine translation","Conference paper","Final","","Scopus","2-s2.0-85098025909"
"J., Dunn, Jonathan","Dunn, Jonathan (57220656180)","57220656180","Ontological and grammatical constraints on metaphor productivity","2020","","","","","55","76","0","0","10.1515/9781501511707-004","https://www.scopus.com/inward/record.uri?eid=2-s2.0-85097358709&doi=10.1515%2F9781501511707-004&partnerID=40&md5=d6fc577d222cb2414d5da32b6c7a50ff","Traditional approaches view metaphor as a semantic/pragmatic phenomenon that occurs at a conceptual level as mappings between independent concepts. These conceptual mappings are then lexicalized into observed metaphoric expressions. In this view, the lexical and grammatical structure of a metaphoric expression is not relevant to the underlying metaphor’s level of productivity. This paper argues that lexical constraints, ontological constraints, and grammatical constraints are all required to explain the productivity of metaphors. The productivity of metaphor lexicalizations is used to argue for the usefulness of a systematic script-based and ontology-based approach to meaning. © 2020 Elsevier B.V., All rights reserved.","Conceptual Mapping; Lexicon; Metaphor; Ontology; Script","","Book chapter","Final","","Scopus","2-s2.0-85097358709"
"G., Chen, Guanhua; Y., Chen, Yun; Y., Wang, Yong; V.O.K., Li, Victor On Kwok","Chen, Guanhua (58090926900); Chen, Yun (57191166069); Wang, Yong (56313010800); Li, Victor On Kwok (7202621685)","58090926900; 57191166069; 56313010800; 7202621685","Lexical-constraint-aware neural machine translation via data augmentation","2020","IJCAI International Joint Conference on Artificial Intelligence","2021-January","","","3587","3593","0","45","","https://www.scopus.com/inward/record.uri?eid=2-s2.0-85097334557&partnerID=40&md5=43f4f4447355a933170f82b70fc27728","Leveraging lexical constraint is extremely significant in domain-specific machine translation and interactive machine translation. Previous studies mainly focus on extending beam search algorithm or augmenting the training corpus by replacing source phrases with the corresponding target translation. These methods either suffer from the heavy computation cost during inference or depend on the quality of the bilingual dictionary pre-specified by the user or constructed with statistical machine translation. In response to these problems, we present a conceptually simple and empirically effective data augmentation approach in lexical constrained neural machine translation. Specifically, we construct constraint-aware training data by first randomly sampling the phrases of the reference as constraints, and then packing them together into the source sentence with a separation symbol. Extensive experiments on several language pairs demonstrate that our approach achieves superior translation results over the existing systems, improving translation of constrained sentences without hurting the unconstrained ones. © 2022 Elsevier B.V., All rights reserved.","Computational Linguistics; Computer Aided Language Translation; Beam Search Algorithms; Bilingual Dictionary; Computation Costs; Data Augmentation; Existing Systems; Machine Translations; Statistical Machine Translation; Superior Translations; Artificial Intelligence","Computational linguistics; Computer aided language translation; Beam search algorithms; Bilingual dictionary; Computation costs; Data augmentation; Existing systems; Machine translations; Statistical machine translation; Superior translations; Artificial intelligence","Conference paper","Final","","Scopus","2-s2.0-85097334557"
"K., Song, Kai; K., Wang, Kun; H., Yu, Heng; Y., Zhang, Yue; Z., Huang, Zhongqiang; W., Luo, Weihua; X., Duan, Xiangyu; M., Zhang, Min","Song, Kai (56393582900); Wang, Kun (57216970104); Yu, Heng (57211752038); Zhang, Yue (56066648800); Huang, Zhongqiang (14026761500); Luo, Weihua (57205542880); Duan, Xiangyu (54906625400); Zhang, Min (56368409100)","56393582900; 57216970104; 57211752038; 56066648800; 14026761500; 57205542880; 54906625400; 56368409100","Alignment-enhanced transformer for constraining NMT with pre-specified translations","2020","","","","","8886","8893","0","39","","https://www.scopus.com/inward/record.uri?eid=2-s2.0-85094721953&partnerID=40&md5=96fd06357a7459df8c114bd562f2b658","We investigate the task of constraining NMT with pre-specified translations, which has practical significance for a number of research and industrial applications. Existing works impose pre-specified translations as lexical constraints during decoding, which are based on word alignments derived from target-to-source attention weights. However, multiple recent studies have found that word alignment derived from generic attention heads in the Transformer is unreliable. We address this problem by introducing a dedicated head in the multi-head Transformer architecture to capture external supervision signals. Results on five language pairs show that our method is highly effective in constraining NMT with pre-specified translations, consistently outperforming previous methods in translation quality. © 2021 Elsevier B.V., All rights reserved.","Alignment; Industrial Research; Language Pairs; Translation Quality; Word Alignment; Artificial Intelligence","Alignment; Industrial research; Language pairs; Translation quality; Word alignment; Artificial intelligence","Conference paper","Final","","Scopus","2-s2.0-85094721953"
"M., Zhou, Mantong; M., Huang, Minlie; X., Zhu, Xiaoyan","Zhou, Mantong (57193132530); Huang, Minlie (7404260571); Zhu, Xiaoyan (7406185137)","57193132530; 7404260571; 7406185137","Robust Reading Comprehension with Linguistic Constraints via Posterior Regularization","2020","IEEE/ACM Transactions on Audio Speech and Language Processing","28","","9165888","2500","2510","0","12","10.1109/TASLP.2020.3016132","https://www.scopus.com/inward/record.uri?eid=2-s2.0-85091074168&doi=10.1109%2FTASLP.2020.3016132&partnerID=40&md5=16a8cfed51395d7ed51c8db2a49ed2ec","In spite of the great advancements of machine reading comprehension (RC), existing RC models are still vulnerable and not robust to different types of adversarial examples. Neural models over-confidently predict wrong answers to semantic different adversarial examples, while over-sensitively predict wrong answers to semantic equivalent adversarial examples. Existing methods which improve the robustness of such neural models merely mitigate one of the two issues but ignore the other. In this article, we address the over-confidence issue and the over-sensitivity issue existing in current RC models simultaneously with the help of external linguistic knowledge. We first incorporate external knowledge to impose different linguistic constraints (entity constraint, lexical constraint, and predicate constraint), and then regularize RC models through posterior regularization. Linguistic constraints induce more reasonable predictions for both semantic different and semantic equivalent adversarial examples, and posterior regularization provides an effective mechanism to incorporate these constraints. Our method can be applied to any existing neural RC models including state-of-the-art BERT models. Extensive experiments show that our method remarkably improves the robustness of base RC models, and is better to cope with these two issues simultaneously. © 2020 Elsevier B.V., All rights reserved.","Adversarial Examples; Linguistic Constraints; Machine Reading Comprehension; Posterior Regularization; Robust; Forecasting; Effective Mechanisms; External Knowledge; Linguistic Constraints; Linguistic Knowledge; Reading Comprehension; Semantic Equivalents; State Of The Art; Wrong Answers; Semantics","Forecasting; Effective mechanisms; External knowledge; Linguistic constraints; Linguistic knowledge; Reading comprehension; Semantic equivalents; State of the art; Wrong answers; Semantics","Article","Final","All Open Access; Green Accepted Open Access; Green Open Access","Scopus","2-s2.0-85091074168"
"A., Kukona, Anuenue","Kukona, Anuenue (36760991100)","36760991100","Lexical constraints on the prediction of form: Insights from the visual world paradigm.","2020","Journal of Experimental Psychology: Learning Memory and Cognition","46","11","","2153","2162","0","23","10.1037/xlm0000935","https://www.scopus.com/inward/record.uri?eid=2-s2.0-85088436812&doi=10.1037%2Fxlm0000935&partnerID=40&md5=2d8e5a703ee711d7f405b29466d231c4","Two visual world experiments investigated the priming of form (e.g., phonology) during language processing. In Experiment 1, participants heard high cloze probability sentences like “In order to have a closer look, the dentist asked the man to open his…” while viewing visual arrays with objects like a predictable target mouth, phonological competitor mouse, and unrelated distractors. In Experiment 2, participants heard target-associated nouns like “dentist” that were isolated from the sentences in Experiment 1 while viewing the same visual arrays. In both experiments, participants fixated the target (e.g., mouth) most, but also fixated the phonological competitor (e.g., mouse) more than unrelated distractors. Taken together, these results are interpreted as supporting association-based mechanisms in prediction, such that activation spreads across both semantics and form within the mental lexicon (e.g., dentist-mouth-mouse) and likewise primes (i.e., preactivates) the form of upcoming words during sentence processing. (PsycInfo Database Record (c) 2020 APA, all rights reserved) © 2021 Elsevier B.V., All rights reserved.","Form; Phonology; Preactivation; Prediction; Visual World Paradigm; Adult; Anticipation; Female; Human; Male; Oculography; Pattern Recognition; Physiology; Psycholinguistics; Semantics; Speech Perception; Young Adult; Adult; Anticipation, Psychological; Eye Movement Measurements; Female; Humans; Male; Pattern Recognition, Visual; Psycholinguistics; Semantics; Speech Perception; Young Adult","adult; anticipation; female; human; male; oculography; pattern recognition; physiology; psycholinguistics; semantics; speech perception; young adult; Adult; Anticipation, Psychological; Eye Movement Measurements; Female; Humans; Male; Pattern Recognition, Visual; Psycholinguistics; Semantics; Speech Perception; Young Adult","Article","Final","All Open Access; Green Accepted Open Access; Green Open Access","Scopus","2-s2.0-85088436812"
"H., Li, Huayang; G., Huang, Guoping; D., Cai, Deng; L., Liu, Lemao","Li, Huayang (57218160671); Huang, Guoping (57211981482); Cai, Deng (57211727333); Liu, Lemao (55272241500)","57218160671; 57211981482; 57211727333; 55272241500","Neural Machine Translation with Noisy Lexical Constraints","2020","IEEE/ACM Transactions on Audio Speech and Language Processing","28","","9108255","1864","1874","0","11","10.1109/TASLP.2020.2999724","https://www.scopus.com/inward/record.uri?eid=2-s2.0-85088109242&doi=10.1109%2FTASLP.2020.2999724&partnerID=40&md5=caa761deb664c2e11e54926adec3ad7e","In neural machine translation, lexically constrained decoding generates translation outputs strictly including the constraints predefined by users, and it is beneficial to improve translation quality at the cost of more decoding overheads if the constraints are perfect. Unfortunately, those constraints may contain mistakes in real-world situations and incorrect constraints will undermine lexically constrained decoding. In this article, we propose a novel framework that is capable of improving the translation quality even if the constraints are noisy. The key to our framework is to treat the lexical constraints as external memories. More concretely, it encodes the constraints by a memory encoder and then leverages the memories by a memory integrator. Experiments demonstrate that our framework can not only deliver substantial BLEU gains in handling noisy constraints, but also achieve speedup in decoding. These results motivate us to apply our models to a new scenario where the constraints are generated without the help of users. Experiments show that our models can indeed improve the translation quality with the automatically generated constraints. © 2020 Elsevier B.V., All rights reserved.","Lexical Constraints; Neural Machine Translation; Computational Linguistics; Computer Aided Language Translation; Automatically Generated; Constrained Decoding; Decoding Overheads; External Memory; Machine Translations; Memory Encoders; Real World Situations; Translation Quality; Decoding","Computational linguistics; Computer aided language translation; Automatically generated; Constrained decoding; Decoding overheads; External memory; Machine translations; Memory encoders; Real world situations; Translation quality; Decoding","Article","Final","All Open Access; Green Accepted Open Access; Green Open Access","Scopus","2-s2.0-85088109242"
"S., Latif, Seemab; S., Bashir, Sarmad; M.M.A., Agha, Mir Muntasar Ali; R., Latif, Rabia","Latif, Seemab (24474838500); Bashir, Sarmad (58183523300); Agha, Mir Muntasar Ali (57217096639); Latif, Rabia (35113496900)","24474838500; 58183523300; 57217096639; 35113496900","Backward-Forward Sequence Generative Network for Multiple Lexical Constraints","2020","IFIP Advances in Information and Communication Technology","584 IFIP","","","39","50","0","4","10.1007/978-3-030-49186-4_4","https://www.scopus.com/inward/record.uri?eid=2-s2.0-85086180851&doi=10.1007%2F978-3-030-49186-4_4&partnerID=40&md5=5baf8f68d149b72b966db908480a7f03","Advancements in Long Short Term Memory (LSTM) Networks have shown remarkable success in various Natural Language Generation (NLG) tasks. However, generating sequence from pre-specified lexical constraints is a new, challenging and less researched area in NLG. Lexical constraints take the form of words in the language model’s output to create fluent and meaningful sequences. Furthermore, most of the previous approaches cater this problem by allowing the inclusion of pre-specified lexical constraints during the decoding process, which increases the decoding complexity exponentially or linearly with the number of constraints. Moreover, some of the previous approaches can only deal with single constraint. Additionally, most of the previous approaches only deal with single constraints. In this paper, we propose a novel neural probabilistic architecture based on backward-forward language model and word embedding substitution method that can cater multiple lexical constraints for generating quality sequences. Experiments shows that our proposed architecture outperforms previous methods in terms of intrinsic evaluation. © 2020 Elsevier B.V., All rights reserved.","Language Models; Lexical Constraints; Natural Language Generation; Recurrent Neural Networks; Word Embedding; Computational Linguistics; Decoding; Natural Language Processing Systems; Network Architecture; Architecture-based; Decoding Complexity; Decoding Process; Language Model; Natural Language Generation; Proposed Architectures; Single Constraint; Substitution Method; Long Short-term Memory","Computational linguistics; Decoding; Natural language processing systems; Network architecture; Architecture-based; Decoding complexity; Decoding process; Language model; Natural language generation; Proposed architectures; Single constraint; Substitution method; Long short-term memory","Conference paper","Final","","Scopus","2-s2.0-85086180851"
"G., Glavaš, Goran; I., Vulić, Ivan","Glavaš, Goran (36462569800); Vulić, Ivan (56582580300)","36462569800; 56582580300","Generalized tuning of distributional word vectors for monolingual and cross-lingual lexical entailment","2020","","","","","4824","4830","0","14","","https://www.scopus.com/inward/record.uri?eid=2-s2.0-85083970848&partnerID=40&md5=f1a98e545e81996f15eccad5dd924c5d","Lexical entailment (LE; also known as hyponymy-hypernymy or is-a relation) is a core asymmetric lexical relation that supports tasks like taxonomy induction and text generation. In this work, we propose a simple and effective method for fine-tuning distributional word vectors for LE. Our Generalized Lexical ENtailment model (GLEN) is decoupled from the word embedding model and applicable to any distributional vector space. Yet - unlike existing retrofitting models - it captures a general specialization function allowing for LE-tuning of the entire distributional space and not only the vectors of words seen in lexical constraints. Coupled with a multilingual embedding space, GLEN seamlessly enables cross-lingual LE detection. We demonstrate the effectiveness of GLEN in graded LE and report large improvements (over 20% in accuracy) over state-of-the-art in cross-lingual LE detection. © 2020 Elsevier B.V., All rights reserved.","Computational Linguistics; Embeddings; Vectors; Cross-lingual; Fine Tuning; Hyponymy; Lexical Relations; State Of The Art; Text Generations; Word Vectors; Vector Spaces","Computational linguistics; Embeddings; Vectors; Cross-lingual; Fine tuning; Hyponymy; Lexical relations; State of the art; Text generations; Word vectors; Vector spaces","Conference paper","Final","","Scopus","2-s2.0-85083970848"
