doi,month,volume_id,collection_id,item type,book title,proceedings title,conference location,date published,isbn,urls,keywords,notes,sub-type,series,address,journal,venue,number,type,access,key,ee,url,unnamed: 0,pages,document title,author affiliations,publication title,date added to xplore,start page,end page,isbns,funding information,pdf link,ieee terms,mesh_terms,article citation count,patent citation count,reference count,license,online date,issue date,meeting date,document identifier,publication year,issn,publisher,author full names,author(s) id,source title,art. no.,page start,page end,page count,cited by,link,index keywords,document type,publication stage,open access,source,eid,year,title,author keywords,abstract,issue,volume,authors
10.1007/978-3-030-49186-4_4,not available,not available,not available,not available,not available,not available,not available,not available,not available,not available,not available,not available,not available,not available,not available,not available,AIAI,not available,Conference and Workshop Papers,closed,conf/ifip12/LatifBAL20,https://doi.org/10.1007/978-3-030-49186-4_4,https://dblp.org/rec/conf/ifip12/LatifBAL20,13.0,39-50,not available,not available,not available,not available,not available,not available,not available,not available,not available,not available,not available,not available,not available,not available,not available,not available,not available,not available,not available,not available,not available,not available,"Latif, Seemab (24474838500); Bashir, Sarmad (58183523300); Agha, Mir Muntasar Ali (57217096639); Latif, Rabia (35113496900)",24474838500; 58183523300; 57217096639; 35113496900,IFIP Advances in Information and Communication Technology,not available,39.0,50.0,0.0,4.0,https://www.scopus.com/inward/record.uri?eid=2-s2.0-85086180851&doi=10.1007%2F978-3-030-49186-4_4&partnerID=40&md5=5baf8f68d149b72b966db908480a7f03,Computational linguistics; Decoding; Natural language processing systems; Network architecture; Architecture-based; Decoding complexity; Decoding process; Language model; Natural language generation; Proposed architectures; Single constraint; Substitution method; Long short-term memory,Conference paper,Final,not available,Scopus,2-s2.0-85086180851,2020.0,Backward-Forward Sequence Generative Network for Multiple Lexical Constraints.,Language Models; Lexical Constraints; Natural Language Generation; Recurrent Neural Networks; Word Embedding; Computational Linguistics; Decoding; Natural Language Processing Systems; Network Architecture; Architecture-based; Decoding Complexity; Decoding Process; Language Model; Natural Language Generation; Proposed Architectures; Single Constraint; Substitution Method; Long Short-term Memory,"Advancements in Long Short Term Memory (LSTM) Networks have shown remarkable success in various Natural Language Generation (NLG) tasks. However, generating sequence from pre-specified lexical constraints is a new, challenging and less researched area in NLG. Lexical constraints take the form of words in the language model’s output to create fluent and meaningful sequences. Furthermore, most of the previous approaches cater this problem by allowing the inclusion of pre-specified lexical constraints during the decoding process, which increases the decoding complexity exponentially or linearly with the number of constraints. Moreover, some of the previous approaches can only deal with single constraint. Additionally, most of the previous approaches only deal with single constraints. In this paper, we propose a novel neural probabilistic architecture based on backward-forward language model and word embedding substitution method that can cater multiple lexical constraints for generating quality sequences. Experiments shows that our proposed architecture outperforms previous methods in terms of intrinsic evaluation. © 2020 Elsevier B.V., All rights reserved.",not available,584 IFIP,"Seemab Latif, Sarmad Bashir, Mir Muntasar Ali Agha, Rabia Latif"
10.1016/j.compbiomed.2021.104433,not available,not available,not available,not available,not available,not available,not available,not available,not available,not available,not available,not available,not available,not available,not available,not available,not available,not available,not available,not available,not available,not available,not available,not available,not available,not available,not available,not available,not available,not available,not available,not available,not available,not available,not available,not available,not available,not available,not available,not available,not available,not available,not available,not available,not available,not available,not available,"Nath, Namrata (55362182800); Lee, Sang-heon (56069293500); McDonnell, Mark D. (7102564709); Lee, Ivan (7404442312)",55362182800; 56069293500; 7102564709; 7404442312,Computers in Biology and Medicine,104433,not available,not available,0.0,16.0,https://www.scopus.com/inward/record.uri?eid=2-s2.0-85105968398&doi=10.1016%2Fj.compbiomed.2021.104433&partnerID=40&md5=61d3f0dfb4c6fe4c7e64348694da525c,Clinical research; Data handling; Embeddings; Natural language processing systems; Ontology; Antonymy; Augmentation; Clinical word vector; Dimensional representation; Named entity recognition; Ontology-based; Unified medical language systems; Word embedding; Word vectors; Vectors; algorithm; article; correlation coefficient; electronic health record; embedding; human; human experiment; molecular recognition; ontology; quantitative analysis; Unified Medical Language System; vocabulary; natural language processing; Algorithms; Electronic Health Records; Humans; Natural Language Processing,Article,Final,not available,Scopus,2-s2.0-85105968398,2021.0,The quest for better clinical word vectors: Ontology based and lexical vector augmentation versus clinical contextual embeddings,Antonymy; Augmentation; Clinical Word Vectors; Word Embedding; Clinical Research; Data Handling; Embeddings; Natural Language Processing Systems; Ontology; Antonymy; Augmentation; Clinical Word Vector; Dimensional Representation; Named Entity Recognition; Ontology-based; Unified Medical Language Systems; Word Embedding; Word Vectors; Vectors; Algorithm; Article; Correlation Coefficient; Electronic Health Record; Embedding; Human; Human Experiment; Molecular Recognition; Ontology; Quantitative Analysis; Unified Medical Language System; Vocabulary; Natural Language Processing; Algorithms; Electronic Health Records; Humans; Natural Language Processing,"Background: Word vectors or word embeddings are n-dimensional representations of words and form the backbone of Natural Language Processing of textual data. This research experiments with algorithms that augment word vectors with lexical constraints that are popular in NLP research and clinical domain constraints derived from the Unified Medical Language System (UMLS). It also compares the performance of the augmented vectors with Bio + Clinical BERT vectors which have been trained and fine-tuned on clinical datasets. Methods: Word2vec vectors are generated for words in a publicly available de-identified Electronic Health Records (EHR) dataset and augmented by ontologies using three algorithms that have fundamentally different approaches to vector augmentation. The augmented vectors are then evaluated alongside publicly available Bio + Clinical BERT on their correlation with human-annotated lists using Spearman's correlation coefficient. They are also evaluated on the downstream task of Named Entity Recognition (NER). Quantitative and empirical evaluations are used to highlight the strengths and weaknesses of the different approaches. Results: The counter-fitted word2vec vectors augmented with information from the UMLS ontology produced the best correlation overall with human-annotated evaluation lists (Spearman's correlation of 0.733 with mini mayo-doctors’ annotation) while Bio + Clinical BERT produces the best results in the NER task (F1 of 0.87 and 0.811 on the i2b2 2010 and i2b2 2012 datasets respectively) in our experiments. Conclusion: Clinically adapted word2vec vectors successfully encapsulate concepts of lexical and clinical synonymy and antonymy and to a smaller extent, hyponymy and hypernymy. Bio + Clinical BERT vectors perform better at NER and avoid out-of-vocabulary words. © 2021 Elsevier B.V., All rights reserved.",not available,134,"N., Nath, Namrata; S., Lee, Sang-heon; M.D., McDonnell, Mark D.; I., Lee, Ivan"
10.1016/j.compeleceng.2022.107856,not available,not available,not available,not available,not available,not available,not available,not available,not available,not available,not available,not available,not available,not available,not available,not available,not available,not available,not available,not available,not available,not available,not available,not available,not available,not available,not available,not available,not available,not available,not available,not available,not available,not available,not available,not available,not available,not available,not available,not available,not available,not available,not available,not available,not available,not available,not available,"Jiang, Hao (57221182179); Zhang, Chao (57215802455); Xin, Zhihui (56260775700); Huang, Xiaoqiao (18436902100); Li, Chengli (57201123197); Tai, Yonghang (36984437500)",57221182179; 57215802455; 56260775700; 18436902100; 57201123197; 36984437500,Computers and Electrical Engineering,107856,not available,not available,0.0,9.0,https://www.scopus.com/inward/record.uri?eid=2-s2.0-85125598481&doi=10.1016%2Fj.compeleceng.2022.107856&partnerID=40&md5=fdc8a6b1fa2a529ad319bb617ef9a989,Artificial intelligence; Computational linguistics; Computer aided language translation; Data handling; Learning systems; Machine translation; Natural language processing systems; Artificial intelligence technologies; Constraint mechanism; Data augmentation; Learning techniques; Lexical constraint; Low resource languages; Low-resource machine translation; Machine translation systems; Machine translations; Transfer learning; Learning algorithms,Article,Final,not available,Scopus,2-s2.0-85125598481,2022.0,Transfer learning based on lexical constraint mechanism in low-resource machine translation,Data Augmentation; Lexical Constraint; Low-resource Machine Translation; Transfer Learning; Artificial Intelligence; Computational Linguistics; Computer Aided Language Translation; Data Handling; Learning Systems; Machine Translation; Natural Language Processing Systems; Artificial Intelligence Technologies; Constraint Mechanism; Data Augmentation; Learning Techniques; Lexical Constraint; Low Resource Languages; Low-resource Machine Translation; Machine Translation Systems; Machine Translations; Transfer Learning; Learning Algorithms,"With the fast development of artificial intelligence (AI) technology, machine translation has become a mainstream field of natural language processing. The low-resource language machine translation tasks have become an essential question. However, traditional machine translation systems usually rely on large amounts of high-quality parallel training data. In terms of this question, data augmentation and transfer learning technique in AI domain have become an effective solution for dealing with low-resource language machine translation. Besides, to better solve the domain mismatch problem of machine translation tasks, leveraging lexical constraint mechanism is a significant measure. We presented an approach which applies the transfer learning techniques for the lexical constraint model in this paper. For the existed problem of the transfer learning and lexical constraint technologies, some improved methods are proposed. We choose the appropriate beam search algorithm for lexical constraint measure and investigate the proper way for transferring parameters across two machine translation models. Besides, we will also investigate the compelling data pre-processing steps to process the low-resource corpus and quote various objective evaluation mechanisms to estimate the performance of our pattern better. The comprehensive experiments and results in the paper demonstrate that our method toward low-resource machine translation tasks is effective. © 2022 Elsevier B.V., All rights reserved.",not available,100,"H., Jiang, Hao; C., Zhang, Chao; Z., Xin, Zhihui; X., Huang, Xiaoqiao; C., Li, Chengli; Y., Tai, Yonghang"
10.1016/j.elerap.2021.101037,not available,not available,not available,not available,not available,not available,not available,not available,not available,not available,not available,not available,not available,not available,not available,not available,not available,not available,not available,not available,not available,not available,not available,not available,not available,not available,not available,not available,not available,not available,not available,not available,not available,not available,not available,not available,not available,not available,not available,not available,not available,not available,not available,not available,not available,not available,not available,"Chang, Chiahsuan (57204900221); Hwang, San Yih (7404626333); Wu, Minglun (57211142402)",57204900221; 7404626333; 57211142402,Electronic Commerce Research and Applications,101037,not available,not available,0.0,13.0,https://www.scopus.com/inward/record.uri?eid=2-s2.0-85102269864&doi=10.1016%2Fj.elerap.2021.101037&partnerID=40&md5=42e1126ca12b9fb9fecd4467fb0e89bc,E-learning; Feedforward neural networks; Sentiment analysis; Bilingual lexicons; Feed-forward network; Lexical resources; Low resource languages; Multi-step approaches; Online reviews; Sentiment lexicons; Unlabeled documents; Vector spaces,Article,Final,not available,Scopus,2-s2.0-85102269864,2021.0,Learning bilingual sentiment lexicon for online reviews,Bilingual Sentiment Lexicon Induction; Bilingual Word Embedding; Online Review; Sentiment Analysis; E-learning; Feedforward Neural Networks; Sentiment Analysis; Bilingual Lexicons; Feed-forward Network; Lexical Resources; Low Resource Languages; Multi-step Approaches; Online Reviews; Sentiment Lexicons; Unlabeled Documents; Vector Spaces,"High-quality sentiment lexicons are the key to the success of lexicon-based sentiment analysis, because they allow the appropriate interpretation of the sentiment determination of unlabeled documents. However, most lexicons are general and available only in certain dominant languages such as English, and they are insufficient to help in detecting the sentiments in specific domains such as online reviews and/or different languages. Several recent studies have proposed producing a bilingual lexicon using the bilingual word vector space. Unfortunately, without proper adjustment, words with opposite sentiment polarities could share similar representations due to the similarity of their contexts, resulting in less-accurate sentiment lexicons. In this paper, we propose a multistep approach for bilingual sentiment lexicon induction (MS-BSLI), which incorporates lexical constraints into the word vector space in order to disambiguate words with opposite sentiment polarities. Since lexical resources, such as sentiment lexicons, synonyms, and antonyms, are scarce in most languages, MS-BSLI is designed to only require lexical resources of the dominant language and follows a deep feed-forward network to generalize the lexical transformation to the words of the other low-resource language. Experiments using two real-world online review data sets have demonstrated that the lexicon generated by MS-BSLI is more accurate and provides better coverage than two existing lexicons and three competing approaches. © 2021 Elsevier B.V., All rights reserved.",not available,47,"C., Chang, Chiahsuan; S.Y., Hwang, San Yih; M., Wu, Minglun"
10.1016/j.engappai.2024.108275,not available,not available,not available,not available,not available,not available,not available,not available,not available,not available,not available,not available,not available,not available,not available,not available,not available,not available,not available,not available,not available,not available,not available,not available,not available,not available,not available,not available,not available,not available,not available,not available,not available,not available,not available,not available,not available,not available,not available,not available,not available,not available,not available,not available,not available,not available,not available,"Pan, Jeng shyang (57214682289); Wang, Xiao (57225200341); Yang, Dongqiang (57212394018); Li, Ning (57807747500); Huang, Kevin (58946011700); Chu, Shu Chuan (7403622006)",57214682289; 57225200341; 57212394018; 57807747500; 58946011700; 7403622006,Engineering Applications of Artificial Intelligence,108275,not available,not available,0.0,2.0,https://www.scopus.com/inward/record.uri?eid=2-s2.0-85188153947&doi=10.1016%2Fj.engappai.2024.108275&partnerID=40&md5=6ab1e4c1a4dcf242858b1110f0f954b4,Computational linguistics; Deep learning; Natural language processing systems; Semantics; Text processing; Deep metric learning; Embeddings; Enhanced word embedding; Language model; Metric learning; Multiple samples; Postprocessing methods; Sample learning; Semantic similarity; Time cost,Article,Final,not available,Scopus,2-s2.0-85188153947,2024.0,Flexible margins and multiple samples learning to enhance lexical semantic similarity,Deep Metric Learning; Enhanced Word Embedding; Post-processing Method; Semantic Similarity; Computational Linguistics; Deep Learning; Natural Language Processing Systems; Semantics; Text Processing; Deep Metric Learning; Embeddings; Enhanced Word Embedding; Language Model; Metric Learning; Multiple Samples; Postprocessing Methods; Sample Learning; Semantic Similarity; Time Cost,"The advancement of deep learning and neural networks has led to the widespread adoption of neural word embeddings as a prominent lexical representation method in natural language processing. With the help of the neural language model trained by the contextual information of large scale text, the neural word embedding obtained by the neural language model captures more semantic correlation in the semantic space, while ignoring the semantic similarity. It will incur high computational cost and time costs during the training process of the model. To better inject semantic similarity into the distribution space and reduce time cost, we perform post processing learning of neural word embeddings using deep metric learning. This paper proposes a lexical enhancement method based on flexible margins and multiple samples learning. In this method, we embed the lexical entailment constraint relations into neural word embeddings. By categorizing the set of lexical constraints and penalizing the negative samples to different degrees according to the gap between categories, and allowing the positive and negative samples to learn from each other in the distributed space. The method we propose significantly improves neural word embeddings. By evaluating neural word embedded vocabulary similarity, the benchmark accuracy is improved to 75%. The method shows great competitiveness in text similarity tasks and text categorization tasks. These findings summarize research results and provide strong support for further applications. © 2024 Elsevier B.V., All rights reserved.",not available,133,"J.s., Pan, Jeng shyang; X., Wang, Xiao; D., Yang, Dongqiang; N., Li, Ning; K., Huang, Kevin; S.C., Chu, Shu Chuan"
10.1016/j.knosys.2023.110886,not available,not available,not available,not available,not available,not available,not available,not available,not available,not available,not available,not available,not available,not available,not available,not available,not available,not available,not available,not available,not available,not available,not available,not available,not available,not available,not available,not available,not available,not available,not available,not available,not available,not available,not available,not available,not available,not available,not available,not available,not available,not available,not available,not available,not available,not available,not available,"Nie, Jinran (57394017800); Huang, Xuancheng (57209394586); Liu, Yang (57211088579); Kong, Cunliang (57204044195); Liu, Xin (59815106000); Yang, Liner (35249575900); Yang, Erhong (55228218800)",57394017800; 57209394586; 57211088579; 57204044195; 59815106000; 35249575900; 55228218800,Knowledge-Based Systems,110886,not available,not available,0.0,3.0,https://www.scopus.com/inward/record.uri?eid=2-s2.0-85170061111&doi=10.1016%2Fj.knosys.2023.110886&partnerID=40&md5=c8784d696cf224b46c3455b01f93a032,Stochastic systems; End to end; Fluents; Incrementally predicting segment; Keyword-based; Lexical constraint; Plug and play approach; Query rewritings; Real-world; Summary generation; Text generations; Forecasting,Article,Final,not available,Scopus,2-s2.0-85170061111,2023.0,End-to-end hard constrained text generation via incrementally predicting segments,End-to-end; Incrementally Predicting Segments; Lexical Constraints; Stochastic Systems; End To End; Fluents; Incrementally Predicting Segment; Keyword-based; Lexical Constraint; Plug And Play Approach; Query Rewritings; Real-world; Summary Generation; Text Generations; Forecasting,"Hard-constrained text generation is an important task that requires generating fluent sentences to include several specific keywords. It has numerous real-world applications, such as advertisement generation, keyword-based summary generation, and query rewriting. Although previous plug-and-play approaches like enhanced beam search and stochastic search have been proven effective, they lack time efficiency and may reduce the quality of generated sentences. While end-to-end methods based on seq2seq models are superior in speed, they cannot guarantee that outputs satisfy all constraints. In this work, we propose a novel end-to-end method for lexically constrained text generation via incrementally predicting segments (IPS) between every two adjacent lexical constraints using seq2seq models. Our approach guarantees that all constrained keywords will be included in the generated sentence. The experimental results show that our method not only satisfies all lexical constraints but also achieves state-of-the-art performance. Our code and data will be available at https://github.com/blcuicall/IPS. © 2023 Elsevier B.V., All rights reserved.",not available,278,"J., Nie, Jinran; X., Huang, Xuancheng; Y., Liu, Yang; C., Kong, Cunliang; X., Liu, Xin; L., Yang, Liner; E., Yang, Erhong"
10.1016/j.psfr.2022.03.001,not available,not available,not available,not available,not available,not available,not available,not available,not available,not available,not available,not available,not available,not available,not available,not available,not available,not available,not available,not available,not available,not available,not available,not available,not available,not available,not available,not available,not available,not available,not available,not available,not available,not available,not available,not available,not available,not available,not available,not available,not available,not available,not available,not available,not available,not available,not available,"Comblain, Annick (6507646961); Witt, Arnaud (36635188900); Thibaut, Jean Pierre (7004173835)",6507646961; 36635188900; 7004173835,Psychologie Francaise,not available,91.0,115.0,0.0,1.0,https://www.scopus.com/inward/record.uri?eid=2-s2.0-85130383741&doi=10.1016%2Fj.psfr.2022.03.001&partnerID=40&md5=f29b2d36fd00811915a2c48d3621d7ee,not available,Article,Final,All Open Access; Green Accepted Open Access; Green Open Access,Scopus,2-s2.0-85130383741,2023.0,Lexical development in the context of an intellectual disability: State of the art; Développement lexical dans le cadre d'une déficience intellectuelle : le point sur la question,Genetic Syndromes; Intellectual Disability; Lexical Development,"Introduction: Lexical development of children with intellectual disability has received poor attention in the scientific literature compared to general language development. PubMed and Scopus databases identify around 13,000 peer-reviewed scientific publications on general language development of people with intellectual disabilities and 20 times fewer results on lexical development. Discussion: The studies analyzed in this article refer to two distinct fields of research: (1) the comparative study of children with disabilities and neurotypical children's developmental trajectories and (2) the description of the referential content of the lexicon and of the learning process. The first line of research describes the general shape of the lexical acquisition trajectory of children with intellectual disabilities; trajectory marked by a later and less important lexical explosion than the one observed in neurotypical children. It is also marked by the highlighting of the respective influence of mental age and chronological age (or life experience) in lexical development; the first being involved in the development of both the expressive and receptive side of the vocabulary and the second impacting only the receptive side. The second line of research gives elements of explanation for the problem identified in the mastery of complex areas of the lexicon (abstract words or relational vocabulary). These difficulties are often interpreted in terms of a deficit of conceptual knowledge and therefore of access to semantic memory. This line of research also describes the use of lexical constraints and principles in children with intellectual disabilities. The conclusions of these studies highlight abilities to generalize new words to new examples comparable to those observed in neurotypical children. The intersyndromic variability, more particularly the specific lexical profiles of people with trisomy 21 and those with Williams syndrome, crosses the two lines of research and makes it possible to identify what is specific to intellectual disability from what is specific to a particular syndrome. However, many questions still remain unanswered. © 2023 Elsevier B.V., All rights reserved.",1.0,68,"A., Comblain, Annick; A., Witt, Arnaud; J.P., Thibaut, Jean Pierre"
10.1017/s0305000921000891,not available,not available,not available,not available,not available,not available,not available,not available,not available,not available,not available,not available,not available,not available,not available,not available,not available,not available,not available,not available,not available,not available,not available,not available,not available,not available,not available,not available,not available,not available,not available,not available,not available,not available,not available,not available,not available,not available,not available,not available,not available,not available,not available,not available,not available,not available,not available,"Kobayashi, Harumi (35299616500); Yasuda, Tetsuya (35243828700); Liszkowski, Ulf (6506679558)",35299616500; 35243828700; 6506679558,Journal of Child Language,not available,296.0,310.0,0.0,2.0,https://www.scopus.com/inward/record.uri?eid=2-s2.0-85125798791&doi=10.1017%2FS0305000921000891&partnerID=40&md5=d23021164c309b829ba8b7a601f602a6,adult; article; clinical article; female; gesture; groups by age; human; human experiment; Japan; learning; male; motion; touch; university student; language development; verbal learning; vocabulary; Humans; Language Development; Learning; Verbal Learning; Vocabulary,Article,Final,All Open Access; Hybrid Gold Open Access,Scopus,2-s2.0-85125798791,2023.0,Marked pointing facilitates learning part names: A test of lexical constraint versus social pragmatic accounts of word learning,Markedness; Part Names; Pointing Gesture; Social-pragmatic Account; Word Learning; Adult; Article; Clinical Article; Female; Gesture; Groups By Age; Human; Human Experiment; Japan; Learning; Male; Motion; Touch; University Student; Language Development; Verbal Learning; Vocabulary; Humans; Language Development; Learning; Verbal Learning; Vocabulary,"The empirical study of word learning is driven by a theoretical debate between lexical constraint and social-pragmatic accounts; it has still not been determined which of these two best explains the evidence. We investigated whether the markedness of a pointing accompanying a verbal reference could help to learn a part name. Participants were 35 two-and-a-half-year-olds, 42 four-and-a-half-year-olds, and 38 undergraduate university students in Japan. The experimenter pointed to a novel part (embedded in a novel whole object) with either marked pointing, which was touching the part with a small circular motion, or with usual pointing. Touch accompanied by circular motion reliably elicited learning of part names in all age groups. Usual distal pointing without motion reliably elicited learning of whole object names. The pattern of findings rejects a whole-object constraint in early word learning and demonstrates that marked pointing can promote learning novel part names, supporting a social-pragmatic account. © 2024 Elsevier B.V., All rights reserved.",2.0,50,"H., Kobayashi, Harumi; T., Yasuda, Tetsuya; U., Liszkowski, Ulf"
10.1017/s0954394523000248,not available,not available,not available,not available,not available,not available,not available,not available,not available,not available,not available,not available,not available,not available,not available,not available,not available,not available,not available,not available,not available,not available,not available,not available,not available,not available,not available,not available,not available,not available,not available,not available,not available,not available,not available,not available,not available,not available,not available,not available,not available,not available,not available,not available,not available,not available,not available,"Requena, Pablo E. (56394365100)",56394365100,Language Variation and Change,not available,1.0,24.0,0.0,0.0,https://www.scopus.com/inward/record.uri?eid=2-s2.0-85181005579&doi=10.1017%2FS0954394523000248&partnerID=40&md5=38237369622465d896407a6e05fd5d91,not available,Article,Final,All Open Access; Green Accepted Open Access; Green Open Access; Hybrid Gold Open Access,Scopus,2-s2.0-85181005579,2024.0,Early acquisition of syntactic variation: Lexical conditioning of Spanish variable clitic placement,Child Language Acquisition; Clitic; Lexical Constraint; Syntactic Variation,"This paper examines how children acquire Spanish variable clitic placement (VCP), a lexically conditioned phenomenon whereby clitics may precede or follow complex verb phrases. Research on how children acquire truly syntactic variable phenomena suggests that they either generalize one variant initially or they match the variation in the input from the beginning. Here I examine how children acquire the lexical conditioning of Spanish VCP. A corpus study of naturalistic conversations between parents and young children suggests that from the earliest ages examined (2;0-3;0) children display lexically-specific patterns that seem to be fine-tuned by the early school years. Experimental results using two different elicitation techniques with children ages 4;0-7;0 provide further support for early acquisition of the lexical conditioning of VCP and some evidence for fine-tuning during this age window. Thus, methodological triangulation enables detection of variable use where children would otherwise show categorical use of variants with infrequent syntactic phenomena, such as Spanish VCP. © 2024 Elsevier B.V., All rights reserved.",1.0,36,"P.E., Requena, Pablo E."
10.1037/xlm0000935,not available,not available,not available,not available,not available,not available,not available,not available,not available,not available,not available,not available,not available,not available,not available,not available,not available,not available,not available,not available,not available,not available,not available,not available,not available,not available,not available,not available,not available,not available,not available,not available,not available,not available,not available,not available,not available,not available,not available,not available,not available,not available,not available,not available,not available,not available,not available,"Kukona, Anuenue (36760991100)",36760991100,Journal of Experimental Psychology: Learning Memory and Cognition,not available,2153.0,2162.0,0.0,23.0,https://www.scopus.com/inward/record.uri?eid=2-s2.0-85088436812&doi=10.1037%2Fxlm0000935&partnerID=40&md5=2d8e5a703ee711d7f405b29466d231c4,"adult; anticipation; female; human; male; oculography; pattern recognition; physiology; psycholinguistics; semantics; speech perception; young adult; Adult; Anticipation, Psychological; Eye Movement Measurements; Female; Humans; Male; Pattern Recognition, Visual; Psycholinguistics; Semantics; Speech Perception; Young Adult",Article,Final,All Open Access; Green Accepted Open Access; Green Open Access,Scopus,2-s2.0-85088436812,2020.0,Lexical constraints on the prediction of form: Insights from the visual world paradigm.,"Form; Phonology; Preactivation; Prediction; Visual World Paradigm; Adult; Anticipation; Female; Human; Male; Oculography; Pattern Recognition; Physiology; Psycholinguistics; Semantics; Speech Perception; Young Adult; Adult; Anticipation, Psychological; Eye Movement Measurements; Female; Humans; Male; Pattern Recognition, Visual; Psycholinguistics; Semantics; Speech Perception; Young Adult","Two visual world experiments investigated the priming of form (e.g., phonology) during language processing. In Experiment 1, participants heard high cloze probability sentences like “In order to have a closer look, the dentist asked the man to open his…” while viewing visual arrays with objects like a predictable target mouth, phonological competitor mouse, and unrelated distractors. In Experiment 2, participants heard target-associated nouns like “dentist” that were isolated from the sentences in Experiment 1 while viewing the same visual arrays. In both experiments, participants fixated the target (e.g., mouth) most, but also fixated the phonological competitor (e.g., mouse) more than unrelated distractors. Taken together, these results are interpreted as supporting association-based mechanisms in prediction, such that activation spreads across both semantics and form within the mental lexicon (e.g., dentist-mouth-mouse) and likewise primes (i.e., preactivates) the form of upcoming words during sentence processing. (PsycInfo Database Record (c) 2020 APA, all rights reserved) © 2021 Elsevier B.V., All rights reserved.",11.0,46,"A., Kukona, Anuenue"
10.1037/xlm0001472,not available,not available,not available,not available,not available,not available,not available,not available,not available,not available,not available,not available,not available,not available,not available,not available,not available,not available,not available,not available,not available,not available,not available,not available,not available,not available,not available,not available,not available,not available,not available,not available,not available,not available,not available,not available,not available,not available,not available,not available,not available,not available,not available,not available,not available,not available,not available,"Papoutsi, Christina (57226816549); Tourtouri, Elli N. (57210323525); Piai, Vitória (36961301600); Lampe, Leonie F. (57224504693); Meyer, Antje S. (7401839760)",57226816549; 57210323525; 36961301600; 57224504693; 7401839760,Journal of Experimental Psychology: Learning Memory and Cognition,not available,not available,not available,0.0,0.0,https://www.scopus.com/inward/record.uri?eid=2-s2.0-105001845844&doi=10.1037%2Fxlm0001472&partnerID=40&md5=5014209c67e4ee014a90f7dcf2d4679b,not available,Article,aip,not available,Scopus,2-s2.0-105001845844,2025.0,Fast and Slow Errors: What Naming Latencies of Errors Reveal About the Interplay of Attentional Control and Word Planning in Speeded Picture Naming,Attention; Lexical Selection; Response Time Distribution; Speeded Picture Naming; Target–error Relation,"Speakers sometimes produce lexical errors, such as saying “salt” instead of “pepper.” This study aimed to better understand the origin of lexical errors by assessing whether they arise from a hasty selection and premature decision to speak (premature selection hypothesis) or from momentary attentional disengagement from the task (attentional lapse hypothesis). We analyzed data from a speeded picture naming task (Lampe et al., 2023) and investigated whether lexical errors are produced as fast as target (i.e., correct) responses, thus arising from premature selection, or whether they are produced more slowly than target responses, thus arising from lapses of attention. Using ex-Gaussian analyses, we found that lexical errors were slower than targets in the tail, but not in the normal part of the response time distribution, with the tail effect primarily resulting from errors that were not coordinates, that is, members of the target’s semantic category. Moreover, we compared the coordinate errors and target responses in terms of their word-intrinsic properties and found that they were overall more frequent, shorter, and acquired earlier than targets. Given the present findings, we conclude that coordinate errors occur due to a premature selection but in the context of intact attentional control, following the same lexical constraints as targets, while other errors, given the variability in their nature, may vary in their origin, with one potential source being lapses of attention. © 2025 Elsevier B.V., All rights reserved.",not available,not available,"C., Papoutsi, Christina; E.N., Tourtouri, Elli N.; V., Piai, Vitória; L.F., Lampe, Leonie F.; A.S., Meyer, Antje S."
10.1044/2021_aja-21-00112,not available,not available,not available,not available,not available,not available,not available,not available,not available,not available,not available,not available,not available,not available,not available,not available,not available,not available,not available,not available,not available,not available,not available,not available,not available,not available,not available,not available,not available,not available,not available,not available,not available,not available,not available,not available,not available,not available,not available,not available,not available,not available,not available,not available,not available,not available,not available,"Bernstein, Lynne E. (57203253361); Jordan, Nicole (57725693600); Auer, Edward T. (7003690552); Eberhardt, Silvio P. (7003265972)",57203253361; 57725693600; 7003690552; 7003265972,American Journal of Audiology,not available,453.0,469.0,0.0,19.0,https://www.scopus.com/inward/record.uri?eid=2-s2.0-85131270291&doi=10.1044%2F2021_AJA-21-00112&partnerID=40&md5=32536be867b21484308d96988d401bee,adult; hearing impairment; human; lip reading; speech; speech perception; Adult; Deafness; Hearing Loss; Humans; Lipreading; Speech; Speech Perception,Review,Final,All Open Access; Green Final Open Access; Green Open Access; Hybrid Gold Open Access,Scopus,2-s2.0-85131270291,2022.0,Lipreading: A Review of Its Continuing Importance for Speech Recognition With an Acquired Hearing Loss and Possibilities for Effective Training,Adult; Hearing Impairment; Human; Lip Reading; Speech; Speech Perception; Adult; Deafness; Hearing Loss; Humans; Lipreading; Speech; Speech Perception,"Purpose: The goal of this review article is to reinvigorate interest in lipreading and lipreading training for adults with acquired hearing loss. Most adults benefit from being able to see the talker when speech is degraded; however, the effect size is related to their lipreading ability, which is typically poor in adults who have experienced normal hearing through most of their lives. Lipreading training has been viewed as a possible avenue for rehabilitation of adults with an acquired hearing loss, but most training approaches have not been particularly successful. Here, we describe lipreading and theoretically motivated approaches to its training, as well as examples of successful training paradigms. We discuss some extensions to auditory-only (AO) and audiovisual (AV) speech recognition. Method: Visual speech perception and word recognition are described. Tradi-tional and contemporary views of training and perceptual learning are outlined. We focus on the roles of external and internal feedback and the training task in perceptual learning, and we describe results of lipreading training experiments. Results: Lipreading is commonly characterized as limited to viseme perception. However, evidence demonstrates subvisemic perception of visual phonetic information. Lipreading words also relies on lexical constraints, not unlike auditory spoken word recognition. Lipreading has been shown to be difficult to improve through training, but under specific feedback and task conditions, training can be successful, and learning can generalize to untrained materials, including AV sentence stimuli in noise. The results on lipreading have implications for AO and AV training and for use of acoustically processed speech in face-to-face communication. Conclusion: Given its importance for speech recognition with a hearing loss, we suggest that the research and clinical communities integrate lipreading in their efforts to improve speech recognition in adults with acquired hearing loss. © 2022 Elsevier B.V., All rights reserved.",2.0,31,"L.E., Bernstein, Lynne E.; N., Jordan, Nicole; E.T., Auer, Edward T.; S.P., Eberhardt, Silvio P."
10.1075/cal.34.04jim,not available,not available,not available,not available,not available,not available,not available,not available,not available,not available,not available,not available,not available,not available,not available,not available,not available,not available,not available,not available,not available,not available,not available,not available,not available,not available,not available,not available,not available,not available,not available,not available,not available,not available,not available,not available,not available,not available,not available,not available,not available,not available,not available,not available,not available,not available,not available,"Martínez, María Isabel Jiménez (57985030800); Melis, Chantal (36020454300)",57985030800; 36020454300,Constructional Approaches to Language,not available,78.0,102.0,0.0,1.0,https://www.scopus.com/inward/record.uri?eid=2-s2.0-85169045943&doi=10.1075%2Fcal.34.04jim&partnerID=40&md5=877e40af8814e00b9cb0bf18523a1217,not available,Book chapter,Final,not available,Scopus,2-s2.0-85169045943,2023.0,A constructional approach to causative support verbs in Spanish,Causation; Cognitive Construction Grammar; Emotion Nouns; Spanish; Support Verbs,"Complex predicates formed with a semantically bleached verb and a predicating nominal (take a walk) have posed a challenge to grammatical theories. One must explain how the two elements integrate into a semantic and syntactic unit, without losing sight of the lexical constraints the so-called support or light verb constructions are subjected to (∗give a jog). In this work, centered on a family of Spanish phrases featuring an emotional state noun and associated with a causative meaning (cf. dar miedo 'to frighten', lit. 'to give fear'), we adopt Goldberg's (1995, 2006) analysis of ""argument structure constructions"", introducing necessary adjustments to fit the composite nature of the predicate, and we show how Cognitive Construction Grammar offers a particularly well-suited model to handle linguistic expressions that combine regular syntactic properties with lexical idiosyncrasies. © 2023 Elsevier B.V., All rights reserved.",not available,34,"M.I.J., Martínez, María Isabel Jiménez; C., Melis, Chantal"
10.1075/lic.00052.eng,not available,not available,not available,not available,not available,not available,not available,not available,not available,not available,not available,not available,not available,not available,not available,not available,not available,not available,not available,not available,not available,not available,not available,not available,not available,not available,not available,not available,not available,not available,not available,not available,not available,not available,not available,not available,not available,not available,not available,not available,not available,not available,not available,not available,not available,not available,not available,"Engel, Alexandra (57222751827); Andries, Elsy (59346548600); Rosseel, Laura (57200363997); Szmrecsanyi, Benedikt (16239902500); van de Velde, Freek V. (26632663900)",57222751827; 59346548600; 57200363997; 16239902500; 26632663900,Languages in Contrast,not available,263.0,288.0,0.0,0.0,https://www.scopus.com/inward/record.uri?eid=2-s2.0-85205146891&doi=10.1075%2Flic.00052.eng&partnerID=40&md5=9361f7530cd0b8533ea14bb4a9e9dc8c,not available,Article,Final,not available,Scopus,2-s2.0-85205146891,2025.0,Constraints and lexical conditioning in the dative alternation: A cross-linguistic analysis of English and Dutch,Dative Alternation; Dutch/english; Lexical Profiles; Probabilistic Conditioning,"This article presents a cross-linguistic variationist study of the dative alternations in English (I gave Tom a present vs. I gave a present to Tom) and Dutch (Ik gaf Tom een cadeau vs. Ik gaf een cadeau aan Tom). We use logistic mixed-effects regression and lasso regression to assess the probabilistic conditioning of dative choices as a function of morphosyntactic, semantico-pragmatic and lexical constraints in both languages. In addition, we test the predictive accuracy of our two language-specific models cross-linguistically. The results show a substantial overlap in the probabilistic constraints, but also a larger reliance on lexical content in Dutch compared to English, which suggests differences in complexity across the English and Dutch dative alternations. The methodology adopted in this study may pave a new way for comparative variational linguistics. © 2025 Elsevier B.V., All rights reserved.",2.0,25,"A., Engel, Alexandra; E., Andries, Elsy; L., Rosseel, Laura; B., Szmrecsanyi, Benedikt; F.V., van de Velde, Freek V."
10.1080/23273798.2020.1863438,not available,not available,not available,not available,not available,not available,not available,not available,not available,not available,not available,not available,not available,not available,not available,not available,not available,not available,not available,not available,not available,not available,not available,not available,not available,not available,not available,not available,not available,not available,not available,not available,not available,not available,not available,not available,not available,not available,not available,not available,not available,not available,not available,not available,not available,not available,not available,"Hameau, Solène (57200910908); Biedermann, Britta A. (23391909800); Nickels, Lyndsey A. (6603789089)",57200910908; 23391909800; 6603789089,"Language, Cognition and Neuroscience",not available,517.0,534.0,0.0,5.0,https://www.scopus.com/inward/record.uri?eid=2-s2.0-85099185242&doi=10.1080%2F23273798.2020.1863438&partnerID=40&md5=33796bdc3bfe3c01081db84df7e6a914,article; facilitation; human; human experiment; information retrieval; language; neighborhood,Article,Final,not available,Scopus,2-s2.0-85099185242,2021.0,Lexical activation in late bilinguals: effects of phonological neighbourhood on spoken word production,Cognate; Cross-linguistic Influence; L2 Exposure; Late Bilingual; Lexical Retrieval; Phonological Neighbourhood Density; Article; Facilitation; Human; Human Experiment; Information Retrieval; Language; Neighborhood,"This research explores patterns of lexical activation of both languages of a bilingual when producing spoken words. Specifically, it investigates the influence of within- and cross-language measures of phonological neighbourhood, on the English picture naming performance of a diverse group of French (L1)–English (L2) late bilinguals. A novel phonological neighbourhood density measure was used that took into account the phonological and lexical constraints of this sample of late bilinguals. Results showed that both within- and cross-language neighbours influenced picture naming performance and that the length of exposure to L2 and familiarity of the target modulated these effects, with both facilitatory and inhibitory effects observed. Additionally, the previously well-attested cognate facilitation effect decreased with L2 language exposure. These results support interactive models of word production, within a language non-specific view of lexical access, and show the dynamic nature of a bilingual’s lexical connections. © 2021 Elsevier B.V., All rights reserved.",4.0,36,"S., Hameau, Solène; B.A., Biedermann, Britta A.; L.A., Nickels, Lyndsey A."
10.1109/bigdata52589.2021.9671855,not available,not available,not available,not available,not available,not available,not available,not available,not available,not available,not available,not available,not available,not available,not available,not available,not available,not available,not available,not available,not available,not available,not available,not available,not available,Parallel Decoders Guided Lexically Constrained Response Generation,"State Key Laboratory of Networking and Switching Technology, Beijing University of Posts and Telecommunications, Beijing, China; State Key Laboratory of Networking and Switching Technology, Beijing University of Posts and Telecommunications, Beijing, China; State Key Laboratory of Networking and Switching Technology, Beijing University of Posts and Telecommunications, Beijing, China; State Key Laboratory of Networking and Switching Technology, Beijing University of Posts and Telecommunications, Beijing, China; State Grid Tianjin Electric Power Company, Tianjin, China",2021 IEEE International Conference on Big Data (Big Data),13 Jan 2022,1380.0,1388.0,978-1-6654-3902-2,State Grid Corporation of China; ,https://ieeexplore.ieee.org/stamp/stamp.jsp?arnumber=9671855,Conferences;Stochastic processes;Big Data;Controllability;Decoding;Optimization,not available,1.0,not available,45.0,IEEE,13 Jan 2022,not available,not available,IEEE Conferences,2021.0,not available,IEEE,"Cheng, Daixuan (57221856307); Sun, Haifeng (57190948696); Qi, Qi (14058739100); Wang, Jingyu (55742764200); Qi, Yan (57467908400)",57221856307; 57190948696; 14058739100; 55742764200; 57467908400,not available,not available,1380.0,1388.0,0.0,1.0,https://www.scopus.com/inward/record.uri?eid=2-s2.0-85125310944&doi=10.1109%2FBigData52589.2021.9671855&partnerID=40&md5=f013580ef4d1217562c0f052dcb718d1,Decoding; Conversational systems; Lexical constraint; Optimization algorithms; Parallel decoder; Performance; Relevance score; Response generation; Search-based; State of the art; Stochastic search; Stochastic systems,Conference paper,Final,not available,Scopus,2-s2.0-85125310944,2021.0,Parallel Decoders Guided Lexically Constrained Response Generation,response generation;controllability;lexical constraints,"Response generation is a fundamental function in conversational systems, where controllability of the response is a key problem. In this paper, we consider how to control the response by lexical constraints, namely lexically constrained response generation. The stochastic search-based methods have achieved promising performance in satisfying lexical constraints. The idea of these methods is modifying a sentence through the actions of insertion, deletion and replacement guided by an optimization algorithm. The core of our method is modifying the response by incorporating the lexical constraints and preserving the message-related parts. For this purpose, we propose the novel Parallel Decoders to guide response modification. The first decoder generates responses according to the given message and constraints. The second decoder calculates the relevance between the input and the response. Based on Parallel Decoders, during the modification, we could sample the positions in the response for editing according to the relevance score. Experiments show the proposed framework achieves better performance than the state-of-the-art generation models in terms of constraint relevance, sentence fluency, response diversity and human evaluation.",not available,not available,D. Cheng; H. Sun; Q. Qi; J. Wang; Y. Qi
10.1109/bigdata55660.2022.10020264,not available,not available,not available,not available,not available,not available,not available,not available,not available,not available,not available,not available,not available,not available,not available,not available,not available,not available,not available,not available,not available,not available,not available,not available,not available,AuxPOS: Improving Grammatical Correctness with Big Data Based Text Summarization,"Computer Network Information Center, Chinese Academy of Sciences, Beijing, China; Computer Network Information Center, Chinese Academy of Sciences, Beijing, China; Computer Network Information Center, Chinese Academy of Sciences, Beijing, China",2022 IEEE International Conference on Big Data (Big Data),26 Jan 2023,1192.0,1201.0,978-1-6654-8045-1,not available,https://ieeexplore.ieee.org/stamp/stamp.jsp?arnumber=10020264,Analytical models;Text recognition;Big Data;Generators;Encoding;Decoding;Task analysis,not available,not available,not available,53.0,IEEE,26 Jan 2023,not available,not available,IEEE Conferences,2022.0,not available,IEEE,"Zhang, Rui (58365829600); Yu, Jianjun (55682082800); Zhou, Yuanchun (55737417400)",58365829600; 55682082800; 55737417400,not available,not available,1192.0,1201.0,0.0,0.0,https://www.scopus.com/inward/record.uri?eid=2-s2.0-85147968803&doi=10.1109%2FBigData55660.2022.10020264&partnerID=40&md5=b21464b9e8a5eb24350ff65dd37a102e,Character recognition; Decoding; Embeddings; Natural language processing systems; Signal encoding; Speech recognition; Text processing; Constrained decoding; Encoder-decoder; Encoding process; Energy; Manual operations; Part Of Speech; Part-of-speech-constrained decoding; Text Summarisation; Transformer; Big data,Conference paper,Final,not available,Scopus,2-s2.0-85147968803,2022.0,AuxPOS: Improving Grammatical Correctness with Big Data Based Text Summarization,Text summarization;POS-constrained decoding;Transformer,"In the era of big data, with the rapid increase in the number of texts, we have found ourselves submerged in the sea of texts. With the advent of the text summarization methodology, the time-consuming and energy-draining reading process of manual operations can be avoided by condensing and communicating the primary concept to the people. When generating sentences, the generator should comply with grammatical rules, such as lexical constraints. Leveraging lexical constraints in encoder-decoder models for the text summarization task has been extensively analyzed. Previous research add lexical constraints by enriching word embeddings in the encoding process. The model could be fed with more auxiliary knowledge. However, such lexical constraints cannot control the decoder, resulting in generating ungrammatical phrases. To address this issue, this paper proposes a grammar-aware text summarization method by incorporating Part-of-Speech (POS) constraints to guide the decoding process, along with auxiliary embeddings including POS, Lemmatization and Named Entity Recognition features in encoder. Detailed, the proposed POS-constrained AuxPOS model controls the generated word distribution during decoding according to the exact POS tag. Experimental results demonstrate that the proposed AuxPOS model can generate summaries that are more in concert with grammatical logic with high quality on the CNN/DailyMail, XSum and AESLC summarization datasets.",not available,not available,R. Zhang; J. Yu; Y. Zhou
10.1109/csecs60003.2023.10428175,not available,not available,not available,not available,not available,not available,not available,not available,not available,not available,not available,not available,not available,not available,not available,not available,not available,not available,not available,not available,not available,not available,not available,not available,not available,Text Prompt Translation for Zero Shot Prediction under Lexical Constraint in Aviation Domain,"Xiamen Institute of Data Intelligence, Xiamen, China; Xiamen Institute of Data Intelligence, Xiamen, China; Xiamen Airlines, Xiamen, China; Xiamen Airlines, Xiamen, China; Xiamen Airlines, Xiamen, China; Xiamen Airlines, Xiamen, China; Xiamen Institute of Data Intelligence, Xiamen, China; Xiamen Institute of Data Intelligence, Xiamen, China",2023 6th International Conference on Software Engineering and Computer Science (CSECS),16 Feb 2024,1.0,8.0,979-8-3503-0637-8,not available,https://ieeexplore.ieee.org/stamp/stamp.jsp?arnumber=10428175,Adaptation models;Costs;Predictive models;Maintenance engineering;Transformers;Machine translation;Task analysis,not available,not available,not available,31.0,IEEE,16 Feb 2024,not available,not available,IEEE Conferences,2023.0,not available,IEEE,"Chen, Fan (58921590800); Fang, Yongming (58921256700); Man, Xuedong (58921497000); Zhao, Yunbo (58921497100); Fang, Tianzhu (58921497200); Lin, Luxin (58921355600); Tan, Meiyun (58921304000); Huang, Siying (58921304100)",58921590800; 58921256700; 58921497000; 58921497100; 58921497200; 58921355600; 58921304000; 58921304100,not available,not available,not available,not available,0.0,0.0,https://www.scopus.com/inward/record.uri?eid=2-s2.0-85186759400&doi=10.1109%2FCSECS60003.2023.10428175&partnerID=40&md5=cd2ecdbbe256ea1d13c9a4bd9be3155b,Computational linguistics; Computer aided language translation; Domain Knowledge; Machine translation; Aviation domain; Fine tuning; Machine translation models; Parallel corpora; Prompt-based; Real-world; Text translation; Word level; Word-level constraint; Zero-shot prediction; Zero-shot learning,Conference paper,Final,not available,Scopus,2-s2.0-85186759400,2023.0,Text Prompt Translation for Zero Shot Prediction under Lexical Constraint in Aviation Domain,Text Translation;Word-level Constraint;Prompt-based;Zero-shot Prediction,"In real-world translation scenarios, particularly those involving safety in the aviation domain, it is expected that neural machine translation (NMT) can translate with idiomatic expressions and constraints provided by aviation experts. Generally, this topic problem can be addressed by fine-tuning NMT model with parallel corpus. However, parallel corpus is usually lacking and with noise. Conventional pre-training & fine-tuning paradigm may not perform well in this situation. Recently, a series prompt-tuning works have been proposed to solve the few-shot and zero-shot problems existing in downstream task. Inspired by those, we designed a prompt-based methods for NMT. With the help of injected related domain knowledge, the NMT models can strictly follow to word-level constraints. Specifically, in this work, we proposed two well-designed modules that can satisfy translation constraints in the aviation domain, including the preservation of words and observation of terminology. We extensively conduct experiments on a real-world large corpus of aviation maintenance text in English and Chinese and evaluated our method with four metrics, including missing or redundant information, incorrect formats, bad word or sentence patterns, and unconventional expressions. The experiment results show that our prompt methods were able to make the translation satisfy domain-specific lexical constraints in low-resource settings, using a pre-trained Transformer as the backbone model across all tasks.",not available,not available,F. Chen; Y. Fang; X. Man; Y. Zhao; T. Fang; L. Lin; M. Tan; S. Huang
10.1109/ijcnn52387.2021.9533673,not available,not available,not available,not available,not available,not available,not available,not available,not available,not available,not available,not available,not available,not available,not available,not available,not available,not available,not available,not available,not available,not available,not available,not available,not available,Improving Lexical-Constraint-Aware Machine Translation by Factoring Encoders,"School of Computer Science and Engineering, Sun Yat-sen University, Guangzhou, China; School of Computer Science and Engineering, Sun Yat-sen University, Guangzhou, China",2021 International Joint Conference on Neural Networks (IJCNN),20 Sep 2021,1.0,6.0,978-1-6654-3900-8,not available,https://ieeexplore.ieee.org/stamp/stamp.jsp?arnumber=9533673,Dictionaries;Costs;Neural networks;Encoding;Decoding;Machine translation;Task analysis,not available,not available,not available,24.0,IEEE,20 Sep 2021,not available,not available,IEEE Conferences,2021.0,2161-4407,IEEE,"Zeng, Weiyuan (57883384800); Liu, Cong (35208633300)",57883384800; 35208633300,Proceedings of the International Joint Conference on Neural Networks,not available,not available,not available,0.0,0.0,https://www.scopus.com/inward/record.uri?eid=2-s2.0-85116398667&doi=10.1109%2FIJCNN52387.2021.9533673&partnerID=40&md5=9af81aa44751e489f9a8c0de16bccb41,Computational linguistics; Computer aided language translation; Decoding; Encoding (symbols); Baseline models; Bilingual dictionary; Data augmentation; Decoding process; Gain improvement; Machine translations; Simple++; Subtask; Signal encoding,Conference paper,Final,not available,Scopus,2-s2.0-85116398667,2021.0,Improving Lexical-Constraint-Aware Machine Translation by Factoring Encoders,Computational Linguistics; Computer Aided Language Translation; Decoding; Encoding (symbols); Baseline Models; Bilingual Dictionary; Data Augmentation; Decoding Process; Gain Improvement; Machine Translations; Simple++; Subtask; Signal Encoding,"Existing lexically constrained machine translation employs data augmentation and incorporates lexical constraints during decoding period, which requires a bilingual dictionary or costs much decoding time. In this paper, we propose a simple but effective method to leverage lexical constraints. We use separate encoders to encode source sentence and lexical constraints, with self-attention layer mask to disentangle the two encoding subtasks. Our method does not require bilingual dictionaries or modify decoding process. Experiments on WMT 2016 English-German (En-De) and IWSLT 2017 English-Chinese (En-Zh) datasets show that our method gains improvement compared to baseline models.",not available,2021-July,W. Zeng; C. Liu
10.1109/taslp.2020.2999724,not available,not available,not available,Journal Article,not available,not available,not available,2020-06,not available,https://doi.org/10.1109/TASLP.2020.2999724;http://dx.doi.org/10.1109/TASLP.2020.2999724,not available,not available,not available,not available,not available,"IEEE/ACM Trans. Audio, Speech and Lang. Proc.",IEEE ACM Trans. Audio Speech Lang. Process.,not available,Journal Articles,closed,journals/taslp/LiHCL20,https://doi.org/10.1109/TASLP.2020.2999724,https://dblp.org/rec/journals/taslp/LiHCL20,12.0,1864–1874,Neural Machine Translation With Noisy Lexical Constraints,"Natural Language Processing Center, Tencent AI Lab, Shenzhen, China; Natural Language Processing Center, Tencent AI Lab, Shenzhen, China; The Chinese University of Hong Kong, Hong Kong; Natural Language Processing Center, Tencent AI Lab, Shenzhen, China","IEEE/ACM Transactions on Audio, Speech, and Language Processing",23 Jun 2020,1864.0,1874.0,not available,not available,https://ieeexplore.ieee.org/stamp/stamp.jsp?arnumber=9108255,Memory management;Noise measurement;Decoding;Encoding;Standards;Speech processing,not available,5.0,not available,54.0,IEEE,4 Jun 2020,not available,not available,IEEE Journals,2020.0,2329-9290,IEEE Press,"Li, Huayang (57218160671); Huang, Guoping (57211981482); Cai, Deng (57211727333); Liu, Lemao (55272241500)",57218160671; 57211981482; 57211727333; 55272241500,IEEE/ACM Transactions on Audio Speech and Language Processing,9108255,1864.0,1874.0,0.0,11.0,https://www.scopus.com/inward/record.uri?eid=2-s2.0-85088109242&doi=10.1109%2FTASLP.2020.2999724&partnerID=40&md5=caa761deb664c2e11e54926adec3ad7e,Computational linguistics; Computer aided language translation; Automatically generated; Constrained decoding; Decoding overheads; External memory; Machine translations; Memory encoders; Real world situations; Translation quality; Decoding,Article,Final,All Open Access; Green Accepted Open Access; Green Open Access,Scopus,2-s2.0-85088109242,2020.0,Neural Machine Translation With Noisy Lexical Constraints,Neural machine translation;lexical constraints,"In neural machine translation, lexically constrained decoding generates translation outputs strictly including the constraints predefined by users, and it is beneficial to improve translation quality at the cost of more decoding overheads if the constraints are perfect. Unfortunately, those constraints may contain mistakes in real-world situations and incorrect constraints will undermine lexically constrained decoding. In this article, we propose a novel framework that is capable of improving the translation quality even if the constraints are noisy. The key to our framework is to treat the lexical constraints as external memories. More concretely, it encodes the constraints by a memory encoder and then leverages the memories by a memory integrator. Experiments demonstrate that our framework can not only deliver substantial BLEU gains in handling noisy constraints, but also achieve speedup in decoding. These results motivate us to apply our models to a new scenario where the constraints are generated without the help of users. Experiments show that our models can indeed improve the translation quality with the automatically generated constraints.",not available,28.0,"Li H,Huang G,Cai D,Liu L"
10.1109/taslp.2020.3016132,not available,not available,not available,Journal Article,not available,not available,not available,2020-09,not available,https://doi.org/10.1109/TASLP.2020.3016132;http://dx.doi.org/10.1109/TASLP.2020.3016132,not available,not available,not available,not available,not available,"IEEE/ACM Trans. Audio, Speech and Lang. Proc.",not available,not available,not available,not available,not available,not available,not available,not available,2500–2510,not available,not available,not available,not available,not available,not available,not available,not available,not available,not available,not available,not available,not available,not available,not available,not available,not available,not available,not available,2020.0,2329-9290,IEEE Press,"Zhou, Mantong (57193132530); Huang, Minlie (7404260571); Zhu, Xiaoyan (7406185137)",57193132530; 7404260571; 7406185137,IEEE/ACM Transactions on Audio Speech and Language Processing,9165888,2500.0,2510.0,0.0,12.0,https://www.scopus.com/inward/record.uri?eid=2-s2.0-85091074168&doi=10.1109%2FTASLP.2020.3016132&partnerID=40&md5=16a8cfed51395d7ed51c8db2a49ed2ec,Forecasting; Effective mechanisms; External knowledge; Linguistic constraints; Linguistic knowledge; Reading comprehension; Semantic equivalents; State of the art; Wrong answers; Semantics,Article,Final,All Open Access; Green Accepted Open Access; Green Open Access,Scopus,2-s2.0-85091074168,2020.0,Robust Reading Comprehension With Linguistic Constraints via Posterior Regularization,Adversarial Examples; Linguistic Constraints; Machine Reading Comprehension; Posterior Regularization; Robust; Forecasting; Effective Mechanisms; External Knowledge; Linguistic Constraints; Linguistic Knowledge; Reading Comprehension; Semantic Equivalents; State Of The Art; Wrong Answers; Semantics,"In spite of the great advancements of machine reading comprehension (RC), existing RC models are still vulnerable and not robust to different types of adversarial examples. Neural models over-confidently predict wrong answers to semantic different adversarial examples, while over-sensitively predict wrong answers to semantic equivalent adversarial examples. Existing methods which improve the robustness of such neural models merely mitigate one of the two issues but ignore the other. In this article, we address the over-confidence issue and the over-sensitivity issue existing in current RC models simultaneously with the help of external linguistic knowledge. We first incorporate external knowledge to impose different linguistic constraints (entity constraint, lexical constraint, and predicate constraint), and then regularize RC models through posterior regularization. Linguistic constraints induce more reasonable predictions for both semantic different and semantic equivalent adversarial examples, and posterior regularization provides an effective mechanism to incorporate these constraints. Our method can be applied to any existing neural RC models including state-of-the-art BERT models. Extensive experiments show that our method remarkably improves the robustness of base RC models, and is better to cope with these two issues simultaneously.",not available,28.0,"Zhou M,Huang M,Zhu X"
10.1109/taslp.2021.3057831,not available,not available,not available,Journal Article,not available,not available,not available,2021-02,not available,https://doi.org/10.1109/TASLP.2021.3057831;http://dx.doi.org/10.1109/TASLP.2021.3057831,not available,not available,not available,not available,not available,"IEEE/ACM Trans. Audio, Speech and Lang. Proc.",not available,not available,not available,not available,not available,not available,not available,not available,1001–1010,Neural Machine Translation With Explicit Phrase Alignment,"ByteDance AI Lab, Shanghai, China; Department of Computer Science and Technology, Tsinghua University, Beijing, China; Department of Computer Science and Technology, Tsinghua University, Beijing, China; Fanyu Technology Company, Beijing, China; Sogou Inc., Beijing, China; Institute for Artificial Intelligence, Tsinghua University, Beijing, China","IEEE/ACM Transactions on Audio, Speech, and Language Processing",3 Mar 2021,1001.0,1010.0,not available,"National Key R&D Program of China(grant numbers:2017YFB0202204); National Natural Science Foundation of China(grant numbers:61925601,61772302); Beijing Academy of Artificial Intelligence; ",https://ieeexplore.ieee.org/stamp/stamp.jsp?arnumber=9351682,Machine translation;Decoding;Speech processing;Data models;Task analysis;Sun;Speech coding,not available,13.0,not available,31.0,IEEE,9 Feb 2021,not available,not available,IEEE Journals,2021.0,2329-9290,IEEE Press,"Zhang, Jiacheng (57194899296); Luan, Huanbo (56153297200); Sun, Maosong (7403180987); Zhai, Feifei (51666488000); Xu, Jingfang (57198896401); Liu, Yang (57211088579)",57194899296; 56153297200; 7403180987; 51666488000; 57198896401; 57211088579,IEEE/ACM Transactions on Audio Speech and Language Processing,9351682,1001.0,1010.0,0.0,21.0,https://www.scopus.com/inward/record.uri?eid=2-s2.0-85100863503&doi=10.1109%2FTASLP.2021.3057831&partnerID=40&md5=c71157173b8d7e31bb5cddfce6198423,Alignment; Computational linguistics; Decoding algorithm; Input and outputs; Machine translation models; Machine translations; Phrase-based statistical machine translation; Structural constraints; Translation process; Translation quality; Computer aided language translation,Article,Final,All Open Access; Green Accepted Open Access; Green Open Access,Scopus,2-s2.0-85100863503,2021.0,Neural Machine Translation With Explicit Phrase Alignment,Alignment;machine translation;natural language processing;neural-networks,"While neural machine translation has achieved state-of-the-art translation performance, it is unable to capture the alignment between the input and output during the translation process. The lack of alignment in neural machine translation models leads to three problems: it is hard to (1) interpret the translation process, (2) impose lexical constraints, and (3) impose structural constraints. These problems not only increase the difficulty of designing new architectures for neural machine translation, but also limit its applications in practice. To alleviate these problems, we propose to introduce explicit phrase alignment into the translation process of arbitrary neural machine translation models. The key idea is to build a search space similar to that of phrase-based statistical machine translation for neural machine translation where phrase alignment is readily available. We design a new decoding algorithm that can easily impose lexical and structural constraints. Experiments show that our approach makes the translation process of neural machine translation more interpretable without sacrificing translation quality. In addition, our approach achieves significant improvements in lexically and structurally constrained translation tasks.",not available,29.0,"Zhang J,Luan H,Sun M,Zhai F,Xu J,Liu Y"
10.1109/taslp.2023.3275029,not available,not available,not available,Journal Article,not available,not available,not available,2023-05,not available,https://doi.org/10.1109/TASLP.2023.3275029;http://dx.doi.org/10.1109/TASLP.2023.3275029,not available,not available,not available,not available,not available,"IEEE/ACM Trans. Audio, Speech and Lang. Proc.",not available,not available,not available,not available,not available,not available,not available,not available,1866–1876,not available,not available,not available,not available,not available,not available,not available,not available,not available,not available,not available,not available,not available,not available,not available,not available,not available,not available,not available,2023.0,2329-9290,IEEE Press,not available,not available,not available,not available,not available,not available,not available,not available,not available,not available,not available,not available,not available,not available,not available,not available,Model-Agnostic Meta-Learning for Fast Text-Dependent Speaker Embedding Adaptation,not available,"By constraining the lexical content of input speech, text-dependent speaker verification (TD-SV) offers more reliable performance than text-independent speaker verification (TI-SV) when dealing with short utterances. Because speech with constrained lexical content is harder to collect, often TD models are fine-tuned from a TI model using a small target phrase dataset. However, sometimes the target phrase dataset is too tiny for fine-tuning, which is the main obstacle for deploying TD-SV. One solution is to fine-tune the model using medium-size multi-phrase TD data and then deploy the model on the target phrase. Although this strategy does help in some cases, the performance is still sub-optimal because the model is not optimized for the target phrase. Inspired by the recent progress in meta-learning, we propose a three-stage pipeline for adapting a TI model to a TD model for the target phrase. Firstly, a TI model is trained using a large amount of speech data. Then, we use a multi-phrase TD dataset to tune the TI model via model-agnostic meta-learning. Finally, we perform fast adaptation using a small target phrase dataset. Results show that the three-stage pipeline consistently outperforms multi-phrase and target phrase fine-tuning.",not available,31.0,"Lin W,Mak MW"
10.1109/tcss.2022.3175259,not available,not available,not available,not available,not available,not available,not available,not available,not available,not available,not available,not available,not available,not available,not available,not available,IEEE Trans. Comput. Soc. Syst.,5.0,Journal Articles,closed,journals/tcss/AhmadSE23,https://doi.org/10.1109/TCSS.2022.3175259,https://dblp.org/rec/journals/tcss/AhmadSE23,0.0,2479-2488,Zero-Shot Hate to Non-Hate Text Conversion Using Lexical Constraints,"Department of Computer Science and Engineering, Indian Institute of Technology Patna (IIT Patna), Bihar, Patna, India; Arista Networks, Bangalore, India; Department of Computer Science and Engineering, Indian Institute of Technology Patna (IIT Patna), Bihar, Patna, India",IEEE Transactions on Computational Social Systems,2 Oct 2023,2479.0,2488.0,not available,Visvesvaraya Young Faculty Research Fellowship (YFRF); ,https://ieeexplore.ieee.org/stamp/stamp.jsp?arnumber=9780590,Task analysis;Hate speech;Decoding;Training;Data models;Context modeling;Computational modeling,not available,2.0,not available,33.0,IEEE,24 May 2022,not available,not available,IEEE Journals,2023.0,2329-924X,IEEE,"Ahmad, Zishan (57210256991); Sujeeth, Vinnakota Sai (57712995300); Ekbal, Asif (23093674100)",57210256991; 57712995300; 23093674100,IEEE Transactions on Computational Social Systems,not available,2479.0,2488.0,0.0,3.0,https://www.scopus.com/inward/record.uri?eid=2-s2.0-85130787787&doi=10.1109%2FTCSS.2022.3175259&partnerID=40&md5=e2c8032a3308cd7858460d9553d66f78,Decoding; Deep learning; Job analysis; Speech; Computational modelling; Context models; Hate speech; Lexical constraint; Style transfer; Task analysis; Unsupervised; Zero shot.; Data structures,Article,Final,not available,Scopus,2-s2.0-85130787787,2023.0,Zero-Shot Hate to Non-Hate Text Conversion Using Lexical Constraints.,Deep learning;hate speech;lexical constraints;style transfer;unsupervised;zero shot,"Systems meant for tackling hate speech have been increasing in demand with the rapid growth of social media platforms. One way of controlling hate speech in texts is to transform the text into its non-hate version while preserving the rest of the contents. Without the use of parallel data, unsupervised back-translation-based text style transfer is a common method of tackling such problems. In this article, we propose a zero-shot style-transfer technique that does effective unsupervised hate to non-hate conversion without using any hate domain text for training. While decoding the outputs produced by the system, we define an additional step of introducing lexical constraints, for better preservation of contents. Detailed empirical evaluation shows that the zero-shot method outperforms classical unsupervised style-transfer methods while at the same time reducing the data required while training.",5.0,10,"Zishan Ahmad, Vinnakota Sai Sujeeth, Asif Ekbal"
10.1111/desc.13363,not available,not available,not available,not available,not available,not available,not available,not available,not available,not available,not available,not available,not available,not available,not available,not available,not available,not available,not available,not available,not available,not available,not available,not available,not available,not available,not available,not available,not available,not available,not available,not available,not available,not available,not available,not available,not available,not available,not available,not available,not available,not available,not available,not available,not available,not available,not available,"Bleijlevens, Natalie (58081407400); Contier, Friederike (57386969400); Behne, Tanya (8595638900)",58081407400; 57386969400; 8595638900,Developmental Science,not available,not available,not available,0.0,4.0,https://www.scopus.com/inward/record.uri?eid=2-s2.0-85146976426&doi=10.1111%2Fdesc.13363&partnerID=40&md5=bb6aa50ca1c4ab9db675c769e42f25bf,"adult; child; human; language development; learning; preschool child; problem solving; verbal learning; vocabulary; Adult; Child; Child, Preschool; Humans; Language Development; Learning; Problem Solving; Verbal Learning; Vocabulary",Article,aip,All Open Access; Hybrid Gold Open Access,Scopus,2-s2.0-85146976426,2023.0,Pragmatics aid referent disambiguation and word learning in young children and adults,"Disambiguation; Discourse Novelty; Mutual Exclusivity; Pragmatics; Retention; Word Learning; Adult; Child; Human; Language Development; Learning; Preschool Child; Problem Solving; Verbal Learning; Vocabulary; Adult; Child; Child, Preschool; Humans; Language Development; Learning; Problem Solving; Verbal Learning; Vocabulary","How do children succeed in learning a word? Research has shown robustly that, in ambiguous labeling situations, young children assume novel labels to refer to unfamiliar rather than familiar objects. However, ongoing debates center on the underlying mechanism: Is this behavior based on lexical constraints, guided by pragmatic reasoning, or simply driven by children's attraction to novelty? Additionally, recent research has questioned whether children's disambiguation leads to long-term learning or rather indicates an attentional shift in the moment of the conversation. Thus, we conducted a pre-registered online study with 2- and 3-year-olds and adults. Participants were presented with unknown objects as potential referents for a novel word. Across conditions, we manipulated whether the only difference between both objects was their relative novelty to the participant or whether, in addition, participants were provided with pragmatic information that indicated which object the speaker referred to. We tested participants’ immediate referent selection and their retention after 5 min. Results revealed that when given common ground information both age groups inferred the correct referent with high success and enhanced behavioral certainty. Without this information, object novelty alone did not guide their selection. After 5 min, adults remembered their previous selections above chance in both conditions, while children only showed reliable learning in the pragmatic condition. The pattern of results indicates how pragmatics may aid referent disambiguation and learning in both adults and young children. From early ontogeny on, children's social-cognitive understanding may guide their communicative interactions and support their language acquisition. Research Highlights: We tested how 2-3-year-olds and adults resolve referential ambiguity without any lexical cues. In the pragmatic context both age groups disambiguated novel word-object-mappings, while object novelty alone did not guide their referent selection. In the pragmatic context, children also showed increased certainty in disambiguation and retained new word-object-mappings over time. These findings contribute to the ongoing debate on whether children learn words on the basis of domain-specific constraints, lower-level associative mechanisms, or pragmatic inferences. © 2023 Elsevier B.V., All rights reserved.",not available,not available,"N., Bleijlevens, Natalie; F., Contier, Friederike; T., Behne, Tanya"
10.1111/lnc3.12503,not available,not available,not available,not available,not available,not available,not available,not available,not available,not available,not available,not available,not available,not available,not available,not available,not available,not available,not available,not available,not available,not available,not available,not available,not available,not available,not available,not available,not available,not available,not available,not available,not available,not available,not available,not available,not available,not available,not available,not available,not available,not available,not available,not available,not available,not available,not available,"Aguilar-Guevara, Ana (57191382852); Oggiani, Carolina (57297385500)",57191382852; 57297385500,Language and Linguistics Compass,e12503,not available,not available,0.0,1.0,https://www.scopus.com/inward/record.uri?eid=2-s2.0-85179341591&doi=10.1111%2Flnc3.12503&partnerID=40&md5=83eca65ff664ad705f7d112d468e5352,not available,Review,Final,not available,Scopus,2-s2.0-85179341591,2023.0,Weak definite nominals,not available,"Weak definite nominals are a class of nominals composed of weak definites and bare singulars occurring in the same linguistic environments within and across languages. They display several characteristic properties: restricted distribution, non-unique reference, sloppy identity in VP-ellipsis sentences, acceptability in sluicing contexts, narrow-scope interpretation, lexical constraints, restricted modification, restricted number morphology, meaning enrichment, and discourse referential defectiveness. In this review we explore two main theoretical approaches accounting for the meaning of these expressions, namely, one that treats them as pseudo-incorporated nominals and another one that attributes to them an abstract object reference. We first discuss the properties of weak definite nominals using Rioplatense Spanish data and then evaluate how both approaches can account for these properties. © 2024 Elsevier B.V., All rights reserved.",6.0,17,"A., Aguilar-Guevara, Ana; C., Oggiani, Carolina"
10.1145/3324884.3416549,not available,not available,not available,Conference Paper,not available,Proceedings of the 35th IEEE/ACM International Conference on Automated Software Engineering,"Virtual Event, Australia",2021,9781450367684.0,https://doi.org/10.1145/3324884.3416549;http://dx.doi.org/10.1145/3324884.3416549,"causality extraction, natural language processing, pattern matching, requirements artifacts",not available,not available,ASE '20,"New York, NY, USA",not available,not available,not available,not available,not available,not available,not available,not available,not available,561–572,not available,not available,not available,not available,not available,not available,not available,not available,not available,not available,not available,not available,not available,not available,not available,not available,not available,not available,not available,2021.0,not available,Association for Computing Machinery,not available,not available,not available,not available,not available,not available,not available,not available,not available,not available,not available,not available,not available,not available,not available,not available,Automatic extraction of cause-effect-relations from requirements artifacts,not available,"Background: The detection and extraction of causality from natural language sentences have shown great potential in various fields of application. The field of requirements engineering is eligible for multiple reasons: (1) requirements artifacts are primarily written in natural language, (2) causal sentences convey essential context about the subject of requirements, and (3) extracted and formalized causality relations are usable for a (semi-)automatic translation into further artifacts, such as test cases.Objective: We aim at understanding the value of interactive causality extraction based on syntactic criteria for the context of requirements engineering.Method: We developed a prototype of a system for automatic causality extraction and evaluate it by applying it to a set of publicly available requirements artifacts, determining whether the automatic extraction reduces the manual effort of requirements formalization.Result: During the evaluation we analyzed 4457 natural language sentences from 18 requirements documents, 558 of which were causal (12.52%). The best evaluation of a requirements document provided an automatic extraction of 48.57% cause-effect graphs on average, which demonstrates the feasibility of the approach.Limitation: The feasibility of the approach has been proven in theory but lacks exploration of being scaled up for practical use. Evaluating the applicability of the automatic causality extraction for a requirements engineer is left for future research.Conclusion: A syntactic approach for causality extraction is viable for the context of requirements engineering and can aid a pipeline towards an automatic generation of further artifacts from requirements artifacts.",not available,not available,"Frattini J,Junker M,Unterkalmsteiner M,Mendez D"
10.1145/3366423.3380252,not available,not available,not available,Conference Paper,not available,Proceedings of The Web Conference 2020,"Taipei, Taiwan",2020,9781450370233.0,https://doi.org/10.1145/3366423.3380252;http://dx.doi.org/10.1145/3366423.3380252,"text mining, open domain relation extraction, multi-lingual relation extraction",not available,not available,WWW '20,"New York, NY, USA",not available,not available,not available,not available,not available,not available,not available,not available,not available,1830–1838,not available,not available,not available,not available,not available,not available,not available,not available,not available,not available,not available,not available,not available,not available,not available,not available,not available,not available,not available,2020.0,not available,Association for Computing Machinery,not available,not available,not available,not available,not available,not available,not available,not available,not available,not available,not available,not available,not available,not available,not available,not available,LOREM: Language-consistent Open Relation Extraction from Unstructured Text,not available,"We introduce a Language-consistent multi-lingual Open Relation Extraction Model (LOREM) for finding relation tuples of any type between entities in unstructured texts. LOREM does not rely on language-specific knowledge or external NLP tools such as translators or PoS-taggers, and exploits information and structures that are consistent over different languages. This allows our model to be easily extended with only limited training efforts to new languages, but also provides a boost to performance for a given single language. An extensive evaluation performed on 5 languages shows that LOREM outperforms state-of-the-art mono-lingual and cross-lingual open relation extractors. Moreover, experiments on languages with no or only little training data indicate that LOREM generalizes to other languages than the languages that it is trained on.",not available,not available,"Harting T,Mesbah S,Lofi C"
10.1145/3383455.3422518,not available,not available,not available,Conference Paper,not available,Proceedings of the First ACM International Conference on AI in Finance,"New York, New York",2021,9781450375849.0,https://doi.org/10.1145/3383455.3422518;http://dx.doi.org/10.1145/3383455.3422518,"neural networks, market volatility, forecasting, explanation, attention mechanisms",not available,not available,ICAIF '20,"New York, NY, USA",not available,not available,not available,not available,not available,not available,not available,not available,not available,not available,not available,not available,not available,not available,not available,not available,not available,not available,not available,not available,not available,not available,not available,not available,not available,not available,not available,not available,not available,2021.0,not available,Association for Computing Machinery,not available,not available,not available,not available,not available,not available,not available,not available,not available,not available,not available,not available,not available,not available,not available,not available,Connecting the dots: forecasting and explaining short-term market volatility,not available,"Market volatility prediction is of significant theoretical and practical importance in the financial market, and the news is a significant source to influence the market. By using deep learning networks, we can forecast the volatility based on the news; meanwhile, how to explain the deep neural network is a prevalent topic, especially the attention mechanism in the NLP field. Current studies mainly focus on unveiling the principles behind attention mechanisms without considering generating human-readable explanations. In this work, we attempt to generate a human-readable explanation about the evidence that led to the prediction. To achieve our goal, we propose news-powered neural models to forecast short-term volatility and present a soft-constrained dynamic beam allocation algorithm to control the state-of-the-art language model (GPT-2) to generate fluent and informative explanations.",not available,not available,"Yuan J,Zhang Z"
10.1145/3402885,not available,not available,not available,Journal Article,not available,not available,not available,2020-09,not available,https://doi.org/10.1145/3402885;http://dx.doi.org/10.1145/3402885,"syntactic skeleton, relation classification, Neural network",not available,not available,not available,"New York, NY, USA",ACM Trans. Asian Low-Resour. Lang. Inf. Process.,not available,not available,not available,not available,not available,not available,not available,not available,not available,not available,not available,not available,not available,not available,not available,not available,not available,not available,not available,not available,not available,not available,not available,not available,not available,not available,not available,not available,2020.0,2375-4699,Association for Computing Machinery,not available,not available,not available,not available,not available,not available,not available,not available,not available,not available,not available,not available,not available,not available,not available,not available,An Extensible Framework of Leveraging Syntactic Skeleton for Semantic Relation Classification,not available,"Relation classification is one of the most fundamental upstream tasks in natural language processing and information extraction. State-of-the-art approaches make use of various deep neural networks (DNNs) to extract higher-level features directly. They can easily access to accurate classification results by taking advantage of both local entity features and global sentential features. Recent works on relation classification devote efforts to modify these neural networks, but less attention has been paid to the feature design concerning syntax. However, from a linguistic perspective, syntactic features are essential for relation classification. In this article, we present a novel linguistically motivated approach that enhances relation classification by imposing additional syntactic constraints. We investigate to leverage syntactic skeletons along with the sentential contexts to identify hidden relation types. The syntactic skeletons are extracted under the guidance of prior syntax knowledge. During extraction, the input sentences are recursively decomposed into syntactically shorter and simpler chunks. Experimental results on the SemEval-2010 Task 8 benchmark show that incorporating syntactic skeletons into current DNN models enhances the task of relation classification. Our systems significantly surpass two strong baseline systems. One of the substantial advantages of our proposal is that this framework is extensible for most current DNN models.",6.0,19.0,"Wang H,Tao Q,Du S,Luo X"
10.1145/3439816,not available,not available,not available,Journal Article,not available,not available,not available,2021-02,not available,https://doi.org/10.1145/3439816;http://dx.doi.org/10.1145/3439816,"personalization, dialog systems, deep learning, conditional text generation, Human-computer interaction",not available,not available,not available,"New York, NY, USA",ACM Trans. Intell. Syst. Technol.,not available,not available,not available,not available,not available,not available,not available,not available,not available,not available,not available,not available,not available,not available,not available,not available,not available,not available,not available,not available,not available,not available,not available,not available,not available,not available,not available,not available,2021.0,2157-6904,Association for Computing Machinery,not available,not available,not available,not available,not available,not available,not available,not available,not available,not available,not available,not available,not available,not available,not available,not available,Conditional Text Generation for Harmonious Human-Machine Interaction,not available,"In recent years, with the development of deep learning, text-generation technology has undergone great changes and provided many kinds of services for human beings, such as restaurant reservation and daily communication. The automatically generated text is becoming more and more fluent so researchers begin to consider more anthropomorphic text-generation technology, that is, the conditional text generation, including emotional text generation, personalized text generation, and so on. Conditional Text Generation (CTG) has thus become a research hotspot. As a promising research field, we find that much attention has been paid to exploring it. Therefore, we aim to give a comprehensive review of the new research trends of CTG. We first summarize several key techniques and illustrate the technical evolution route in the field of neural text generation, based on the concept model of CTG. We further make an investigation of existing CTG fields and propose several general learning models for CTG. Finally, we discuss the open issues and promising research directions of CTG.",2.0,12.0,"Guo B,Wang H,Ding Y,Wu W,Hao S,Sun Y,Yu Z"
10.1145/3442695,not available,not available,not available,Journal Article,not available,not available,not available,2021-03,not available,https://doi.org/10.1145/3442695;http://dx.doi.org/10.1145/3442695,"syntactic simplification, survey, monolingual machine translation, lexical simplification, Text simplification",not available,not available,not available,"New York, NY, USA",ACM Comput. Surv.,not available,not available,not available,not available,not available,not available,not available,not available,not available,not available,not available,not available,not available,not available,not available,not available,not available,not available,not available,not available,not available,not available,not available,not available,not available,not available,not available,not available,2021.0,0360-0300,Association for Computing Machinery,not available,not available,not available,not available,not available,not available,not available,not available,not available,not available,not available,not available,not available,not available,not available,not available,Automated Text Simplification: A Survey,not available,"Text simplification (TS) reduces the complexity of the text to improve its readability and understandability, while possibly retaining its original information content. Over time, TS has become an essential tool in helping those with low literacy levels, non-native learners, and those struggling with various types of reading comprehension problems. In addition, it is used in a preprocessing stage to enhance other NLP tasks. This survey presents an extensive study of current research studies in the field of TS, as well as covering resources, corpora, and evaluation methods that have been used in those studies.",2.0,54.0,"Al-Thanyyan SS,Azmi AM"
10.1145/3450273,not available,not available,not available,Journal Article,not available,not available,not available,2021-06,not available,https://doi.org/10.1145/3450273;http://dx.doi.org/10.1145/3450273,"unsupervised, Chinese grammar rules, complex sentences processed, dependency parsing, Open entity relation extraction",not available,not available,not available,"New York, NY, USA",ACM Trans. Asian Low-Resour. Lang. Inf. Process.,not available,not available,not available,not available,not available,not available,not available,not available,not available,not available,not available,not available,not available,not available,not available,not available,not available,not available,not available,not available,not available,not available,not available,not available,not available,not available,not available,not available,2021.0,2375-4699,Association for Computing Machinery,not available,not available,not available,not available,not available,not available,not available,not available,not available,not available,not available,not available,not available,not available,not available,not available,Dependency Parsing-based Entity Relation Extraction over Chinese Complex Text,not available,"Open Relation Extraction (ORE) plays a significant role in the field of Information Extraction. It breaks the limitation that traditional relation extraction must pre-define relational types in the annotated corpus and specific domains restrictions, to realize the goal of extracting entities and the relation between entities in the open domain. However, with the increase of sentence complexity, the precision and recall of Entity Relation Extraction will be significantly reduced. To solve this problem, we present an unsupervised Clause_CORE method based on Chinese grammar and dependency parsing features. Clause_CORE is used for complex sentences processing, including decomposing complex sentence and dynamically complementing sentence components, which can reduce sentences complexity and maintain the integrity of sentences at the same time. Then, we perform dependency parsing for complete sentences and implement open entity relation extraction based on the model constructed by Chinese grammar rules. The experimental results show that the performance of Clause_CORE method is better than that of other advanced Chinese ORE systems on Wikipedia and Sina news datasets, which proves the correctness and effectiveness of the method. The results on mixed datasets of news data and encyclopedia data prove the generalization and portability of the method.",4.0,20.0,"Qi S,Zheng L,Shang F"
10.1145/3453156,not available,not available,not available,Journal Article,not available,not available,not available,2021-05,not available,https://doi.org/10.1145/3453156;http://dx.doi.org/10.1145/3453156,"survey, story generation, evaluation, datasets, Text generation",not available,not available,not available,"New York, NY, USA",ACM Comput. Surv.,not available,not available,not available,not available,not available,not available,not available,not available,not available,not available,not available,not available,not available,not available,not available,not available,not available,not available,not available,not available,not available,not available,not available,not available,not available,not available,not available,not available,2021.0,0360-0300,Association for Computing Machinery,not available,not available,not available,not available,not available,not available,not available,not available,not available,not available,not available,not available,not available,not available,not available,not available,Automatic Story Generation: A Survey of Approaches,not available,"Computational generation of stories is a subfield of computational creativity where artificial intelligence and psychology intersect to teach computers how to mimic humans’ creativity. It helps generate many stories with minimum effort and customize the stories for the users’ education and entertainment needs. Although the automatic generation of stories started to receive attention many decades ago, advances in this field to date are less than expected and suffer from many limitations. This survey presents an extensive study of research in the area of non-interactive textual story generation, as well as covering resources, corpora, and evaluation methods that have been used in those studies. It also shed light on factors of story interestingness.",5.0,54.0,"Alhussain AI,Azmi AM"
10.1145/3460426.3463587,not available,not available,not available,Conference Paper,not available,Proceedings of the 2021 International Conference on Multimedia Retrieval,"Taipei, Taiwan",2021,9781450384636.0,https://doi.org/10.1145/3460426.3463587;http://dx.doi.org/10.1145/3460426.3463587,"region selector, novel object captioning, constrained beam search",not available,not available,ICMR '21,"New York, NY, USA",not available,not available,not available,not available,not available,not available,not available,not available,not available,437–441,not available,not available,not available,not available,not available,not available,not available,not available,not available,not available,not available,not available,not available,not available,not available,not available,not available,not available,not available,2021.0,not available,Association for Computing Machinery,not available,not available,not available,not available,not available,not available,not available,not available,not available,not available,not available,not available,not available,not available,not available,not available,Learning to Select: A Fully Attentive Approach for Novel Object Captioning,not available,"Image captioning models have lately shown impressive results when applied to standard datasets. Switching to real-life scenarios, however, constitutes a challenge due to the larger variety of visual concepts which are not covered in existing training sets. For this reason, novel object captioning (NOC) has recently emerged as a paradigm to test captioning models on objects which are unseen during the training phase. In this paper, we present a novel approach for NOC that learns to select the most relevant objects of an image, regardless of their adherence to the training set, and to constrain the generative process of a language model accordingly. Our architecture is fully-attentive and end-to-end trainable, also when incorporating constraints. We perform experiments on the held-out COCO dataset, where we demonstrate improvements over the state of the art, both in terms of adaptability to novel objects and caption quality.",not available,not available,"Cagrandi M,Cornia M,Stefanini M,Baraldi L,Cucchiara R"
10.1145/3465218,not available,not available,not available,Journal Article,not available,not available,not available,2021-08,not available,https://doi.org/10.1145/3465218;http://dx.doi.org/10.1145/3465218,"structural analysis, antithesis, rhetorical device, corpus construction, Advertising slogan",not available,not available,not available,"New York, NY, USA",ACM Trans. Asian Low-Resour. Lang. Inf. Process.,not available,not available,not available,not available,not available,not available,not available,not available,not available,not available,not available,not available,not available,not available,not available,not available,not available,not available,not available,not available,not available,not available,not available,not available,not available,not available,not available,not available,2021.0,2375-4699,Association for Computing Machinery,"Niwa, Ayana (57421989400); Okazaki, Naokaki (52164195800); Wakimoto, Kohei (57554596900); Nishiguchi, Keisuke (57422133400); Mouri, Masataka (57821761900)",57421989400; 52164195800; 57554596900; 57422133400; 57821761900,ACM Transactions on Asian and Low-Resource Language Information Processing,110,not available,not available,0.0,0.0,https://www.scopus.com/inward/record.uri?eid=2-s2.0-85135084366&doi=10.1145%2F3465218&partnerID=40&md5=e84c8b9b73256aa7caecdc7b335e2901,Marketing; Semantics; Advertizing; Advertizing slogan; Antithesis; Consumers' minds; Corpus construction; Large corpora; Lexical knowledge; Rhetorical device; Sentence structures; Work of art; Structural analysis,Article,Final,not available,Scopus,2-s2.0-85135084366,2021.0,Construction of a Corpus of Rhetorical Devices in Slogans and Structural Analysis of Antitheses,Advertising Slogan; Antithesis; Corpus Construction; Rhetorical Device; Structural Analysis; Marketing; Semantics; Advertizing; Advertizing Slogan; Antithesis; Consumers' Minds; Corpus Construction; Large Corpora; Lexical Knowledge; Rhetorical Device; Sentence Structures; Work Of Art; Structural Analysis,"An advertising slogan is a sentence that expresses a product or a work of art in a straightforward manner and is used for advertising and publicity. Moving the consumer's mind and attracting their interest can significantly influence sales. Although rhetorical techniques in a slogan are known to improve the effectiveness of advertising, not much attention has been devoted to analyze or automatically generate sentences with the techniques. Therefore, we constructed a large corpus of slogans and revealed the linguistic characteristics of the basic statistics and rhetorical devices. Another point of focus was antitheses, of which the usage rates are relatively high and which have a specific sentence structure and lexical constraints. The generation of a slogan that contains an antithesis necessitates the structure of sentences, known as templates, to be extracted and also requires knowledge of word pairs with semantic contrast. Thus, the next step involved analysis of the structure to extract the sentence structure and lexical knowledge about the antithesis. Despite its simple architecture, the proposed method exceeds the prediction accuracy and efficiency of a comparable method. Lexical knowledge that is not available in existing dictionaries was also extracted.",6.0,20.0,"Niwa A,Okazaki N,Wakimoto K,Nishiguchi K,Mouri M"
10.1145/3503161.3548284,not available,not available,not available,Conference Paper,not available,Proceedings of the 30th ACM International Conference on Multimedia,"Lisboa, Portugal",2022,9781450392037.0,https://doi.org/10.1145/3503161.3548284;http://dx.doi.org/10.1145/3503161.3548284,"visual entailment, semantic alignment, explanation generation",not available,not available,MM '22,"New York, NY, USA",not available,not available,not available,not available,not available,not available,not available,not available,not available,3587–3597,not available,not available,not available,not available,not available,not available,not available,not available,not available,not available,not available,not available,not available,not available,not available,not available,not available,not available,not available,2022.0,not available,Association for Computing Machinery,"Yang, Qian (57305856000); Li, Yunxin (57226341191); Hu, Baotian (55647462200); Ma, Lin (56377428300); Ding, Yuxin (16041749500); Zhang, Min (56368409100)",57305856000; 57226341191; 55647462200; 56377428300; 16041749500; 56368409100,not available,not available,3587.0,3597.0,0.0,11.0,https://www.scopus.com/inward/record.uri?eid=2-s2.0-85150971621&doi=10.1145%2F3503161.3548284&partnerID=40&md5=7005a3e8da8b92099a68dff0f3f67030,Computational linguistics; Decision making; Semantics; Decision-making process; Explanation generation; High level semantics; Image pairs; Language model; Natural language explanations; Semantic alignments; Text images; Visual content; Visual entailment; Visual languages,Conference paper,Final,All Open Access; Green Accepted Open Access; Green Open Access,Scopus,2-s2.0-85150971621,2022.0,Chunk-aware Alignment and Lexical Constraint for Visual Entailment with Natural Language Explanations,Explanation Generation; Semantic Alignment; Visual Entailment; Computational Linguistics; Decision Making; Semantics; Decision-making Process; Explanation Generation; High Level Semantics; Image Pairs; Language Model; Natural Language Explanations; Semantic Alignments; Text Images; Visual Content; Visual Entailment; Visual Languages,"Visual Entailment with natural language explanations aims to infer the relationship between a text-image pair and generate a sentence to explain the decision-making process. Previous methods rely mainly on a pre-trained vision-language model to perform the relation inference and a language model to generate the corresponding explanation. However, the pre-trained vision-language models mainly build token-level alignment between text and image yet ignore the high-level semantic alignment between the phrases (chunks) and visual contents, which is critical for vision-language reasoning. Moreover, the explanation generator based only on the encoded joint representation does not explicitly consider the critical decision-making points of relation inference. Thus the generated explanations are less faithful to visual-language reasoning. To mitigate these problems, we propose a unified Chunk-aware Alignment and Lexical Constraint based method, dubbed as CALeC. It contains a Chunk-aware Semantic Interactor (arr. CSI), a relation inferrer, and a Lexical Constraint-aware Generator (arr. LeCG). Specifically, CSI exploits the sentence structure inherent in language and various image regions to build chunk-aware semantic alignment. Relation inferrer uses an attention-based reasoning network to incorporate the token-level and chunk-level vision-language representations. LeCG utilizes lexical constraints to expressly incorporate the words or chunks focused by the relation inferrer into explanation generation, improving the faithfulness and informativeness of the explanations. We conduct extensive experiments on three datasets, and experimental results indicate that CALeC significantly outperforms other competitor models on inference accuracy and quality of generated explanations.",not available,not available,"Yang Q,Li Y,Hu B,Ma L,Ding Y,Zhang M"
10.1145/3539597.3570364,not available,not available,not available,Conference Paper,not available,Proceedings of the Sixteenth ACM International Conference on Web Search and Data Mining,"Singapore, Singapore",2023,9781450394079.0,https://doi.org/10.1145/3539597.3570364;http://dx.doi.org/10.1145/3539597.3570364,"conditional text generation, neural language generation, neural language model, transformer",not available,not available,WSDM '23,"New York, NY, USA",not available,not available,not available,not available,not available,not available,not available,not available,not available,420–428,not available,not available,not available,not available,not available,not available,not available,not available,not available,not available,not available,not available,not available,not available,not available,not available,not available,not available,not available,2023.0,not available,Association for Computing Machinery,not available,not available,not available,not available,not available,not available,not available,not available,not available,not available,not available,not available,not available,not available,not available,not available,Friendly Conditional Text Generator,not available,"Our goal is to control text generation with more fine-grained conditions at lower computational cost than is possible with current alternatives; these conditions are attributes (i.e., multiple codes and free-text). As large-scale pre-trained language models (PLMs) offer excellent performance in free-form text generation, we explore efficient architectures and training schemes that can best leverage PLMs. Our framework, Friendly Conditional Text Generator (FCTG), introduces a multi-view attention (MVA) mechanism and two training tasks, Masked Attribute Modeling (MAM) and Attribute Linguistic Matching (ALM), to direct various PLMs via modalities between the text and its attributes. The motivation of FCTG is to map texts and attributes into a shared space, and bridge their modality gaps, as the texts and attributes reside in different regions of semantic space. To avoid catastrophic forgetting, modality-free embedded representations are learnt, and used to direct PLMs in this space, FCTG applies MAM to learn attribute representations, maps them in the same space as text through MVA, and optimizes their alignment in this space via ALM. Experiments on publicly available datasets show that FCTG outperforms baselines over higher level conditions at lower computation cost.",not available,not available,Kawamae N
10.1145/3539597.3572720,not available,not available,not available,Conference Paper,not available,Proceedings of the Sixteenth ACM International Conference on Web Search and Data Mining,"Singapore, Singapore",2023,9781450394079.0,https://doi.org/10.1145/3539597.3572720;http://dx.doi.org/10.1145/3539597.3572720,"commonsense reasoning, knowledge-augmented methods, language generation, natural language understanding",not available,not available,WSDM '23,"New York, NY, USA",not available,not available,not available,not available,not available,not available,not available,not available,not available,1228–1231,not available,not available,not available,not available,not available,not available,not available,not available,not available,not available,not available,not available,not available,not available,not available,not available,not available,not available,not available,2023.0,not available,Association for Computing Machinery,not available,not available,not available,not available,not available,not available,not available,not available,not available,not available,not available,not available,not available,not available,not available,not available,Knowledge-Augmented Methods for Natural Language Processing,not available,"Knowledge in NLP has been a rising trend especially after the advent of large-scale pre-trained models. Knowledge is critical to equip statistics-based models with common sense, logic and other external information. In this tutorial, we will introduce recent state-of-the-art works in applying knowledge in language understanding, language generation and commonsense reasoning.",not available,not available,"Zhu C,Xu Y,Ren X,Lin BY,Jiang M,Yu W"
10.1145/3539618.3591885,not available,not available,not available,Conference Paper,not available,Proceedings of the 46th International ACM SIGIR Conference on Research and Development in Information Retrieval,"Taipei, Taiwan",2023,9781450394086.0,https://doi.org/10.1145/3539618.3591885;http://dx.doi.org/10.1145/3539618.3591885,"annotated datasets for machine learning, parallel corpora, text classification, wordplay detection, wordplay location, wordplay retrieval & analysis",not available,not available,SIGIR '23,"New York, NY, USA",not available,not available,not available,not available,not available,not available,not available,not available,not available,2796–2806,not available,not available,not available,not available,not available,not available,not available,not available,not available,not available,not available,not available,not available,not available,not available,not available,not available,not available,not available,2023.0,not available,Association for Computing Machinery,not available,not available,not available,not available,not available,not available,not available,not available,not available,not available,not available,not available,not available,not available,not available,not available,The JOKER Corpus: English-French Parallel Data for Multilingual Wordplay Recognition,not available,"Despite recent advances in information retrieval and natural language processing, rhetorical devices that exploit ambiguity or subvert linguistic rules remain a challenge for such systems. However, corpus-based analysis of wordplay has been a perennial topic of scholarship in the humanities, including literary criticism, language education, and translation studies. The immense data-gathering effort required for these studies points to the need for specialized text retrieval and classification technology, and consequently for appropriate test collections. In this paper, we introduce and analyze a new dataset for research and applications in the retrieval and processing of wordplay. Developed for the JOKER track at CLEF 2023, our annotated corpus extends and improves upon past English wordplay detection datasets in several ways. First, we introduce hundreds of additional positive examples of wordplay; second, we provide French translations for the examples; and third, we provide negative examples of non-wordplay with characteristics closely matching those of the positive examples. This last feature helps ensure that AI models learn to effectively distinguish wordplay from non-wordplay, and not simply texts differing in length, style, or vocabulary. Our test collection represents then a step towards wordplay-aware multilingual information retrieval.",not available,not available,"Ermakova L,Bosser AG,Jatowt A,Miller T"
10.1145/3539618.3591936,not available,not available,not available,Conference Paper,not available,Proceedings of the 46th International ACM SIGIR Conference on Research and Development in Information Retrieval,"Taipei, Taiwan",2023,9781450394086.0,https://doi.org/10.1145/3539618.3591936;http://dx.doi.org/10.1145/3539618.3591936,"constrained generation, query-focused summarization",not available,not available,SIGIR '23,"New York, NY, USA",not available,not available,not available,not available,not available,not available,not available,not available,not available,1745–1749,not available,not available,not available,not available,not available,not available,not available,not available,not available,not available,not available,not available,not available,not available,not available,not available,not available,not available,not available,2023.0,not available,Association for Computing Machinery,"Xu, Zhichao (57219789349); Cohen, Daniel (57191505522)",57219789349; 57191505522,not available,not available,1745.0,1749.0,0.0,3.0,https://www.scopus.com/inward/record.uri?eid=2-s2.0-85168712418&doi=10.1145%2F3539618.3591936&partnerID=40&md5=e1dc522e9c92f187be947127cee30bc1,Computational linguistics; 'current; Constrained generation; Fine grained; Language model; Parameter training; Query-focused summarization; Retrieval models; Snippet generation; State of the art; Sub-architectures; Query processing,Conference paper,Final,All Open Access; Green Accepted Open Access; Green Open Access; Hybrid Gold Open Access,Scopus,2-s2.0-85168712418,2023.0,A Lightweight Constrained Generation Alternative for Query-focused Summarization,Constrained Generation; Query-focused Summarization; Computational Linguistics; 'current; Constrained Generation; Fine Grained; Language Model; Parameter Training; Query-focused Summarization; Retrieval Models; Snippet Generation; State Of The Art; Sub-architectures; Query Processing,"Query-focused summarization (QFS) aims to provide a summary of a document that satisfies information need of a given query and is useful in various IR applications, such as abstractive snippet generation. Current QFS approaches typically involve injecting additional information, e.g. query-answer relevance or fine-grained token-level interaction between a query and document, into a finetuned large language model. However, these approaches often require extra parameters & training, and generalize poorly to new dataset distributions. To mitigate this, we propose leveraging a recently developed constrained generation model Neurological Decoding (NLD) as an alternative to current QFS regimes which rely on additional sub-architectures and training. We first construct lexical constraints by identifying important tokens from the document using a lightweight gradient attribution model, then subsequently force the generated summary to satisfy these constraints by directly manipulating the final vocabulary likelihood. This lightweight approach requires no additional parameters or finetuning as it utilizes both an off-the-shelf neural retrieval model to construct the constraints and a standard generative language model to produce the QFS. We demonstrate the efficacy of this approach on two public QFS collections achieving near parity with the state-of-the-art model with substantially reduced complexity.",not available,not available,"Xu Z,Cohen D"
10.1145/3570991.3571068,not available,not available,not available,Conference Paper,not available,Proceedings of the 6th Joint International Conference on Data Science & Management of Data (10th ACM IKDD CODS and 28th COMAD),"Mumbai, India",2023,9781450397971.0,https://doi.org/10.1145/3570991.3571068;http://dx.doi.org/10.1145/3570991.3571068,"document translation, machine translation, post-editing software",not available,not available,CODS-COMAD '23,"New York, NY, USA",not available,not available,not available,not available,not available,not available,not available,not available,not available,263–267,not available,not available,not available,not available,not available,not available,not available,not available,not available,not available,not available,not available,not available,not available,not available,not available,not available,not available,not available,2023.0,not available,Association for Computing Machinery,not available,not available,not available,not available,not available,not available,not available,not available,not available,not available,not available,not available,not available,not available,not available,not available,UDAAN - Machine Learning based Post-Editing tool for Document Translation,not available,"We introduce UDAAN, an open-source post-editing tool that can reduce manual editing efforts to quickly produce publishable-standard documents in several Indic languages. UDAAN has an end-to-end Machine Translation (MT) plus post-editing pipeline wherein users can upload a document to obtain raw MT output. Further, users can edit the raw translations using our tool. UDAAN offers several advantages: i. Domain-aware, vocabulary-based lexical constrained MT. ii. source-target and target-target lexicon suggestions for users. Replacements are based on the source and target texts’ lexicon alignment. iii. Translation suggestions are based on logs created during user interaction. iv. Source-target sentence alignment visualisation that reduces the cognitive load of users during editing. v. Translated outputs from our tool are available in multiple formats: docs, latex, and PDF. We also provide the facility to use around 100 in-domain dictionaries for lexicon-aware machine translation. Although we limit our experiments to English-to-Hindi translation, our tool is independent of the source and target languages. Experimental results based on the usage of the tools and users’ feedback show that our tool speeds up the translation time by approximately a factor of three compared to the baseline method of translating documents from scratch. Our tool is available for both Windows and Linux platforms. The tool is open-source under MIT license, and the source code can be accessed from our website, https://www.udaanproject.org. Demonstration and tutorial videos for various features of our tool can be accessed here. Our MT pipeline can be accessed at https://udaaniitb.aicte-india.org/udaan/translate/.",not available,not available,"Maheshwari A,Ravindran A,Subramanian V,Ramakrishnan G"
10.1145/3580305.3599535,not available,not available,not available,Conference Paper,not available,Proceedings of the 29th ACM SIGKDD Conference on Knowledge Discovery and Data Mining,"Long Beach, CA, USA",2023,not available,https://doi.org/10.1145/3580305.3599535;http://dx.doi.org/10.1145/3580305.3599535,"recommender systems, natural language generation, lexical constraints, explainable recommendation",not available,not available,KDD '23,"New York, NY, USA",not available,KDD,not available,Conference and Workshop Papers,closed,conf/kdd/LiHSM23,https://doi.org/10.1145/3580305.3599535,https://dblp.org/rec/conf/kdd/LiHSM23,2.0,1248–1257,not available,not available,not available,not available,not available,not available,not available,not available,not available,not available,not available,not available,not available,not available,not available,not available,not available,not available,not available,2023.0,not available,Association for Computing Machinery,"Li, Jiacheng (57214938288); He, Zhankui (57203384223); Shang, Jingbo (56355265600); McAuley, Julian J. (14822353500)",57214938288; 57203384223; 56355265600; 14822353500,Proceedings of the ACM SIGKDD International Conference on Knowledge Discovery and Data Mining,not available,1248.0,1257.0,0.0,8.0,https://www.scopus.com/inward/record.uri?eid=2-s2.0-85171325902&doi=10.1145%2F3580305.3599535&partnerID=40&md5=b10f0bb2c77035125a9e8dda3df58fc3,Natural language processing systems; Recommender systems; Explainable recommendation; Generation process; High quality; Insertion process; Lexical constraint; Natural language generation; Planning method; Specific information; Text generations; Users' interests; Process control,Conference paper,Final,All Open Access; Hybrid Gold Open Access,Scopus,2-s2.0-85171325902,2023.0,UCEpic: Unifying Aspect Planning and Lexical Constraints for Generating Explanations in Recommendation,Explainable Recommendation; Lexical Constraints; Natural Language Generation; Recommender Systems; Natural Language Processing Systems; Recommender Systems; Explainable Recommendation; Generation Process; High Quality; Insertion Process; Lexical Constraint; Natural Language Generation; Planning Method; Specific Information; Text Generations; Users' Interests; Process Control,"Personalized natural language generation for explainable recommendations plays a key role in justifying why a recommendation might match a user's interests. Existing models usually control the generation process by aspect planning. While promising, these aspect-planning methods struggle to generate specific information correctly, which prevents generated explanations from being convincing. In this paper, we claim that introducing lexical constraints can alleviate the above issues. We propose a model, UCEpic, that generates high-quality personalized explanations for recommendation results by unifying aspect planning and lexical constraints in an insertion-based generation manner.Methodologically, to ensure text generation quality and robustness to various lexical constraints, we pre-train a non-personalized text generator via our proposed robust insertion process. Then, to obtain personalized explanations under this framework of insertion-based generation, we design a method of incorporating aspect planning and personalized references into the insertion process. Hence, UCEpic unifies aspect planning and lexical constraints into one framework and generates explanations for recommendations under different settings. Compared to previous recommendation explanation generators controlled by only aspects, UCEpic incorporates specific information from keyphrases and then largely improves the diversity and informativeness of generated explanations for recommendations on datasets such as RateBeer and Yelp.",not available,not available,"Li J,He Z,Shang J,McAuley J"
10.1145/3594536.3595168,not available,not available,not available,Conference Paper,not available,Proceedings of the Nineteenth International Conference on Artificial Intelligence and Law,"Braga, Portugal",2023,not available,https://doi.org/10.1145/3594536.3595168;http://dx.doi.org/10.1145/3594536.3595168,"Judicial decision making, Rape myths, Sexual violence, Witness credibility",not available,not available,ICAIL '23,"New York, NY, USA",not available,not available,not available,not available,not available,not available,not available,not available,not available,111–120,not available,not available,not available,not available,not available,not available,not available,not available,not available,not available,not available,not available,not available,not available,not available,not available,not available,not available,not available,2023.0,not available,Association for Computing Machinery,not available,not available,not available,not available,not available,not available,not available,not available,not available,not available,not available,not available,not available,not available,not available,not available,The Perfect Victim: Computational Analysis of Judicial Attitudes towards Victims of Sexual Violence,not available,"We develop computational models to analyze court statements in order to assess judicial attitudes toward victims of sexual violence in the Israeli court system. The study examines the resonance of ""rape myths"" in the criminal justice system's response to sex crimes, in particular in judicial assessment of victim's credibility. We begin by formulating an ontology for evaluating judicial attitudes toward victim's credibility, with eight ordinal labels and binary categorizations. Second, we curate a manually annotated dataset for judicial assessments of victim's credibility in the Hebrew language, as well as a model that can extract credibility labels from court cases. The dataset consists of 855 verdict decision documents in sexual assault cases from 1990-2021, annotated with the help of legal experts and trained law students. The model uses a combined approach of syntactic and latent structures to find sentences that convey the judge's attitude towards the victim and classify them according to the credibility label set. Our ontology, data, and models will be made available upon request, in the hope they spur future progress in this judicial important task.",not available,not available,"Habba E,Keydar R,Bareket D,Stanovsky G"
10.1145/3600046.3600051,not available,not available,not available,Conference Paper,not available,Proceedings of the Second ACM Data Economy Workshop,"Seattle, WA, USA",2023,not available,https://doi.org/10.1145/3600046.3600051;http://dx.doi.org/10.1145/3600046.3600051,"Security, Fraud Detection, Evasion, Adversarial",not available,not available,DEC '23,"New York, NY, USA",not available,not available,not available,not available,not available,not available,not available,not available,not available,27–33,not available,not available,not available,not available,not available,not available,not available,not available,not available,not available,not available,not available,not available,not available,not available,not available,not available,not available,not available,2023.0,not available,Association for Computing Machinery,not available,not available,not available,not available,not available,not available,not available,not available,not available,not available,not available,not available,not available,not available,not available,not available,Adversarial Learning in Real-World Fraud Detection: Challenges and Perspectives,not available,"Data economy relies on data-driven systems and complex machine learning applications are fueled by them. Unfortunately, however, machine learning models are exposed to fraudulent activities and adversarial attacks, which threaten their security and trustworthiness. In the last decade or so, the research interest on adversarial machine learning has grown significantly, revealing how learning applications could be severely impacted by effective attacks. Although early results of adversarial machine learning indicate the huge potential of the approach to specific domains such as image processing, still there is a gap in both the research literature and practice regarding how to generalize adversarial techniques in other domains and applications. Fraud detection is a critical defense mechanism for data economy, as it is for other applications as well, which poses several challenges for machine learning. In this work, we describe how attacks against fraud detection systems differ from other applications of adversarial machine learning, and propose a number of interesting directions to bridge this gap.",not available,not available,"Lunghi D,Simitsis A,Caelen O,Bontempi G"
10.1145/3611643.3616291,not available,not available,not available,Conference Paper,not available,Proceedings of the 31st ACM Joint European Software Engineering Conference and Symposium on the Foundations of Software Engineering,"San Francisco, CA, USA",2023,not available,https://doi.org/10.1145/3611643.3616291;http://dx.doi.org/10.1145/3611643.3616291,"GitHub, Software Documentation, Text Simplification, Transfer Learning",not available,not available,ESEC/FSE 2023,"New York, NY, USA",not available,not available,not available,not available,not available,not available,not available,not available,not available,1548–1560,not available,not available,not available,not available,not available,not available,not available,not available,not available,not available,not available,not available,not available,not available,not available,not available,not available,not available,not available,2023.0,not available,Association for Computing Machinery,not available,not available,not available,not available,not available,not available,not available,not available,not available,not available,not available,not available,not available,not available,not available,not available,Evaluating Transfer Learning for Simplifying GitHub READMEs,not available,"Software documentation captures detailed knowledge about a software product, e.g., code, technologies, and design. It plays an important role in the coordination of development teams and in conveying ideas to various stakeholders. However, software documentation can be hard to comprehend if it is written with jargon and complicated sentence structure. In this study, we explored the potential of text simplification techniques in the domain of software engineering to automatically simplify GitHub README files. We collected software-related pairs of GitHub README files consisting of 14,588 entries, aligned difficult sentences with their simplified counterparts, and trained a Transformer-based model to automatically simplify difficult versions. To mitigate the sparse and noisy nature of the software-related simplification dataset, we applied general text simplification knowledge to this field. Since many general-domain difficult-to-simple Wikipedia document pairs are already publicly available, we explored the potential of transfer learning by first training the model on the Wikipedia data and then fine-tuning it on the README data. Using automated BLEU scores and human evaluation, we compared the performance of different transfer learning schemes and the baseline models without transfer learning. The transfer learning model using the best checkpoint trained on a general topic corpus achieved the best performance of 34.68 BLEU score and statistically significantly higher human annotation scores compared to the rest of the schemes and baselines. We conclude that using transfer learning is a promising direction to circumvent the lack of data and drift style problem in software README files simplification and achieved a better trade-off between simplification and preservation of meaning.",not available,not available,"Gao H,Treude C,Zahedi M"
10.1145/3617680,not available,not available,not available,Journal Article,not available,not available,not available,2023-10,not available,https://doi.org/10.1145/3617680;http://dx.doi.org/10.1145/3617680,"systematic review, controllability, Transformer, pre-trained language models, Controllable text generation",not available,not available,not available,"New York, NY, USA",ACM Comput. Surv.,not available,not available,not available,not available,not available,not available,not available,not available,not available,not available,not available,not available,not available,not available,not available,not available,not available,not available,not available,not available,not available,not available,not available,not available,not available,not available,not available,not available,2023.0,0360-0300,Association for Computing Machinery,not available,not available,not available,not available,not available,not available,not available,not available,not available,not available,not available,not available,not available,not available,not available,not available,A Survey of Controllable Text Generation Using Transformer-based Pre-trained Language Models,not available,"Controllable Text Generation (CTG) is an emerging area in the field of natural language generation (NLG). It is regarded as crucial for the development of advanced text generation technologies that better meet the specific constraints in practical applications. In recent years, methods using large-scale pre-trained language models (PLMs), in particular the widely used Transformer-based PLMs, have become a new paradigm of NLG, allowing generation of more diverse and fluent text. However, due to the limited level of interpretability of deep neural networks, the controllability of these methods needs to be guaranteed. To this end, controllable text generation using Transformer-based PLMs has become a rapidly growing yet challenging new research hotspot. A diverse range of approaches have emerged in the past 3 to 4 years, targeting different CTG tasks that require different types of controlled constraints. In this article, we present a systematic critical review on the common tasks, main approaches, and evaluation methods in this area. Finally, we discuss the challenges that the field is facing, and put forward various promising future directions. To the best of our knowledge, this is the first survey article to summarize the state-of-the-art CTG techniques from the perspective of Transformer-based PLMs. We hope it can help researchers and practitioners in the related fields to quickly track the academic and technological frontier, providing them with a landscape of the area and a roadmap for future research.",3.0,56.0,"Zhang H,Song H,Li S,Zhou M,Song D"
10.1145/3618111,not available,not available,not available,Journal Article,not available,not available,not available,2023-09,not available,https://doi.org/10.1145/3618111;http://dx.doi.org/10.1145/3618111,"Word Suggestions, Transfer Learning, NMT, Likelihood",Just Accepted,not available,not available,"New York, NY, USA",ACM Trans. Asian Low-Resour. Lang. Inf. Process.,not available,not available,not available,not available,not available,not available,not available,not available,not available,not available,not available,not available,not available,not available,not available,not available,not available,not available,not available,not available,not available,not available,not available,not available,not available,not available,not available,not available,2023.0,2375-4699,Association for Computing Machinery,not available,not available,not available,not available,not available,not available,not available,not available,not available,not available,not available,not available,not available,not available,not available,not available,Transfer Learning-Based Neural Machine Translation for Low-Resource Languages,not available,"College of Liberal Arts, Ludong University, Yantai 264025, ChinaChinese Lexicography Research Center, Yantai 264025, ChinaNeural Machine Translation (NMT) improves readability by augmenting sentence suggestions based on the precise likelihood of the words. The word suggestions are trained using learning paradigms through repeated translations, word searches, and user inputs. However, the challenging process is the implication of NMT for low-resource language wherein the chances of false suggestions/ word substitutions are high. So, this article proposes a Likelihood-based Machine Translation Model (LMTM) for low-resource languages. The model uses word frequency and potential substitutions from less-known sentences to identify sentences with high precision. This is achieved through a combination of recurrence and substitutions using transfer learning. The identified high-likelihood words are used for sentence augmentation, and the entire set of words from the generated sentence updates the learning paradigm. The model suggests the highest likelihood words for NMT, preventing sentence falsification and ensuring accurate translations. The proposed model increases likelihood by 9.15%, correctness by 7.46%, and substitutions by 7.7%, respectively. It reduces falsification and time complexity by 9.33% and 8.52%, respectively. Overall, the LMTM improves translation quality for low-resource languages.",not available,not available,Dong J
10.1145/3645111,not available,not available,not available,Journal Article,not available,not available,not available,2024-04,not available,https://doi.org/10.1145/3645111;http://dx.doi.org/10.1145/3645111,"Low-resource, neural machine translation, data augmentation, fine-tuning pre-trained model, linguistic features",not available,not available,not available,"New York, NY, USA",ACM Trans. Asian Low-Resour. Lang. Inf. Process.,not available,not available,not available,not available,not available,not available,not available,not available,not available,not available,not available,not available,not available,not available,not available,not available,not available,not available,not available,not available,not available,not available,not available,not available,not available,not available,not available,not available,2024.0,2375-4699,Association for Computing Machinery,not available,not available,not available,not available,not available,not available,not available,not available,not available,not available,not available,not available,not available,not available,not available,not available,A Study for Enhancing Low-resource Thai-Myanmar-English Neural Machine Translation,not available,"Several methodologies have recently been proposed to enhance the performance of low-resource Neural Machine Translation (NMT). However, these techniques have yet to be explored thoroughly in the low-resource Thai and Myanmar languages. Therefore, we first applied augmentation techniques such as SwitchOut and Ciphertext Based Data Augmentation (CipherDAug) to improve NMT performance in these languages. Second, we enhanced the NMT performance by fine-tuning the pre-trained Multilingual Denoising BART model (mBART), where BART denotes Bidirectional and Auto-Regressive Transformer. We implemented three NMT systems: namely, Transformer+SwitchOut, Multi-Source Transformer+CipherDAug, and fine-tuned mBART in the bidirectional translations of Thai-English-Myanmar language pairs from the ASEAN-MT corpus. Experimental results showed that Multi-Source Transformer+CipherDAug significantly improved Bilingual Evaluation Understudy (BLEU), Character n-gram F-score (ChrF), and Translation Error Rate (TER) scores over the first baseline Transformer and second baseline Edit-Based Transformer. The model achieved notable BLEU scores: 37.9 (English-to-Thai), 42.7 (Thai-to-English), 28.9 (English-to-Myanmar), 31.2 (Myanmar-to-English), 25.3 (Thai-to-Myanmar), and 25.5 (Myanmar-to-Thai). The fine-tuned mBART model also considerably outperformed the two baselines, except for the Myanmar-to-English pair. SwitchOut improved over the second baseline in all pairs and performed similarly to the first baseline in most cases. Last, we performed detailed analyses verifying that the CipherDAug and mBART models potentially facilitate improving low-resource NMT performance in Thai and Myanmar languages.",4.0,23.0,"San ME,Usanavasin S,Thu YK,Okumura M"
10.1145/3652598,not available,not available,not available,Journal Article,not available,not available,not available,2024-04,not available,https://doi.org/10.1145/3652598;http://dx.doi.org/10.1145/3652598,"Target-oriented dialogue, dialogue generation, bidirectional planning",not available,not available,not available,"New York, NY, USA",ACM Trans. Inf. Syst.,not available,not available,not available,not available,not available,not available,not available,not available,not available,not available,not available,not available,not available,not available,not available,not available,not available,not available,not available,not available,not available,not available,not available,not available,not available,not available,not available,not available,2024.0,1046-8188,Association for Computing Machinery,not available,not available,not available,not available,not available,not available,not available,not available,not available,not available,not available,not available,not available,not available,not available,not available,Target-constrained Bidirectional Planning for Generation of Target-oriented Proactive Dialogue,not available,"Target-oriented proactive dialogue systems aim at leading conversations from a dialogue context toward a pre-determined target, such as making recommendations on designated items or introducing new specific topics. To this end, it is critical for such dialogue systems to plan reasonable actions to drive the conversation proactively, and meanwhile, to plan appropriate topics to move the conversation forward to the target topic smoothly. In this work, we mainly focus on effective dialogue planning for target-oriented dialogue generation. Inspired by decision-making theories in cognitive science, we propose a novel target-constrained bidirectional planning (TRIP) approach, which plans an appropriate dialogue path by looking ahead and looking back. By formulating the planning as a generation task, our TRIP bidirectionally generates a dialogue path consisting of a sequence of pairs using two Transformer decoders. They are expected to supervise each other and converge on consistent actions and topics by minimizing the decision gap and contrastive generation of targets. Moreover, we propose a target-constrained decoding algorithm with a bidirectional agreement to better control the planning process. Subsequently, we adopt the planned dialogue paths to guide dialogue generation in a pipeline manner, where we explore two variants: prompt-based generation and plan-controlled generation. Extensive experiments are conducted on two challenging dialogue datasets, which are re-purposed for exploring target-oriented dialogue. Our automatic and human evaluations demonstrate that the proposed methods significantly outperform various baseline models.",5.0,42.0,"Wang J,Lin D,Li W"
10.1145/3654795,not available,not available,not available,Journal Article,not available,not available,not available,2024-05,not available,https://doi.org/10.1145/3654795;http://dx.doi.org/10.1145/3654795,"Figurative language, language generation, systematic review",not available,not available,not available,"New York, NY, USA",ACM Comput. Surv.,not available,not available,not available,not available,not available,not available,not available,not available,not available,not available,not available,not available,not available,not available,not available,not available,not available,not available,not available,not available,not available,not available,not available,not available,not available,not available,not available,not available,2024.0,0360-0300,Association for Computing Machinery,not available,not available,not available,not available,not available,not available,not available,not available,not available,not available,not available,not available,not available,not available,not available,not available,A Survey on Automatic Generation of Figurative Language: From Rule-based Systems to Large Language Models,not available,"Figurative language generation (FLG) is the task of reformulating a given text to include a desired figure of speech, such as a hyperbole, a simile, and several others, while still being faithful to the original context. This is a fundamental, yet challenging task in Natural Language Processing (NLP), which has recently received increased attention due to the promising performance brought by pre-trained language models. Our survey provides a systematic overview of the development of FLG, mostly in English, starting with the description of some common figures of speech, their corresponding generation tasks, and datasets. We then focus on various modelling approaches and assessment strategies, leading us to discussing some challenges in this field, and suggesting some potential directions for future research. To the best of our knowledge, this is the first survey that summarizes the progress of FLG including the most recent development in NLP. We also organize corresponding resources, e.g., article lists and datasets, and make them accessible in an open repository. We hope this survey can help researchers in NLP and related fields to easily track the academic frontier, providing them with a landscape and a roadmap of this area.",10.0,56.0,"Lai H,Nissim M"
10.1145/3677389.3702536,not available,not available,not available,Book Chapter,Proceedings of the 24th ACM/IEEE Joint Conference on Digital Libraries,not available,not available,2025,not available,https://doi.org/10.1145/3677389.3702536;http://dx.doi.org/10.1145/3677389.3702536,not available,not available,not available,not available,"New York, NY, USA",not available,not available,not available,not available,not available,not available,not available,not available,not available,not available,not available,not available,not available,not available,not available,not available,not available,not available,not available,not available,not available,not available,not available,not available,not available,not available,not available,not available,not available,2025.0,not available,Association for Computing Machinery,not available,not available,not available,not available,not available,not available,not available,not available,not available,not available,not available,not available,not available,not available,not available,not available,Enhancing Digital Libraries with Automated Definition Generation,not available,"Scientific domains encompass many concepts that require a concise term definition to enable a common understanding among researchers, in particular for interdisciplinary fields. In digital libraries, information access and sharing is often facilitated by terminology databases. However, building up such resources is expensive to produce manually and requires expert knowledge. Automatically generating definitions for scientific terms has become a hot research topic recently that can reduce the manual burden. However, current methods heavily rely on large language models (LLMs) that store factual knowledge in their parameters, so that knowledge cannot be easily updated for emerging scientific terms. Furthermore, a major shortcoming of these models is that they are prone to hallucination and their output is difficult to control. To bridge these gaps, we propose to address the task of definition generation through guided abstractive summarization, incorporating key information from external resources. At test time, we augment the model with retrieved abstracts from Scopus and use automatically extracted topics and keywords as guidance, both essential for definition generation. To this aim, our approach takes into account two relevant sub-tasks in the process, a) predicting the topic class and b) generating hypernym candidates for the term. Our proposed pipelined approach for automatic guided definition generation achieves significant performance improvement over the standard baselines as well as relevant prior works on this problem. We use BLEU, ROUGE and BERTScore to automatically evaluate the quality of the systems on our benchmark and carry out a human evaluation to assess fluency, relevancy, coherence and factuality of the output. Our experiments show that LLMs can provide fluent and coherent definitions, and are often on par with human created definitions. Yet, there is still room for improvement on identifying relevant content and improving factual correctness.",not available,not available,"Zielinski A,Hirzel S,Arnold-Keifer S"
10.1145/3681788,not available,not available,not available,Journal Article,not available,not available,not available,2024-10,not available,https://doi.org/10.1145/3681788;http://dx.doi.org/10.1145/3681788,"Tunisian dialect, finite-state transducer, sequence-to-sequence transformer, machine translation",not available,not available,not available,"New York, NY, USA",ACM Trans. Asian Low-Resour. Lang. Inf. Process.,not available,not available,not available,not available,not available,not available,not available,not available,not available,not available,not available,not available,not available,not available,not available,not available,not available,not available,not available,not available,not available,not available,not available,not available,not available,not available,not available,not available,2024.0,2375-4699,Association for Computing Machinery,not available,not available,not available,not available,not available,not available,not available,not available,not available,not available,not available,not available,not available,not available,not available,not available,Translation from Tunisian Dialect to Modern Standard Arabic: Exploring Finite-State Transducers and Sequence-to-Sequence Transformer Approaches,not available,"Translation from the mother tongue, including the Tunisian dialect, to modern standard Arabic is a highly significant field in natural language processing due to its wide range of applications and associated benefits. Recently, researchers have shown increased interest in the Tunisian dialect, primarily driven by the massive volume of content generated spontaneously by Tunisians on social media following the revolution. This article presents two distinct translators for converting the Tunisian dialect into Modern Standard Arabic. The first translator utilizes a rule-based approach, employing a collection of finite state transducers and a bilingual dictionary derived from the study corpus. On the other hand, the second translator relies on deep learning models, specifically the sequence-to-sequence transformer model and a parallel corpus. To assess, evaluate, and compare the performance of the two translators, we conducted tests using a parallel corpus comprising 8,599 words. The results achieved by both translators are noteworthy. The translator based on finite state transducers achieved a BLEU score of 56.65, while the transformer model-based translator achieved a higher score of 66.07.",10.0,23.0,"Torjmen R,Haddar K"
10.1155/2021/9975078,not available,not available,not available,not available,not available,not available,not available,not available,not available,not available,not available,not available,not available,not available,not available,not available,not available,not available,not available,not available,not available,not available,not available,not available,not available,not available,not available,not available,not available,not available,not available,not available,not available,not available,not available,not available,not available,not available,not available,not available,not available,not available,not available,not available,not available,not available,not available,"Mi, Chenggang (56437926000); Zhu, Shaolin (57195195979); Nie, Rui (57223008003)",56437926000; 57195195979; 57223008003,Computational Intelligence and Neuroscience,9975078,not available,not available,0.0,3.0,https://www.scopus.com/inward/record.uri?eid=2-s2.0-85104457167&doi=10.1155%2F2021%2F9975078&partnerID=40&md5=a269b69fdd8251af90a61172fc28b261,Computer aided language translation; Embeddings; Constraint-based; Cross-lingual information retrieval; Data augmentation; Identification model; Low resource languages; Machine translations; Multiple feature fusion; NAtural language processing; Natural language processing systems; information retrieval; language; natural language processing; Russian Federation; speech; Information Storage and Retrieval; Language; Natural Language Processing; Russia; Speech,Article,Final,All Open Access; Gold Open Access; Green Final Open Access; Green Open Access,Scopus,2-s2.0-85104457167,2021.0,Improving Loanword Identification in Low-Resource Language with Data Augmentation and Multiple Feature Fusion,Computer Aided Language Translation; Embeddings; Constraint-based; Cross-lingual Information Retrieval; Data Augmentation; Identification Model; Low Resource Languages; Machine Translations; Multiple Feature Fusion; Natural Language Processing; Natural Language Processing Systems; Information Retrieval; Language; Natural Language Processing; Russian Federation; Speech; Information Storage And Retrieval; Language; Natural Language Processing; Russia; Speech,"Loanword identification is studied in recent years to alleviate data sparseness in several natural language processing (NLP) tasks, such as machine translation, cross-lingual information retrieval, and so on. However, recent studies on this topic usually put efforts on high-resource languages (such as Chinese, English, and Russian); for low-resource languages, such as Uyghur and Mongolian, due to the limitation of resources and lack of annotated data, loanword identification on these languages tends to have lower performance. To overcome this problem, we first propose a lexical constraint-based data augmentation method to generate training data for low-resource language loanword identification; then, a loanword identification model based on a log-linear RNN is introduced to improve the performance of low-resource loanword identification by incorporating features such as word-level embeddings, character-level embeddings, pronunciation similarity, and part-of-speech (POS) into one model. Experimental results on loanword identification in Uyghur (in this study, we mainly focus on Arabic, Chinese, Russian, and Turkish loanwords in Uyghur) showed that our proposed method achieves best performance compared with several strong baseline systems. © 2021 Elsevier B.V., All rights reserved.",not available,2021,"C., Mi, Chenggang; S., Zhu, Shaolin; R., Nie, Rui"
10.1162/nol_a_00006,not available,not available,not available,not available,not available,not available,not available,not available,not available,not available,not available,not available,not available,not available,not available,not available,not available,not available,not available,not available,not available,not available,not available,not available,not available,not available,not available,not available,not available,not available,not available,not available,not available,not available,not available,not available,not available,not available,not available,not available,not available,not available,not available,not available,not available,not available,not available,"Brothers, Trevor A. (56396411100); Wlotko, Edward W. (11241560600); Warnke, Lena (57216452319); Kuperberg, Gina R. (7003545173)",56396411100; 11241560600; 57216452319; 7003545173,Neurobiology of Language,not available,135.0,160.0,0.0,66.0,https://www.scopus.com/inward/record.uri?eid=2-s2.0-85091381232&doi=10.1162%2Fnol_a_00006&partnerID=40&md5=563ce07b614f379553acf482f8fc11bd,not available,Article,Final,All Open Access; Gold Open Access; Green Accepted Open Access; Green Final Open Access; Green Open Access,Scopus,2-s2.0-85091381232,2020.0,Going the Extra Mile: Effects of Discourse Context on Two Late Positivities During Language Comprehension,Discourse; Event-related Potential (erp); Frontal Positivity; P600; Prediction,"During language comprehension, online neural processing is strongly influenced by the constraints of the prior context. Although the N400 event-related potential (ERP) response (300–500 ms) is known to be sensitive to a word’s semantic predictability, less is known about a set of late positive-going ERP responses (600–1,000 ms) that can be elicited when an incoming word violates strong predictions about upcoming content (late frontal positivity) or about what is possible given the prior context (late posterior positivity/ P600). Across three experiments, we systematically manipulated the length of the prior context and the source of lexical constraint to determine their influence on comprehenders’ online neural responses to these two types of prediction violations. In Experiment 1, within minimal contexts, both lexical prediction violations and semantically anomalous words produced a larger N400 than expected continuations ( James unlocked the door/laptop/gardener), but no late positive effects were observed. Critically, the late posterior positivity/ P600 to semantic anomalies appeared when these same sentences were embedded within longer discourse contexts (Experiment 2a), and the late frontal positivity appeared to lexical prediction violations when the preceding context was rich and globally constraining (Experiment 2b). We interpret these findings within a hierarchical generative framework of language comprehension. This framework highlights the role of comprehension goals and broader linguistic context, and how these factors influence both top-down prediction and the decision to update or reanalyze the prior context when these predictions are violated. © 2021 Elsevier B.V., All rights reserved.",1.0,1,"T.A., Brothers, Trevor A.; E.W., Wlotko, Edward W.; L., Warnke, Lena; G.R., Kuperberg, Gina R."
10.1162/tacl_a_00368,not available,1,2021.tacl,not available,not available,not available,not available,not available,not available,not available,not available,not available,not available,not available,"Cambridge, MA",not available,Trans. Assoc. Comput. Linguistics,not available,Journal Articles,open,journals/tacl/XuC21,https://doi.org/10.1162/tacl_a_00368,https://dblp.org/rec/journals/tacl/XuC21,12.0,311–328,not available,not available,not available,not available,not available,not available,not available,not available,not available,not available,not available,not available,not available,not available,not available,not available,not available,not available,not available,not available,not available,MIT Press,"Xu, Weijia (8911044800); Carpuat, Marine (8915594500)",8911044800; 8915594500,Transactions of the Association for Computational Linguistics,not available,311.0,328.0,0.0,35.0,https://www.scopus.com/inward/record.uri?eid=2-s2.0-85110439852&doi=10.1162%2Ftacl_a_00368&partnerID=40&md5=c410e7af44960abc0000840e255f3406,Computational linguistics; Computer aided language translation; Decoding; Auto-regressive; Beam search; Constrained beams; Decoding speed; Fast decoding; Imitation learning; Lexical choice; Romanians; Sequence generation; Translation quality; Neural machine translation,Article,Final,All Open Access; Gold Open Access; Green Accepted Open Access; Green Open Access,Scopus,2-s2.0-85110439852,2021.0,EDITOR: An Edit-Based Transformer with Repositioning for Neural Machine Translation with Soft Lexical Constraints,Computational Linguistics; Computer Aided Language Translation; Decoding; Auto-regressive; Beam Search; Constrained Beams; Decoding Speed; Fast Decoding; Imitation Learning; Lexical Choice; Romanians; Sequence Generation; Translation Quality; Neural Machine Translation,"We introduce an Edit-Based TransfOrmer with Repositioning (EDITOR), which makes sequence generation flexible by seamlessly allowing users to specify preferences in output lexical choice. Building on recent models for non-autoregressive sequence generation (Gu et al., 2019), EDITOR generates new sequences by iteratively editing hypotheses. It relies on a novel reposition operation designed to disentangle lexical choice from word positioning decisions, while enabling efficient oracles for imitation learning and parallel edits at decoding time. Empirically, EDITOR uses soft lexical constraints more effectively than the Levenshtein Transformer (Gu et al., 2019) while speeding up decoding dramatically compared to constrained beam search (Post and Vilar, 2018). EDITOR also achieves comparable or better translation quality with faster decoding speed than the Levenshtein Transformer on standard Romanian-English, English-German, and English-Japanese machine translation tasks.",not available,9,"Weijia Xu, Marine Carpuat"
10.1515/9781501511707-004,not available,not available,not available,not available,not available,not available,not available,not available,not available,not available,not available,not available,not available,not available,not available,not available,not available,not available,not available,not available,not available,not available,not available,not available,not available,not available,not available,not available,not available,not available,not available,not available,not available,not available,not available,not available,not available,not available,not available,not available,not available,not available,not available,not available,not available,not available,not available,"Dunn, Jonathan (57220656180)",57220656180,not available,not available,55.0,76.0,0.0,0.0,https://www.scopus.com/inward/record.uri?eid=2-s2.0-85097358709&doi=10.1515%2F9781501511707-004&partnerID=40&md5=d6fc577d222cb2414d5da32b6c7a50ff,not available,Book chapter,Final,not available,Scopus,2-s2.0-85097358709,2020.0,Ontological and grammatical constraints on metaphor productivity,Conceptual Mapping; Lexicon; Metaphor; Ontology; Script,"Traditional approaches view metaphor as a semantic/pragmatic phenomenon that occurs at a conceptual level as mappings between independent concepts. These conceptual mappings are then lexicalized into observed metaphoric expressions. In this view, the lexical and grammatical structure of a metaphoric expression is not relevant to the underlying metaphor’s level of productivity. This paper argues that lexical constraints, ontological constraints, and grammatical constraints are all required to explain the productivity of metaphors. The productivity of metaphor lexicalizations is used to argue for the usefulness of a systematic script-based and ontology-based approach to meaning. © 2020 Elsevier B.V., All rights reserved.",not available,not available,"J., Dunn, Jonathan"
10.1515/opli-2022-0271,not available,not available,not available,not available,not available,not available,not available,not available,not available,not available,not available,not available,not available,not available,not available,not available,not available,not available,not available,not available,not available,not available,not available,not available,not available,not available,not available,not available,not available,not available,not available,not available,not available,not available,not available,not available,not available,not available,not available,not available,not available,not available,not available,not available,not available,not available,not available,"Walker, Katherine (58732769700); Faghiri, Pegah (57198815534)",58732769700; 57198815534,Open Linguistics,20220271,not available,not available,0.0,0.0,https://www.scopus.com/inward/record.uri?eid=2-s2.0-85180927680&doi=10.1515%2Fopli-2022-0271&partnerID=40&md5=1f76ab000e9c9849003c850af7840725,not available,Editorial,Final,All Open Access; Gold Open Access,Scopus,2-s2.0-85180927680,2023.0,Introduction to Lexical constraints in grammar: Minority verb classes and restricted alternations,Alternation; Grammatical Relations; Lexical Constraints; Token-based Typology,[No abstract available],1.0,9,"K., Walker, Katherine; P., Faghiri, Pegah"
10.15304/verba.51.8635,not available,not available,not available,not available,not available,not available,not available,not available,not available,not available,not available,not available,not available,not available,not available,not available,not available,not available,not available,not available,not available,not available,not available,not available,not available,not available,not available,not available,not available,not available,not available,not available,not available,not available,not available,not available,not available,not available,not available,not available,not available,not available,not available,not available,not available,not available,not available,"Batiukova, Olga (6506170428)",6506170428,Verba,not available,not available,not available,0.0,0.0,https://www.scopus.com/inward/record.uri?eid=2-s2.0-85205999723&doi=10.15304%2Fverba.51.8635&partnerID=40&md5=fc1e8143619d7076003310ab819d51cd,not available,Article,Final,All Open Access; Gold Open Access,Scopus,2-s2.0-85205999723,2024.0,Lexical constraints on the informativeness of the <Participle + Noun> construction; Restricciones léxicas sobre la informatividad de la construcción <Nombre + Participio>,Compositional Mechanisms; Infolexis; Informativeness; Qualia,"This paper researches the role that lexical semantics and compositional mechanisms play in the assessment of informativeness at the phrasal and clausal levels. By way of illustration, the contrast between certain predicative and modification constructions, such as build a house - ? a built house will be discussed. The ill-formedness of the second member of this pair of related expressions can be accounted for by means of an approach based on the qualia structure of the head noun and the way in which the participle binds one of its values. More specifically, the paper will introduce a general constraint on the informativeness of constructions with a participial modifier which prevents the reference of the modifier to the default qualia values as encoded in the lexical entry of the noun. Based on this constraint, a set of specific predictions affecting different groups of verbs and nouns will be derived, which I will verify by looking into the distributional properties of the <Participle + Noun> expressions in corpus data. © 2024 Elsevier B.V., All rights reserved.",not available,51,"O., Batiukova, Olga"
10.1609/aaai.v35i14.17536,not available,not available,not available,not available,not available,not available,not available,not available,not available,not available,not available,not available,not available,not available,not available,not available,not available,not available,not available,not available,not available,not available,not available,not available,not available,not available,not available,not available,not available,not available,not available,not available,not available,not available,not available,not available,not available,not available,not available,not available,not available,not available,not available,not available,not available,not available,not available,"He, Xingwei (57271421600); Li, Victor On Kwok (7202621685)",57271421600; 7202621685,not available,not available,12989.0,12997.0,0.0,21.0,https://www.scopus.com/inward/record.uri?eid=2-s2.0-85116628084&doi=10.1609%2Faaai.v35i14.17536&partnerID=40&md5=167179b59afc8241b06f66073caa45d2,Artificial intelligence; Monte Carlo methods; Infilling; Machine translations; Markov chain monte carlo samplings; Prior-knowledge; Response generation; Synthetic data; Two-step approach; Markov processes,Conference paper,Final,All Open Access; Gold Open Access; Green Accepted Open Access; Green Open Access,Scopus,2-s2.0-85116628084,2021.0,Show Me How to Revise: Improving Lexically Constrained Sentence Generation with XLNet,Artificial Intelligence; Monte Carlo Methods; Infilling; Machine Translations; Markov Chain Monte Carlo Samplings; Prior-knowledge; Response Generation; Synthetic Data; Two-step Approach; Markov Processes,"Lexically constrained sentence generation allows the incorporation of prior knowledge such as lexical constraints into the output. This technique has been applied to machine translation, and dialog response generation. Previous work usually used Markov Chain Monte Carlo (MCMC) sampling to generate lexically constrained sentences, but they randomly determined the position to be edited and the action to be taken, resulting in many invalid refinements. To overcome this challenge, we used a classifier to instruct the MCMCbased models where and how to refine the candidate sentences. First, we developed two methods to create synthetic data on which the pre-trained model is fine-tuned to obtain a reliable classifier. Next, we proposed a two-step approach, ""Predict and Revise"", for constrained sentence generation. During the predict step, we leveraged the classifier to compute the learned prior for the candidate sentence. During the revise step, we resorted to MCMC sampling to revise the candidate sentence by conducting a sampled action at a sampled position drawn from the learned prior. We compared our proposed models with many strong baselines on two tasks, generating sentences with lexical constraints and text infilling. Experimental results have demonstrated that our proposed model performs much better than the previous work in terms of sentence fluency and diversity. Our code, pre-trained models and Appendix are available at https://github.com/NLPCode/MCMCXLNet. © 2024 Elsevier B.V., All rights reserved.",not available,14B,"X., He, Xingwei; V.O.K., Li, Victor On Kwok"
10.1609/aaai.v36i11.21642,not available,not available,not available,not available,not available,not available,not available,not available,not available,not available,not available,not available,not available,not available,not available,not available,not available,not available,not available,not available,not available,not available,not available,not available,not available,not available,not available,not available,not available,not available,not available,not available,not available,not available,not available,not available,not available,not available,not available,not available,not available,not available,not available,not available,not available,not available,not available,"Ma, Chang (58133851600); Zhang, Song (59789762600); Shen, Gehui (57208506923); Deng, Zhihong (55449468300)",58133851600; 59789762600; 57208506923; 55449468300,not available,not available,13011.0,13012.0,0.0,3.0,https://www.scopus.com/inward/record.uri?eid=2-s2.0-85147604007&doi=10.1609%2Faaai.v36i11.21642&partnerID=40&md5=53ee9999f9a69375cf280a580502f57d,Abstracting; Artificial intelligence; Natural language processing systems; Fluents; Language model; Multiple domains; Natural language generation; Real-world; Text generations; Modeling languages,Conference paper,Final,All Open Access; Gold Open Access,Scopus,2-s2.0-85147604007,2022.0,Switch-GPT: An Effective Method for Constrained Text Generation under Few-Shot Settings (Student Abstract),Abstracting; Artificial Intelligence; Natural Language Processing Systems; Fluents; Language Model; Multiple Domains; Natural Language Generation; Real-world; Text Generations; Modeling Languages,"In real-world applications of natural language generation, target sentences are often required to satisfy some lexical constraints. However, the success of most neural-based models relies heavily on data, which is infeasible for data-scarce new domains. In this work, we present FewShotAmazon, the first benchmark for the task of Constrained Text Generation under few-shot settings on multiple domains. Further, we propose the Switch-GPT model, in which we utilize the strong language modeling capacity of GPT-2 to generate fluent and well-formulated sentences, while using a light attention module to decide which constraint to attend to at each step. Experiments show that the proposed Switch-GPT model is effective and remarkably outperforms the baselines. Codes will be available at https://github.com/chang-github-00/Switch-GPT. © 2025 Elsevier B.V., All rights reserved.",not available,36,"C., Ma, Chang; S., Zhang, Song; G., Shen, Gehui; Z., Deng, Zhihong"
10.1613/jair.1.17654,not available,not available,not available,Journal Article,not available,not available,not available,2025-04,not available,https://doi.org/10.1613/jair.1.17654;http://dx.doi.org/10.1613/jair.1.17654,"decision trees, machine learning, neural networks, probabilistic reasoning",not available,not available,not available,"El Segundo, CA, USA",J. Artif. Int. Res.,not available,not available,not available,not available,not available,not available,not available,not available,not available,not available,not available,not available,not available,not available,not available,not available,not available,not available,not available,not available,not available,not available,not available,not available,not available,not available,not available,not available,2025.0,1076-9757,AI Access Foundation,not available,not available,not available,not available,not available,not available,not available,not available,not available,not available,not available,not available,not available,not available,not available,not available,Against The Achilles' Heel: A Survey on Red Teaming for Generative Models,not available,"Generative models are rapidly gaining popularity and being integrated into everyday applications, raising concerns over their safe use as various vulnerabilities are exposed. In light of this, the field of red teaming is undergoing fast-paced growth, highlighting the need for a comprehensive survey covering the entire pipeline and addressing emerging topics. Our extensive survey, which examines over 120 papers, introduces a taxonomy of fine-grained attack strategies grounded in the inherent capabilities of language models. Additionally, we have developed the “searcher” framework to unify various automatic red teaming approaches. Moreover, our survey covers novel areas including multimodal attacks and defenses, risks around LLM-based agents, overkill of harmless queries, and the balance between harmlessness and helpfulness. Warning: This paper contains examples that may be offensive, harmful, or biased.",not available,82.0,"Lin L,Mu H,Zhai Z,Wang M,Wang Y,Wang R,Gao J,Zhang Y,Che W,Baldwin T,Han X,Li H"
10.16995/glossa.17889,not available,not available,not available,not available,not available,not available,not available,not available,not available,not available,not available,not available,not available,not available,not available,not available,not available,not available,not available,not available,not available,not available,not available,not available,not available,not available,not available,not available,not available,not available,not available,not available,not available,not available,not available,not available,not available,not available,not available,not available,not available,not available,not available,not available,not available,not available,not available,"Martínez-García, Carlos (58997897800); Rinke, Esther (36188512100); Kerezova, Nelli (59671982700)",58997897800; 36188512100; 59671982700,Glossa,not available,not available,not available,0.0,0.0,https://www.scopus.com/inward/record.uri?eid=2-s2.0-86000150492&doi=10.16995%2Fglossa.17889&partnerID=40&md5=6407bc26723449c177e53c0cca3065d2,not available,Article,Final,All Open Access; Gold Open Access,Scopus,2-s2.0-86000150492,2025.0,Indefinite object drop is lexically constrained,not available,"This paper discusses the lexical constraints regulating the occurrence of indefinite null objects in European Spanish in comparison to European Portuguese. Based on previous research and corpus data, we suggest that the distribution of indefinite null objects is determined by the lexical constraints governing the distribution of object bare nouns. We propose that a predicate’s ability to allow for certain types of bare nouns predicts its capacity to permit corresponding indefinite null objects. Specifically, predicates that allow for object bare plurals and object mass nouns also allow for indefinite null objects referring to these types of bare nouns, while those permitting bare singulars allow for indefinite null objects referring to all types of bare nouns. Conversely, predicates that do not allow for any kind of object bare nouns do also not allow for indefinite null objects. The theoretical advantage of this proposal is that the distribution of indefinite object drop in Spanish is derived from the distribution of object bare nouns, not from a newly posited grammatical mechanism. Additionally, we propose a universal implicational hierarchy wherein languages with fewer restrictions on object bare nouns are more likely to allow for indefinite null objects. Our examination of European Portuguese data shows that EP is more permissive with regard to indefinite null objects and supports this hierarchy account, demonstrating its applicability to crosslinguistic patterns of different types of null objects and object bare nouns. © 2025 Elsevier B.V., All rights reserved.",not available,10,"C., Martínez-García, Carlos; E., Rinke, Esther; N., Kerezova, Nelli"
10.16995/glossa.6556,not available,not available,not available,not available,not available,not available,not available,not available,not available,not available,not available,not available,not available,not available,not available,not available,not available,not available,not available,not available,not available,not available,not available,not available,not available,not available,not available,not available,not available,not available,not available,not available,not available,not available,not available,not available,not available,not available,not available,not available,not available,not available,not available,not available,not available,not available,not available,"Puech, Gilbert (57352265800)",57352265800,Glossa,not available,not available,not available,0.0,0.0,https://www.scopus.com/inward/record.uri?eid=2-s2.0-85159054807&doi=10.16995%2Fglossa.6556&partnerID=40&md5=24a6e456b5bdcf2e728bf945cd1a1f90,not available,Article,Final,All Open Access; Gold Open Access,Scopus,2-s2.0-85159054807,2023.0,"Stem configurations, lexical items, and phonological words in Maltese",not available,"Maltese is the ‘national’ language of the people in the sister-islands of Malta and Gozo. Originally Arabic, Maltese vocabulary has been massively expanded by borrowings from Romance (Sicilian/Italian), and more recently English. Influential contributions in (post) generative phonology and Optimality Theory claim that Maltese phonology is based on the interaction of (Palestinian Arabic type) stress assignment with syncope, and cyclic application of rules/constraints. This approach fails in some cases for Semitic Maltese, and is inoperative for borrowed vocabulary. I argue for distributing morphological constituents in three domains. The stem-domain heads a radical base, to which a preformative morph may be incorporated, and inflectional circumfixes. The Lexical-item domain heads the stem-node to which (in) direct pronominal objects may be concatenated. Clitics are adjoined to the phonological-word domain. All exponents are mapped on the linearized segmental tier. Trochaic stems satisfying morpho-lexical constraints are built in a pre-lexical phase. Vocalism is underlyingly specified or assigned by default, including ‘reverse-imāla’. In a lexical phase, OCP and Licensing shape syllabic stem-profiles to satisfy morpho-prosodic constraints. In the post-lexical phase, surface forms are generated by application of phonological processes: stress assignment, vowel length and quality, voice alteration in obstruents. A model of ‘Weak CV Phonology’, distantly related to Strict CV Phonology, is drawn up. Segmental representations are analyzed in monovalent elements. Maltese has often been presented as a ‘mixed’ language with two strata of vocabulary and two morphologies: root-and-pattern, non-concatenative for template-bound vocabulary, and concatenative for loan-words. I claim that Maltese consistently requires templatic, concatenative and word-based morphology. © 2023 Elsevier B.V., All rights reserved.",1.0,8,"G., Puech, Gilbert"
10.18653/v1/2020.acl-main.325,July,main,2020.acl,not available,not available,not available,not available,not available,not available,not available,not available,not available,not available,not available,Online,not available,not available,not available,not available,not available,not available,not available,not available,0.0,3536–3543,not available,not available,not available,not available,not available,not available,not available,not available,not available,not available,not available,not available,not available,not available,not available,not available,not available,not available,not available,not available,not available,Association for Computational Linguistics,not available,not available,not available,not available,not available,not available,not available,not available,not available,not available,not available,not available,not available,not available,not available,2020.0,Lexically Constrained Neural Machine Translation with Levenshtein Transformer,not available,"This paper proposes a simple and effective algorithm for incorporating lexical constraints in neural machine translation. Previous work either required re-training existing models with the lexical constraints or incorporating them during beam search decoding with significantly higher computational overheads. Leveraging the flexibility and speed of a recently proposed Levenshtein Transformer model (Gu et al., 2019), our method injects terminology constraints at inference time without any impact on decoding speed. Our method does not require any modification to the training procedure and can be easily applied at runtime with custom dictionaries. Experiments on English-German WMT datasets show that our approach improves an unconstrained baseline and previous approaches.",not available,not available,"Raymond Hendy Susanto, Shamil Chollampatt, Liling Tan"
10.18653/v1/2020.coling-main.321,December,main,2020.coling,not available,not available,not available,not available,not available,not available,not available,not available,not available,not available,not available,"Barcelona, Spain (Online)",not available,not available,not available,not available,not available,not available,not available,not available,1.0,3599–3609,not available,not available,not available,not available,not available,not available,not available,not available,not available,not available,not available,not available,not available,not available,not available,not available,not available,not available,not available,not available,not available,International Committee on Computational Linguistics,not available,not available,not available,not available,not available,not available,not available,not available,not available,not available,not available,not available,not available,not available,not available,2020.0,Specializing Word Vectors by Spectral Decomposition on Heterogeneously Twisted Graphs,not available,"Traditional word vectors, such as word2vec and glove, have a well-known inclination to conflate the semantic similarity with other semantic relations. A retrofitting procedure may be needed to solve this issue. In this work, we propose a new retrofitting method called Heterogeneously Retrofitted Spectral Word Embedding. It heterogeneously twists the similarity matrix of word pairs with lexical constraints. A new set of word vectors is generated by a spectral decomposition of the similarity matrix, which has a linear algebraic analytic form. Our method has a competitive performance compared with the state-of-the-art retrofitting method such as AR (CITATION). In addition, since our embedding has a clear linear algebraic relationship with the similarity matrix, we carefully study the contribution of each component in our model. Last but not least, our method is very efficient to execute.",not available,not available,"Yuanhang Ren, Ye Du"
10.18653/v1/2020.emnlp-main.698,November,main,2020.emnlp,not available,not available,not available,not available,not available,not available,not available,not available,not available,not available,not available,Online,not available,not available,not available,not available,not available,not available,not available,not available,2.0,8649–8670,not available,not available,not available,not available,not available,not available,not available,not available,not available,not available,not available,not available,not available,not available,not available,not available,not available,not available,not available,not available,not available,Association for Computational Linguistics,not available,not available,not available,not available,not available,not available,not available,not available,not available,not available,not available,not available,not available,not available,not available,2020.0,POINTER: Constrained Progressive Text Generation via Insertion-based Generative Pre-training,not available,"Large-scale pre-trained language models, such as BERT and GPT-2, have achieved excellent performance in language representation learning and free-form text generation. However, these models cannot be directly employed to generate text under specified lexical constraints. To address this challenge, we present POINTER (PrOgressive INsertion-based TransformER), a simple yet novel insertion-based approach for hard-constrained text generation. The proposed method operates by progressively inserting new tokens between existing tokens in a parallel manner. This procedure is recursively applied until a sequence is completed. The resulting coarse-to-fine hierarchy makes the generation process intuitive and interpretable. We pre-train our model with the proposed progressive insertion-based objective on a 12GB Wikipedia dataset, and fine-tune it on downstream hard-constrained generation tasks. Non-autoregressive decoding yields a logarithmic time complexity during inference time. Experimental results on both News and Yelp datasets demonstrate that Pointer achieves state-of-the-art performance on constrained text generation. We released the pre-trained models and the source code to facilitate future research.",not available,not available,"Yizhe Zhang, Guoyin Wang, Chunyuan Li, Zhe Gan, Chris Brockett, Bill Dolan"
10.18653/v1/2020.emnlp-main.701,November,main,2020.emnlp,not available,not available,not available,not available,not available,not available,not available,not available,not available,not available,not available,Online,not available,not available,not available,not available,not available,not available,not available,not available,3.0,8692–8703,not available,not available,not available,not available,not available,not available,not available,not available,not available,not available,not available,not available,not available,not available,not available,not available,not available,not available,not available,not available,not available,Association for Computational Linguistics,"Sha, Lei (56441043200)",56441043200,not available,not available,8692.0,8703.0,0.0,43.0,https://www.scopus.com/inward/record.uri?eid=2-s2.0-85101661795&doi=10.18653%2Fv1%2F2020.emnlp-main.701&partnerID=40&md5=8e362ef11ccc4f7e3a7686c3891631a5,Computational linguistics; Natural language processing systems; Stochastic systems; Beam search; Natural language generation; Optimal solutions; Real-world; Search spaces; Search-based; Searching methods; Stochastic search methods; Stochastic searching; Text generations; Constrained optimization,Conference paper,Final,All Open Access; Hybrid Gold Open Access,Scopus,2-s2.0-85101661795,2020.0,Gradient-guided Unsupervised Lexically Constrained Text Generation,Computational Linguistics; Natural Language Processing Systems; Stochastic Systems; Beam Search; Natural Language Generation; Optimal Solutions; Real-world; Search Spaces; Search-based; Searching Methods; Stochastic Search Methods; Stochastic Searching; Text Generations; Constrained Optimization,"Lexically constrained generation requires the target sentence to satisfy some lexical constraints, such as containing some specific words or being the paraphrase to a given sentence, which is very important in many real-world natural language generation applications. Previous works usually apply beam-search-based methods or stochastic searching methods to lexically-constrained generation. However, when the search space is too large, beam-search-based methods always fail to find the constrained optimal solution. At the same time, stochastic search methods always cost too many steps to find the correct optimization direction. In this paper, we propose a novel method G2LC to solve the lexically-constrained generation as an unsupervised gradient-guided optimization problem. We propose a differentiable objective function and use the gradient to help determine which position in the sequence should be changed (deleted or inserted/replaced by another word). The word updating process of the inserted/replaced word also benefits from the guidance of gradient. Besides, our method is free of parallel data training, which is flexible to be used in the inference stage of any pre-trained generation model. We apply G2LC to two generation tasks: keyword-to-sentence generation and unsupervised paraphrase generation. The experiment results show that our method achieves state-of-the-art compared to previous lexically-constrained methods.",not available,not available,Lei Sha
10.18653/v1/2021.acl-long.9,August,long,2021.acl,not available,not available,not available,not available,not available,not available,not available,not available,not available,not available,not available,Online,not available,not available,not available,not available,not available,not available,not available,not available,4.0,103–113,not available,not available,not available,not available,not available,not available,not available,not available,not available,not available,not available,not available,not available,not available,not available,not available,not available,not available,not available,not available,not available,Association for Computational Linguistics,"Wang, Yufei (58747837700); Wood, Ian David (56564912800); Wan, Stephen (35088889600); Dras, Mark (14028410200); Johnson, Mark E. (55574223118)",58747837700; 56564912800; 35088889600; 14028410200; 55574223118,not available,not available,103.0,113.0,0.0,26.0,https://www.scopus.com/inward/record.uri?eid=2-s2.0-85118948103&doi=10.18653%2Fv1%2F2021.acl-long.9&partnerID=40&md5=62851196e197c1150b79fa6193677d09,Computational linguistics; Decoding; Baseline models; Common sense; Constrained decoding; Constraint Satisfaction; Decoding algorithm; Generation algorithm; State-of-the-art performance; Text generations; Text generators; Text qualities; Signal encoding,Conference paper,Final,All Open Access; Hybrid Gold Open Access,Scopus,2-s2.0-85118948103,2021.0,Mention Flags (MF): Constraining Transformer-based Text Generators,Computational Linguistics; Decoding; Baseline Models; Common Sense; Constrained Decoding; Constraint Satisfaction; Decoding Algorithm; Generation Algorithm; State-of-the-art Performance; Text Generations; Text Generators; Text Qualities; Signal Encoding,"This paper focuses on Seq2Seq (S2S) constrained text generation where the text generator is constrained to mention specific words which are inputs to the encoder in the generated outputs. Pre-trained S2S models or a Copy Mechanism are trained to copy the surface tokens from encoders to decoders, but they cannot guarantee constraint satisfaction. Constrained decoding algorithms always produce hypotheses satisfying all constraints. However, they are computationally expensive and can lower the generated text quality. In this paper, we propose Mention Flags (MF), which traces whether lexical constraints are satisfied in the generated outputs in an S2S decoder. The MF models can be trained to generate tokens in a hypothesis until all constraints are satisfied, guaranteeing high constraint satisfaction. Our experiments on the Common Sense Generation task (CommonGen) (Lin et al., 2020), End2end Restaurant Dialog task (E2ENLG) (Duˇsek et al., 2020) and Novel Object Captioning task (nocaps) (Agrawal et al., 2019) show that the MF models maintain higher constraint satisfaction and text quality than the baseline models and other constrained decoding algorithms, achieving state-of-the-art performance on all three tasks. These results are achieved with a much lower run-time than constrained decoding algorithms. We also show that the MF models work well in the low-resource setting.",not available,1,"Yufei Wang, Ian Wood, Stephen Wan, Mark Dras, Mark Johnson"
10.18653/v1/2021.eacl-main.313,April,main,2021.eacl,not available,not available,not available,not available,not available,not available,not available,not available,not available,not available,not available,Online,not available,not available,not available,not available,not available,not available,not available,not available,5.0,3590–3599,not available,not available,not available,not available,not available,not available,not available,not available,not available,not available,not available,not available,not available,not available,not available,not available,not available,not available,not available,not available,not available,Association for Computational Linguistics,not available,not available,not available,not available,not available,not available,not available,not available,not available,not available,not available,not available,not available,not available,not available,2021.0,Enconter: Entity Constrained Progressive Sequence Generation via Insertion-based Transformer,not available,"Pretrained using large amount of data, autoregressive language models are able to generate high quality sequences. However, these models do not perform well under hard lexical constraints as they lack fine control of content generation process. Progressive insertion based transformers can overcome the above limitation and efficiently generate a sequence in parallel given some input tokens as constraint. These transformers however may fail to support hard lexical constraints as their generation process is more likely to terminate prematurely. The paper analyses such early termination problems and proposes the ENtity CONstrained insertion TransformER(ENCONTER), a new insertion transformer that addresses the above pitfall without compromising much generation efficiency. We introduce a new training strategy that considers predefined hard lexical constraints (e.g., entities to be included in the generated sequence). Our experiments show that ENCONTER outperforms other baseline models in several performance metrics rendering it more suitable in practical applications.",not available,not available,"Lee Hsun Hsieh, Yang-Yin Lee, Ee-Peng Lim"
10.18653/v1/2021.emnlp-main.413,November,main,2021.emnlp,not available,not available,not available,not available,not available,not available,not available,not available,not available,not available,not available,"Online and Punta Cana, Dominican Republic",not available,not available,not available,not available,not available,not available,not available,not available,6.0,5063–5074,not available,not available,not available,not available,not available,not available,not available,not available,not available,not available,not available,not available,not available,not available,not available,not available,not available,not available,not available,not available,not available,Association for Computational Linguistics,"Mao, Yuning (57207854266); Ma, Wenchang (57223915700); Lei, Deren (57216694233); Han, Jiawei (24325399900); Ren, Xiang (58619993600)",57207854266; 57223915700; 57216694233; 24325399900; 58619993600,not available,not available,5063.0,5074.0,0.0,2.0,https://www.scopus.com/inward/record.uri?eid=2-s2.0-85127380776&doi=10.18653%2Fv1%2F2021.emnlp-main.413&partnerID=40&md5=edf426f2dd6a5739eea8a3a6624472ed,'current; Current modeling; De-Noise; Evaluation metrics; Language model; Parallel training; Simple++; Systematic analysis; Text generations; Training data; Learning systems,Conference paper,Final,All Open Access; Green Accepted Open Access; Green Open Access; Hybrid Gold Open Access,Scopus,2-s2.0-85127380776,2021.0,"Extract, Denoise and Enforce: Evaluating and Improving Concept Preservation for Text-to-Text Generation",'current; Current Modeling; De-noise; Evaluation Metrics; Language Model; Parallel Training; Simple++; Systematic Analysis; Text Generations; Training Data; Learning Systems,"Prior studies on text-to-text generation typically assume that the model could figure out what to attend to in the input and what to include in the output via seq2seq learning, with only the parallel training data and no additional guidance. However, it remains unclear whether current models can preserve important concepts in the source input, as seq2seq learning does not have explicit focus on the concepts and commonly used evaluation metrics also treat them equally important as other tokens. In this paper, we present a systematic analysis that studies whether current seq2seq models, especially pre-trained language models, are good enough for preserving important input concepts and to what extent explicitly guiding generation with the concepts as lexical constraints is beneficial. We answer the above questions by conducting extensive analytical experiments on four representative text-to-text generation tasks. Based on the observations, we then propose a simple yet effective framework to automatically extract, denoise, and enforce important input concepts as lexical constraints. This new method performs comparably or better than its unconstrained counterpart on automatic metrics, demonstrates higher coverage for concept preservation, and receives better ratings in the human evaluation. Our code is available at https://github.com/morningmoni/EDE.",not available,not available,"Yuning Mao, Wenchang Ma, Deren Lei, Jiawei Han, Xiang Ren"
10.18653/v1/2021.emnlp-main.681,November,main,2021.emnlp,not available,not available,not available,not available,not available,not available,not available,not available,not available,not available,not available,"Online and Punta Cana, Dominican Republic",not available,not available,not available,not available,not available,not available,not available,not available,7.0,8653–8666,not available,not available,not available,not available,not available,not available,not available,not available,not available,not available,not available,not available,not available,not available,not available,not available,not available,not available,not available,not available,not available,Association for Computational Linguistics,"He, Xingwei (57271421600)",57271421600,not available,not available,8653.0,8666.0,0.0,33.0,https://www.scopus.com/inward/record.uri?eid=2-s2.0-85127391948&doi=10.18653%2Fv1%2F2021.emnlp-main.681&partnerID=40&md5=7be73d63429f88db6fa59827b60d1db0,Computational linguistics; Iterative decoding; Decoding process; High quality; Multiple tokens; Parallel refinement; Subtask; Text generations; Signal encoding,Conference paper,Final,All Open Access; Green Accepted Open Access; Green Open Access; Hybrid Gold Open Access,Scopus,2-s2.0-85127391948,2021.0,Parallel Refinements for Lexically Constrained Text Generation with BART,Computational Linguistics; Iterative Decoding; Decoding Process; High Quality; Multiple Tokens; Parallel Refinement; Subtask; Text Generations; Signal Encoding,"Lexically constrained text generation aims to control the generated text by incorporating certain pre-specified keywords into the output. Previous work injects lexical constraints into the output by controlling the decoding process or refining the candidate output iteratively, which tends to generate generic or ungrammatical sentences, and has high computational complexity. To address these challenges, we proposed Constrained BART (CBART) for lexically constrained text generation. CBART leverages the pre-trained model, BART and transfers part of the generation burden from the decoder to the encoder by decomposing this task into two sub-tasks, thereby improving the sentence quality. Concretely, we extended BART by adding a token-level classifier over the encoder, aiming at instructing the decoder where to replace and insert. Guided by the encoder, the decoder refines multiple tokens of the input in one step by inserting tokens before specific positions and re-predicting tokens at a low confidence level. To further reduce the inference latency, the decoder predicts all tokens in parallel. Experiment results on One-Billion-Word and Yelp show that CBART can generate plausible text with high quality and diversity while largely accelerating inference.",not available,not available,Xingwei He
10.18653/v1/2021.findings-acl.125,not available,not available,not available,not available,not available,not available,not available,not available,not available,not available,not available,not available,not available,not available,not available,not available,not available,not available,not available,not available,not available,not available,not available,not available,not available,not available,not available,not available,not available,not available,not available,not available,not available,not available,not available,not available,not available,not available,not available,not available,not available,not available,not available,not available,not available,not available,not available,"Ailem, Melissa (57120206400); Liu, Jinghsu (57221549877); Qader, Raheel (57028309500)",57120206400; 57221549877; 57028309500,not available,not available,1450.0,1455.0,0.0,14.0,https://www.scopus.com/inward/record.uri?eid=2-s2.0-85119244207&doi=10.18653%2Fv1%2F2021.findings-acl.125&partnerID=40&md5=f6c145b571a89346b7fb16c0081f1892,Computational linguistics; Computer aided language translation; Computational overheads; Cross entropy; Entropy loss; High probability; Learn+; New approaches; Training data; Neural machine translation,Conference paper,Final,All Open Access; Green Accepted Open Access; Green Open Access; Hybrid Gold Open Access,Scopus,2-s2.0-85119244207,2021.0,Encouraging Neural Machine Translation to Satisfy Terminology Constraints,Computational Linguistics; Computer Aided Language Translation; Computational Overheads; Cross Entropy; Entropy Loss; High Probability; Learn+; New Approaches; Training Data; Neural Machine Translation,"We present a new approach to encourage neural machine translation to satisfy lexical constraints. Our method acts at the training step and thereby avoiding the introduction of any extra computational overhead at inference step. The proposed method combines three main ingredients. The first one consists in augmenting the training data to specify the constraints. Intuitively, this encourages the model to learn a copy behavior when it encounters constraint terms. Compared to previous work, we use a simplified augmentation strategy without source factors. The second ingredient is constraint token masking, which makes it even easier for the model to learn the copy behavior and generalize better. The third one, is a modification of the standard cross entropy loss to bias the model towards assigning high probabilities to constraint words. Empirical results show that our method improves upon related baselines in terms of both BLEU score and the percentage of generated constraint terms. © 2024 Elsevier B.V., All rights reserved.",not available,not available,"M., Ailem, Melissa; J., Liu, Jinghsu; R., Qader, Raheel"
10.18653/v1/2021.naacl-main.339,June,main,2021.naacl,not available,not available,not available,not available,not available,not available,not available,not available,not available,not available,not available,Online,not available,not available,not available,not available,not available,not available,not available,not available,10.0,4288–4299,not available,not available,not available,not available,not available,not available,not available,not available,not available,not available,not available,not available,not available,not available,not available,not available,not available,not available,not available,not available,not available,Association for Computational Linguistics,"Lu, Ximing (57222033823); West, Peter (57216690053); Zellers, Rowan (57193255202); Le Bras, Ronan (37042388500); Bhagavatula, Chandra Sekhar (57216430904); Choi, Yejin (36172231400)",57222033823; 57216690053; 57193255202; 37042388500; 57216430904; 36172231400,not available,not available,4288.0,4299.0,0.0,78.0,https://www.scopus.com/inward/record.uri?eid=2-s2.0-85132043447&doi=10.18653%2Fv1%2F2021.naacl-main.339&partnerID=40&md5=2e041ec895437b2a65199958f8686f45,Computational linguistics; Computer circuits; Decoding; Effective algorithms; Language model; Large amounts; Large-scales; Learn+; Logic constraints; Predicate logic; Simple++; Text generations; Training data; Inference engines,Conference paper,Final,All Open Access; Green Accepted Open Access; Green Open Access; Hybrid Gold Open Access,Scopus,2-s2.0-85132043447,2021.0,NeuroLogic Decoding: (Un)supervised Neural Text Generation with Predicate Logic Constraints,Computational Linguistics; Computer Circuits; Decoding; Effective Algorithms; Language Model; Large Amounts; Large-scales; Learn+; Logic Constraints; Predicate Logic; Simple++; Text Generations; Training Data; Inference Engines,"Conditional text generation often requires lexical constraints, i.e., which words should or shouldn’t be included in the output text. While the dominant recipe for conditional text generation has been large-scale pretrained language models that are finetuned on the task-specific training data, such models do not learn to follow the underlying constraints reliably, even when supervised with large amounts of task-specific examples. We propose NeuroLogic Decoding, a simple yet effective algorithm that enables neural language models – supervised or not – to generate fluent text while satisfying complex lexical constraints. Our approach is powerful yet efficient. It handles any set of lexical constraints that is expressible under predicate logic, while its asymptotic runtime is equivalent to conventional beam search. Empirical results on four benchmarks show that NeuroLogic Decoding outperforms previous approaches, including algorithms that handle a subset of our constraints. Moreover, we find that unsupervised models with NeuroLogic Decoding often outperform supervised models with conventional decoding, even when the latter is based on considerably larger networks. Our results suggest the limit of large-scale neural networks for fine-grained controllable generation and the promise of inference-time algorithms.",not available,not available,"Ximing Lu, Peter West, Rowan Zellers, Ronan Le Bras, Chandra Bhagavatula, Yejin Choi"
10.18653/v1/2022.acl-long.460,May,long,2022.acl,not available,not available,not available,not available,not available,not available,not available,not available,not available,not available,not available,"Dublin, Ireland",not available,not available,not available,not available,not available,not available,not available,not available,13.0,6675-6689,not available,not available,not available,not available,not available,not available,not available,not available,not available,not available,not available,not available,not available,not available,not available,not available,not available,not available,not available,not available,not available,Association for Computational Linguistics,"Chatterjee, Soumya (57221713755); Sarawagi, Sunita (55968663300); Jyothi, Preethi (35179857100)",57221713755; 55968663300; 35179857100,Proceedings of the Annual Meeting of the Association for Computational Linguistics,not available,6675.0,6689.0,0.0,1.0,https://www.scopus.com/inward/record.uri?eid=2-s2.0-85141297504&doi=10.18653%2Fv1%2F2022.acl-long.460&partnerID=40&md5=bd1cd49d28e8613dc2cfa36197022092,Computational linguistics; Decoding; Inference engines; Machine translation; Alignment error; Alignment technique; Constrained decoding; Error rate; Language pairs; Machine translations; Target sequences; Target words; Translation models; User-defined dictionaries; Alignment,Conference paper,Final,All Open Access; Green Accepted Open Access; Green Open Access; Hybrid Gold Open Access,Scopus,2-s2.0-85141297504,2022.0,Accurate Online Posterior Alignments for Principled Lexically-Constrained Decoding,Computational Linguistics; Decoding; Inference Engines; Machine Translation; Alignment Error; Alignment Technique; Constrained Decoding; Error Rate; Language Pairs; Machine Translations; Target Sequences; Target Words; Translation Models; User-defined Dictionaries; Alignment,"Online alignment in machine translation refers to the task of aligning a target word to a source word when the target sequence has only been partially decoded. Good online alignments facilitate important applications such as lexically constrained translation where user-defined dictionaries are used to inject lexical constraints into the translation model. We propose a novel posterior alignment technique that is truly online in its execution and superior in terms of alignment error rates compared to existing methods. Our proposed inference technique jointly considers alignment and token probabilities in a principled manner and can be seamlessly integrated within existing constrained beam-search decoding algorithms. On five language pairs, including two distant language pairs, we achieve consistent drop in alignment error rates. When deployed on seven lexically constrained translation tasks, we achieve significant improvements in BLEU specifically around the constrained positions.",not available,1,"Soumya Chatterjee, Sunita Sarawagi, Preethi Jyothi"
10.18653/v1/2022.acl-long.487,May,long,2022.acl,not available,not available,not available,not available,not available,not available,not available,not available,not available,not available,not available,"Dublin, Ireland",not available,ACL,not available,Conference and Workshop Papers,open,conf/acl/WangTL22,https://doi.org/10.18653/v1/2022.acl-long.487,https://dblp.org/rec/conf/acl/WangTL22,14.0,7063-7073,not available,not available,not available,not available,not available,not available,not available,not available,not available,not available,not available,not available,not available,not available,not available,not available,not available,not available,not available,not available,not available,Association for Computational Linguistics,"Wang, Shuo (57216690394); Tan, Zhixing (57192659590); Liu, Yang (57211088579)",57216690394; 57192659590; 57211088579,Proceedings of the Annual Meeting of the Association for Computational Linguistics,not available,7063.0,7073.0,0.0,13.0,https://www.scopus.com/inward/record.uri?eid=2-s2.0-85141905993&doi=10.18653%2Fv1%2F2022.acl-long.487&partnerID=40&md5=df03ce598d02bdddb72f7fe537805579,Computational linguistics; Computer aided language translation; Black boxes; Decoding algorithm; Discrete constraints; Discrete/continuous; Integration method; Language pairs; Machine translation models; Model constraints; Synthetic data; Neural machine translation,Conference paper,Final,All Open Access; Green Accepted Open Access; Green Open Access; Hybrid Gold Open Access,Scopus,2-s2.0-85141905993,2022.0,Integrating Vectorized Lexical Constraints for Neural Machine Translation,Computational Linguistics; Computer Aided Language Translation; Black Boxes; Decoding Algorithm; Discrete Constraints; Discrete/continuous; Integration Method; Language Pairs; Machine Translation Models; Model Constraints; Synthetic Data; Neural Machine Translation,"Lexically constrained neural machine translation (NMT), which controls the generation of NMT models with pre-specified constraints, is important in many practical scenarios. Due to the representation gap between discrete constraints and continuous vectors in NMT models, most existing works choose to construct synthetic data or modify the decoding algorithm to impose lexical constraints, treating the NMT model as a black box. In this work, we propose to open this black box by directly integrating the constraints into NMT models. Specifically, we vectorize source and target constraints into continuous keys and values, which can be utilized by the attention modules of NMT models. The proposed integration method is based on the assumption that the correspondence between keys and values in attention modules is naturally suitable for modeling constraint pairs. Experimental results show that our method consistently outperforms several representative baselines on four language pairs, demonstrating the superiority of integrating vectorized lexical constraints.",not available,1,"Shuo Wang, Zhixing Tan, Yang Liu"
10.18653/v1/2022.naacl-main.424,July,main,2022.naacl,not available,not available,not available,not available,not available,not available,not available,not available,not available,not available,not available,"Seattle, United States",not available,NAACL-HLT,not available,Conference and Workshop Papers,open,conf/naacl/ZengCZXYQTX22,https://doi.org/10.18653/v1/2022.naacl-main.424,https://dblp.org/rec/conf/naacl/ZengCZXYQTX22,18.0,5777-5790,not available,not available,not available,not available,not available,not available,not available,not available,not available,not available,not available,not available,not available,not available,not available,not available,not available,not available,not available,not available,not available,Association for Computational Linguistics,"Zeng, Chun (57478174300); Chen, Jiangjie (57209507608); Zhuang, Tianyi (57211268730); Xu, Rui (57551540600); Yang, Hao (57208745952); Qin, Ying (57208747392); Tao, Shimin (57191988840); Xiao, Yanghua (24377046200)",57478174300; 57209507608; 57211268730; 57551540600; 57208745952; 57208747392; 57191988840; 24377046200,not available,not available,5777.0,5790.0,0.0,5.0,https://www.scopus.com/inward/record.uri?eid=2-s2.0-85138354558&doi=10.18653%2Fv1%2F2022.naacl-main.424&partnerID=40&md5=426029c78fbee07dc78dbca405b57524,Computational linguistics; Iterative methods; 'current; Auto-regressive; Frequency constraint; Its efficiencies; Lower frequencies; Plug-in algorithms; Translation models; Translation quality; Neural machine translation,Conference paper,Final,All Open Access; Green Accepted Open Access; Green Open Access; Hybrid Gold Open Access,Scopus,2-s2.0-85138354558,2022.0,Neighbors Are Not Strangers: Improving Non-Autoregressive Translation under Low-Frequency Lexical Constraints,Computational Linguistics; Iterative Methods; 'current; Auto-regressive; Frequency Constraint; Its Efficiencies; Lower Frequencies; Plug-in Algorithms; Translation Models; Translation Quality; Neural Machine Translation,"Lexically constrained neural machine translation (NMT) draws much industrial attention for its practical usage in specific domains. However, current autoregressive approaches suffer from high latency. In this paper, we focus on non-autoregressive translation (NAT) for this problem for its efficiency advantage. We identify that current constrained NAT models, which are based on iterative editing, do not handle low-frequency constraints well. To this end, we propose a plug-in algorithm for this line of work, i.e., Aligned Constrained Training (ACT), which alleviates this problem by familiarizing the model with the source-side context of the constraints. Experiments on the general and domain datasets show that our model improves over the backbone constrained NAT model in constraint preservation and translation quality, especially for rare constraints.",not available,not available,"Chun Zeng, Jiangjie Chen, Tianyi Zhuang, Rui Xu, Hao Yang, Qin Ying, Shimin Tao, Yanghua Xiao"
10.18653/v1/2022.naacl-main.57,July,main,2022.naacl,not available,not available,not available,not available,not available,not available,not available,not available,not available,not available,not available,"Seattle, United States",not available,not available,not available,not available,not available,not available,not available,not available,17.0,780-799,not available,not available,not available,not available,not available,not available,not available,not available,not available,not available,not available,not available,not available,not available,not available,not available,not available,not available,not available,not available,not available,Association for Computational Linguistics,"Lu, Ximing (57222033823); Welleck, Sean J. (57188714884); West, Peter (57216690053); Jiang, Liwei (57209400459); Kasai, Jungo (57216610880); Khashabi, Daniel (54784629000); Le Bras, Ronan (37042388500); Qin, Lianhui (57220825027); Yu, Youngjae (57201326268); Zellers, Rowan (57193255202)",57222033823; 57188714884; 57216690053; 57209400459; 57216610880; 54784629000; 37042388500; 57220825027; 57201326268; 57193255202,not available,not available,780.0,799.0,0.0,76.0,https://www.scopus.com/inward/record.uri?eid=2-s2.0-85138390380&doi=10.18653%2Fv1%2F2022.naacl-main.57&partnerID=40&md5=7a31252fbff01999155097ac12260fff,Computational linguistics; Heuristic methods; Machine translation; Zero-shot learning; Auto-regressive; Beam search; Constraint Satisfaction; Decoding algorithm; Language model; Large-scales; Logical constraints; Model-making; Search Algorithms; Text generations; Decoding,Conference paper,Final,All Open Access; Green Accepted Open Access; Green Open Access; Hybrid Gold Open Access,Scopus,2-s2.0-85138390380,2022.0,NeuroLogic A*esque Decoding: Constrained Text Generation with Lookahead Heuristics,Computational Linguistics; Heuristic Methods; Machine Translation; Zero-shot Learning; Auto-regressive; Beam Search; Constraint Satisfaction; Decoding Algorithm; Language Model; Large-scales; Logical Constraints; Model-making; Search Algorithms; Text Generations; Decoding,"The dominant paradigm for neural text generation is left-to-right decoding from autoregressive language models. Constrained or controllable generation under complex lexical constraints, however, requires foresight to plan ahead feasible future paths. Drawing inspiration from the A* search algorithm, we propose NeuroLogic A*esque, a decoding algorithm that incorporates heuristic estimates of future cost. We develop lookahead heuristics that are efficient for large-scale language models, making our method a drop-in replacement for common techniques such as beam search and top-k sampling. To enable constrained generation, we build on NeuroLogic decoding (Lu et al., 2021), combining its flexibility in incorporating logical constraints with A*esque estimates of future constraint satisfaction. Our approach outperforms competitive baselines on five generation tasks, and achieves new state-of-the-art performance on table-to-text generation, constrained machine translation, and keyword-constrained generation. The improvements are particularly notable on tasks that require complex constraint satisfaction or in few-shot or zero-shot settings. NeuroLogic A*esque illustrates the power of decoding for improving and enabling new capabilities of large-scale language models.",not available,not available,"Ximing Lu, Sean Welleck, Peter West, Liwei Jiang, Jungo Kasai, Daniel Khashabi, Ronan Le Bras, Lianhui Qin, Youngjae Yu, Rowan Zellers, Noah A. Smith, Yejin Choi"
10.18653/v1/2023.acl-long.426,July,long,2023.acl,not available,not available,not available,not available,not available,not available,not available,not available,not available,not available,not available,"Toronto, Canada",not available,not available,not available,not available,not available,not available,not available,not available,19.0,7700-7715,not available,not available,not available,not available,not available,not available,not available,not available,not available,not available,not available,not available,not available,not available,not available,not available,not available,not available,not available,not available,not available,Association for Computational Linguistics,"Green, Tommaso (57733447700); Ponzetto, Simone Paolo (15056538200); Glavaš, Goran (36462569800)",57733447700; 15056538200; 36462569800,Proceedings of the Annual Meeting of the Association for Computational Linguistics,not available,7700.0,7715.0,0.0,1.0,https://www.scopus.com/inward/record.uri?eid=2-s2.0-85174416470&doi=10.18653%2Fv1%2F2023.acl-long.426&partnerID=40&md5=f768ebc8d23823eb8fc8c742e735e149,Computational linguistics; Cross-lingual; Down-stream; Embeddings; High quality; Language model; Lexical knowledge; Performance; Specialisation; Synsets; Word representations; Knowledge management,Conference paper,Final,All Open Access; Green Accepted Open Access; Green Open Access; Hybrid Gold Open Access,Scopus,2-s2.0-85174416470,2023.0,Massively Multilingual Lexical Specialization of Multilingual Transformers,Computational Linguistics; Cross-lingual; Down-stream; Embeddings; High Quality; Language Model; Lexical Knowledge; Performance; Specialisation; Synsets; Word Representations; Knowledge Management,"While pretrained language models (PLMs) primarily serve as general-purpose text encoders that can be fine-tuned for a wide variety of downstream tasks, recent work has shown that they can also be rewired to produce high-quality word representations (i.e., static word embeddings) and yield good performance in type-level lexical tasks. While existing work primarily focused on the lexical specialization of monolingual PLMs with immense quantities of monolingual constraints, in this work we expose massively multilingual transformers (MMTs, e.g., mBERT or XLM-R) to multilingual lexical knowledge at scale, leveraging BabelNet as the readily available rich source of multilingual and cross-lingual type-level lexical knowledge. Concretely, we use BabelNet’s multilingual synsets to create synonym pairs (or synonym-gloss pairs) across 50 languages and then subject the MMTs (mBERT and XLM-R) to a lexical specialization procedure guided by a contrastive objective. We show that such massively multilingual lexical specialization brings substantial gains in two standard cross-lingual lexical tasks, bilingual lexicon induction and cross-lingual word similarity, as well as in cross-lingual sentence retrieval. Crucially, we observe gains for languages unseen in specialization, indicating that multilingual lexical specialization enables generalization to languages with no lexical constraints. In a series of subsequent controlled experiments, we show that the number of specialization constraints plays a much greater role than the set of languages from which they originate.",not available,1,"Tommaso Green, Simone Paolo Ponzetto, Goran Glavaš"
10.18653/v1/2023.acl-long.528,July,long,2023.acl,not available,not available,not available,not available,not available,not available,not available,not available,not available,not available,not available,"Toronto, Canada",not available,not available,not available,not available,not available,not available,not available,not available,20.0,9496-9510,not available,not available,not available,not available,not available,not available,not available,not available,not available,not available,not available,not available,not available,not available,not available,not available,not available,not available,not available,not available,not available,Association for Computational Linguistics,"Bastan, Mohaddeseh (57219691445); Surdeanu, Mihai (23398535300); Balasubramanian, Niranjan (23011406500)",57219691445; 23398535300; 23011406500,Proceedings of the Annual Meeting of the Association for Computational Linguistics,not available,9496.0,9510.0,0.0,2.0,https://www.scopus.com/inward/record.uri?eid=2-s2.0-85174389640&doi=10.18653%2Fv1%2F2023.acl-long.528&partnerID=40&md5=409b5539b8437b95fb410f2776bd3636,Computational linguistics; Decoding; Semantics; Beam search; Decoding algorithm; Dependency parser; Fine grained; Fluents; Language generation; Performance; Semantic constraints; Structural constraints; Text generations; Syntactics,Conference paper,Final,All Open Access; Hybrid Gold Open Access,Scopus,2-s2.0-85174389640,2023.0,NEUROSTRUCTURAL DECODING: Neural Text Generation with Structural Constraints,Computational Linguistics; Decoding; Semantics; Beam Search; Decoding Algorithm; Dependency Parser; Fine Grained; Fluents; Language Generation; Performance; Semantic Constraints; Structural Constraints; Text Generations; Syntactics,"Text generation often involves producing coherent and grammatically correct texts that also satisfy a given set of semantic constraints. While most approaches for conditional text generation have primarily focused on lexical constraints, they often struggle to effectively incorporate syntactic constraints, which provide a richer language for approximating semantic constraints. We address this gap by introducing NeuroStructural Decoding, a new decoding algorithm that incorporates syntactic constraints to further improve the quality of the generated text. We build NeuroStructural Decoding on the NeuroLogic Decoding (Lu etal. 2021) algorithm, which enables language generation models to produce fluent text while satisfying complex lexical constraints. Our algorithm is powerful and scalable. It tracks lexico-syntactic constraints (e.g., we need to observe dog as subject and ball as object)during decoding by parsing the partial generations at each step. To this end, we adapt a dependency parser to generate parses for incomplete sentences. Our approach is evaluated on three different language generation tasks, and the results show improved performance in both lexical and syntactic metrics compared to previous methods. The results suggest this is a promising solution for integrating fine-grained controllable generation into the conventional beam search decoding.",not available,1,"Mohaddeseh Bastan, Mihai Surdeanu, Niranjan Balasubramanian"
10.18653/v1/2023.emnlp-main.905,December,main,2023.emnlp,not available,not available,not available,not available,not available,not available,not available,not available,not available,not available,not available,Singapore,not available,not available,not available,not available,not available,not available,not available,not available,21.0,14653-14661,not available,not available,not available,not available,not available,not available,not available,not available,not available,not available,not available,not available,not available,not available,not available,not available,not available,not available,not available,not available,not available,Association for Computational Linguistics,"Miyano, Ryota (58882565500); Kajiwara, Tomoyuki (56903744700); Arase, Yuki (16642343000)",58882565500; 56903744700; 16642343000,not available,not available,14653.0,14661.0,0.0,0.0,https://www.scopus.com/inward/record.uri?eid=2-s2.0-85184827788&doi=10.18653%2Fv1%2F2023.emnlp-main.905&partnerID=40&md5=550381a29107a0b3d1a6552be816f21b,Computational linguistics; Natural language processing systems; Constrained decoding; Empirical experiments; High quality; N-best hypothesis; Natural language generation; Quality estimation; Re-ranking; Text generations; Decoding,Conference paper,Final,All Open Access; Hybrid Gold Open Access,Scopus,2-s2.0-85184827788,2023.0,Self-Ensemble of N-best Generation Hypotheses by Lexically Constrained Decoding,Computational Linguistics; Natural Language Processing Systems; Constrained Decoding; Empirical Experiments; High Quality; N-best Hypothesis; Natural Language Generation; Quality Estimation; Re-ranking; Text Generations; Decoding,"We propose a method that ensembles N-best hypotheses to improve natural language generation. Previous studies have achieved notable improvements in generation quality by explicitly reranking N-best candidates. These studies assume that there exists a hypothesis of higher quality. We expand the assumption to be more practical as there exist partly higher quality hypotheses in the N-best yet they may be imperfect as the entire sentences. By merging these high-quality fragments, we can obtain a higher-quality output than the single-best sentence. Specifically, we first obtain N-best hypotheses and conduct token-level quality estimation. We then apply tokens that should or should not be present in the final output as lexical constraints in decoding. Empirical experiments on paraphrase generation, summarisation, and constrained text generation confirm that our method outperforms the strong N-best reranking methods.",not available,not available,"Ryota Miyano, Tomoyuki Kajiwara, Yuki Arase"
10.18653/v1/2023.findings-acl.298,July,acl,2023.findings,not available,not available,not available,not available,not available,not available,not available,not available,not available,not available,not available,"Toronto, Canada",not available,ACL,not available,Conference and Workshop Papers,open,conf/acl/BaekLKPLC23,https://doi.org/10.18653/v1/2023.findings-acl.298,https://dblp.org/rec/conf/acl/BaekLKPLC23,22.0,4839-4855,not available,not available,not available,not available,not available,not available,not available,not available,not available,not available,not available,not available,not available,not available,not available,not available,not available,not available,not available,not available,not available,Association for Computational Linguistics,"Baek, Yujin (57435579700); Lee, Koanho (58506652100); Ki, Dayeon (58340351800); Park, Cheonbok (57208736798); Lee, Hyoung-gyu (36602858000); Choo, Jaegul (24512223400)",57435579700; 58506652100; 58340351800; 57208736798; 36602858000; 24512223400,Proceedings of the Annual Meeting of the Association for Computational Linguistics,not available,4839.0,4855.0,0.0,2.0,https://www.scopus.com/inward/record.uri?eid=2-s2.0-85175483563&doi=10.18653%2Fv1%2F2023.findings-acl.298&partnerID=40&md5=2c396c3af4d27be5c149c2780c66256c,Computational linguistics; 'current; Condition; First designs; Homograph disambiguations; Language model; Real-world; Test setups; Translation (languages),Conference paper,Final,All Open Access; Green Accepted Open Access; Green Open Access; Hybrid Gold Open Access,Scopus,2-s2.0-85175483563,2023.0,Towards Accurate Translation via Semantically Appropriate Application of Lexical Constraints,Computational Linguistics; 'current; Condition; First Designs; Homograph Disambiguations; Language Model; Real-world; Test Setups; Translation (languages),"Lexically-constrained NMT (LNMT) aims to incorporate user-provided terminology into translations. Despite its practical advantages, existing work has not evaluated LNMT models under challenging real-world conditions. In this paper, we focus on two important but understudied issues that lie in the current evaluation process of LNMT studies. The model needs to cope with challenging lexical constraints that are “homographs” or “unseen” during training. To this end, we first design a homograph disambiguation module to differentiate the meanings of homographs. Moreover, we propose PLUMCOT which integrates contextually rich information about unseen lexical constraints from pre-trained language models and strengthens a copy mechanism of the pointer network via direct supervision of a copying score. We also release HOLLY, an evaluation benchmark for assessing the ability of model to cope with “homographic” and “unseen” lexical constraints. Experiments on HOLLY and the previous test setup show the effectiveness of our method. The effects of PLUMCOT are shown to be remarkable in “unseen” constraints. Our dataset is available at https://github.com/papago-lab/HOLLY-benchmark.",not available,not available,"Yujin Baek, Koanho Lee, Dayeon Ki, Cheonbok Park, Hyoung-Gyu Lee, Jaegul Choo"
10.18653/v1/2023.findings-acl.673,not available,not available,not available,not available,not available,not available,not available,not available,not available,not available,not available,not available,not available,not available,not available,not available,not available,not available,not available,not available,not available,not available,not available,not available,not available,not available,not available,not available,not available,not available,not available,not available,not available,not available,not available,not available,not available,not available,not available,not available,not available,not available,not available,not available,not available,not available,not available,"Zhang, Jinpeng (57224786576); Xiao, Nini (57224773903); Wang, Ke (59044845800); Dong, Chuanqi (57984184000); Duan, Xiangyu (54906625400); Zhang, Yuqi (57222421546); Zhang, Min (56368409100)",57224786576; 57224773903; 59044845800; 57984184000; 54906625400; 57222421546; 56368409100,Proceedings of the Annual Meeting of the Association for Computational Linguistics,not available,10583.0,10596.0,0.0,2.0,https://www.scopus.com/inward/record.uri?eid=2-s2.0-85175421463&doi=10.18653%2Fv1%2F2023.findings-acl.673&partnerID=40&md5=eff9be69c18e5bbf41d4e816f79a70f4,Computational linguistics; Computer aided language translation; 'current; Benchmark datasets; Constraint-based; Data augmentation; Multiple targets; Real-world scenario; Neural machine translation,Conference paper,Final,All Open Access; Green Accepted Open Access; Green Open Access; Hybrid Gold Open Access,Scopus,2-s2.0-85175421463,2023.0,Disambiguated Lexically Constrained Neural Machine Translation,Computational Linguistics; Computer Aided Language Translation; 'current; Benchmark Datasets; Constraint-based; Data Augmentation; Multiple Targets; Real-world Scenario; Neural Machine Translation,"Lexically constrained neural machine translation (LCNMT), which controls the translation generation with pre-specified constraints, is important in many practical applications. Current approaches to LCNMT typically assume that the pre-specified lexical constraints are contextually appropriate. This assumption limits their application to real-world scenarios where a source lexicon may have multiple target constraints, and disambiguation is needed to select the most suitable one. In this paper, we propose disambiguated LCNMT (D-LCNMT) to solve the problem. D-LCNMT is a robust and effective two-stage framework that disambiguates the constraints based on contexts at first, then integrates the disambiguated constraints into LCNMT. Experimental results show that our approach outperforms strong baselines including existing data augmentation based approaches on benchmark datasets, and comprehensive experiments in scenarios where a source lexicon corresponds to multiple target constraints demonstrate the constraint disambiguation superiority of our approach. © 2025 Elsevier B.V., All rights reserved.",not available,not available,"J., Zhang, Jinpeng; N., Xiao, Nini; K., Wang, Ke; C., Dong, Chuanqi; X., Duan, Xiangyu; Y., Zhang, Yuqi; M., Zhang, Min"
10.18653/v1/2024.emnlp-main.850,November,main,2024.emnlp,not available,not available,not available,not available,not available,not available,not available,not available,not available,not available,not available,"Miami, Florida, USA",not available,not available,not available,not available,not available,not available,not available,not available,24.0,15240-15256,not available,not available,not available,not available,not available,not available,not available,not available,not available,not available,not available,not available,not available,not available,not available,not available,not available,not available,not available,not available,not available,Association for Computational Linguistics,"Li, Bingxuan (57927008700); Wang, Yiwei (57198887946); Meng, Tao (57216692617); Chang, Kaiwei (24502911300); Peng, Nanyun (57204466260)",57927008700; 57198887946; 57216692617; 24502911300; 57204466260,not available,not available,15240.0,15256.0,0.0,1.0,https://www.scopus.com/inward/record.uri?eid=2-s2.0-85217760545&doi=10.18653%2Fv1%2F2024.emnlp-main.850&partnerID=40&md5=b83cfe985c03faf0cf8a81236aabf8cd,Modeling languages; Natural language processing systems; Black boxes; Compound words; Divide-and-conquer; Downstream applications; Inherent complexity; Language model; Modeling performance; Performance; Text generations; White box; Computational linguistics,Conference paper,Final,All Open Access; Green Accepted Open Access; Green Open Access,Scopus,2-s2.0-85217760545,2024.0,Control Large Language Models via Divide and Conquer,Modeling Languages; Natural Language Processing Systems; Black Boxes; Compound Words; Divide-and-conquer; Downstream Applications; Inherent Complexity; Language Model; Modeling Performance; Performance; Text Generations; White Box; Computational Linguistics,"This paper investigates the capability of LLMs on controllable generation with prompt-based controlling, focusing on Lexically Constrained Generation (LCG). We systematically evaluate the performance of LLMs on satisfying lexical constraints with prompt-based controlling, as well as their efficacy in downstream applications. We identified three key reasons that highlight the limitations of LLMs in LCG, including (1) position bias, where LLMs tend to satisfy constraints that appear in specific positions within the input; (2) low responsiveness to control decoding parameters, which minimally impact the performance of LLMs; and (3) struggle with handling the inherent complexity of certain constraints (e.g. compound word). We conclude that black-box LLMs face significant challenges in consistently satisfying lexical constraints with prompt-based controlling. To address this bottleneck, we introduce the Divide and Conquer Generation strategy, effective for both white-box and black-box LLMs, to enhance LLMs performance in LCG tasks, which demonstrates over 90% improvement on success rate in the most challenging LCG task. Our analysis aims to provide valuable insights into the performance of LLMs in LCG with prompt-based controlling, and our proposed strategy offers a pathway to more sophisticated and customized text generation applications.",not available,not available,"Bingxuan Li, Yiwei Wang, Tao Meng, Kai-Wei Chang, Nanyun Peng"
10.18653/v1/2024.inlg-main.1,September,main,2024.inlg,not available,not available,not available,not available,not available,not available,not available,not available,not available,not available,not available,"Tokyo, Japan",not available,not available,not available,not available,not available,not available,not available,not available,25.0,1–12,not available,not available,not available,not available,not available,not available,not available,not available,not available,not available,not available,not available,not available,not available,not available,not available,not available,not available,not available,not available,not available,Association for Computational Linguistics,not available,not available,not available,not available,not available,not available,not available,not available,not available,not available,not available,not available,not available,not available,not available,2024.0,AutoTemplate: A Simple Recipe for Lexically Constrained Text Generation,not available,"Lexically constrained text generation is one of the constrained text generation tasks, which aims to generate text that covers all the given constraint lexicons. While the existing approaches tackle this problem using a lexically constrained beam search algorithm or dedicated model using non-autoregressive decoding, there is a trade-off between the generated text quality and the hard constraint satisfaction. We introduce AutoTemplate, a simple yet effective lexically constrained text generation framework divided into template generation and lexicalization tasks. The template generation is to generate the text with the placeholders, and lexicalization replaces them into the constraint lexicons to perform lexically constrained text generation. We conducted the experiments on two tasks: keywords-to-sentence generations and entity-guided summarization. Experimental results show that the AutoTemplate outperforms the competitive baselines on both tasks while satisfying the hard lexical constraints. The code is available at https://github.com/megagonlabs/autotemplate",not available,not available,Hayate Iso
10.19678/j.issn.1000-3428.0067010,not available,not available,not available,not available,not available,not available,not available,not available,not available,not available,not available,not available,not available,not available,not available,not available,not available,not available,not available,not available,not available,not available,not available,not available,not available,not available,not available,not available,not available,not available,not available,not available,not available,not available,not available,not available,not available,not available,not available,not available,not available,not available,not available,not available,not available,not available,not available,"Zhang, Xue (57774281200); Chen, Yufeng (57114607100); Xu, Jin'an (54796280200); Tian, Fengzhan (58941058900)",57774281200; 57114607100; 54796280200; 58941058900,Jisuanji Gongcheng/Computer Engineering,not available,98.0,105.0,0.0,0.0,https://www.scopus.com/inward/record.uri?eid=2-s2.0-85187896836&doi=10.19678%2Fj.issn.1000-3428.0067010&partnerID=40&md5=0614a89bf1f09d7b6d70ec0478fe6db0,not available,Article,Final,not available,Scopus,2-s2.0-85187896836,2024.0,Research on Proper Noun-Enhanced Method for Paraphrase Generation,Intention Recognition; Lexical-constraint; Paraphrase Generation; Placeholder; Semantic Deviation,"Existing Chinese paraphrase generation models often lose proper nouns in the original sentence when generating paraphrased sentences，which results in semantic deviation and reduces the usability of the paraphrased sentence，decreasing performance on downstream tasks. To solve these problems，this study proposes proper noun-enhanced method for paraphrase generation. Specifically，a placeholder-based paraphrase generation model is proposed for an original sentence containing a single proper noun. The model retains the placeholder by replacing the proper noun in the training sentence pair with a placeholder，to train the moeel's ability to retain placeholder. A lexically constrained paraphrase generation model is proposed for an original sentence containing multiple proper nouns. By concatenating and distinguishing the list of proper nouns from the original sentence，the model is trained to recognize and reproduce multiple proper nouns，improving the appropriate noun retention rate in the paraphrased sentences. In addition，a reference-free metric is proposed to evaluate the quality of the generated paraphrased sentences by considering both semantic consistency and expression diversity. This study considers the intent recognition cold-start task in a real dialogue business system as the downstream task. By comparing the quality of the paraphrased sentences generated by different models and the accuracy of the intent recognition task，the experimental results show that the lexical-constrained paraphrase generation model can generate a high-quality paraphrase corpus，and the related model has the highest accuracy rate. Compared to the paraphrase model which does not consider proper nouns，the accuracy is increased by 5.38%. © 2024 Elsevier B.V., All rights reserved.",3.0,50,"X., Zhang, Xue; Y., Chen, Yufeng; J., Xu, Jin'an; F., Tian, Fengzhan"
10.26615/978-954-452-072-4_122,not available,not available,not available,not available,not available,not available,not available,not available,not available,not available,not available,not available,not available,not available,not available,not available,not available,not available,not available,not available,not available,not available,not available,not available,not available,not available,not available,not available,not available,not available,not available,not available,not available,not available,not available,not available,not available,not available,not available,not available,not available,not available,not available,not available,not available,not available,not available,"Öz, Ogün (57428884500); Sukhareva, Maria (56644499500)",57428884500; 56644499500,"International Conference Recent Advances in Natural Language Processing, RANLP",not available,1084.0,1095.0,0.0,1.0,https://www.scopus.com/inward/record.uri?eid=2-s2.0-85123631711&doi=10.26615%2F978-954-452-072-4_122&partnerID=40&md5=c34945958022e1497863f23217803e9c,Computational linguistics; Computer aided language translation; Neural machine translation; Open systems; 'current; High quality; Homograph disambiguations; Machine translations; Multi choices; Open-source; Simple++; Terminology,Conference paper,Final,All Open Access; Bronze Open Access,Scopus,2-s2.0-85123631711,2021.0,Towards Precise Lexicon Integration in Neural Machine Translation,Computational Linguistics; Computer Aided Language Translation; Neural Machine Translation; Open Systems; 'current; High Quality; Homograph Disambiguations; Machine Translations; Multi Choices; Open-source; Simple++; Terminology,"Terminological consistency is an essential requirement for industrial translation. High-quality, hand-crafted terminologies contain entries in their nominal forms. Integrating such a terminology into machine translation is not a trivial task. The MT system must be able to disambiguate homographs on the source side and choose the correct wordform on the target side. In this work, we propose a simple but effective method for homograph disambiguation and a method of wordform selection by introducing multi-choice lexical constraints. We also propose a metric to measure the terminological consistency of the translation. Our results have a significant improvement over the current SOTA in terms of terminological consistency without any loss of the BLEU score. All the code used in this work will be published as open-source. © 2022 Elsevier B.V., All rights reserved.",not available,not available,"O., Öz, Ogün; M., Sukhareva, Maria"
10.47012/jjmll.13.4.7,not available,not available,not available,not available,not available,not available,not available,not available,not available,not available,not available,not available,not available,not available,not available,not available,not available,not available,not available,not available,not available,not available,not available,not available,not available,not available,not available,not available,not available,not available,not available,not available,not available,not available,not available,not available,not available,not available,not available,not available,not available,not available,not available,not available,not available,not available,not available,"Ennasser, Narjes (57220074720)",57220074720,Jordan Journal of Modern Languages and Literatures,not available,715.0,727.0,0.0,0.0,https://www.scopus.com/inward/record.uri?eid=2-s2.0-85121860838&doi=10.47012%2Fjjmll.13.4.7&partnerID=40&md5=8346991f5b049728681dda5d9695fc11,not available,Article,Final,All Open Access; Bronze Open Access,Scopus,2-s2.0-85121860838,2021.0,Acquisition of collocations by students of French as a foreign language at Jordanian universities; Acquisition des collocations en classe de Français langue etrangère dans les universités Jordaniennes,Acquisition; Collocations; Constraints; Evaluation; French As A Foreign Language; Teaching,"This research aimed at evaluating learning strategies of French collocations employed by Jordanian university students. For this purpose, a test of 30 incomplete French collocations has been distributed to 60 junior and senior BA students majoring in French Language and literature. The participants were asked to complete the collocations with the appropriate words to choose from four different options. Findings of the study revealed some confusion at the level of French synonyms, a lack of knowledge concerning syntactic constraints and interference from Arabic. Recommendations of the study call for the need to enhance knowledge of syntactic and lexical constraints of French collocations as well as an intensive training practice on comparing and contrasting Arabic/French collocations having similar meaning and usage through electronic dictionaries especially those dealing with collocations. © 2021 Elsevier B.V., All rights reserved.",4.0,13,"N., Ennasser, Narjes"
10.48550/arxiv.2203.12210,not available,not available,not available,not available,not available,not available,not available,not available,not available,not available,not available,not available,not available,not available,not available,not available,CoRR,not available,Informal and Other Publications,open,journals/corr/abs-2203-12210,https://doi.org/10.48550/arXiv.2203.12210,https://dblp.org/rec/journals/corr/abs-2203-12210,7.0,not available,not available,not available,not available,not available,not available,not available,not available,not available,not available,not available,not available,not available,not available,not available,not available,not available,not available,not available,not available,not available,not available,not available,not available,not available,not available,not available,not available,not available,not available,not available,not available,not available,not available,not available,not available,not available,not available,2022.0,Integrating Vectorized Lexical Constraints for Neural Machine Translation.,not available,not available,not available,abs/2203.12210,"Shuo Wang 0013, Zhixing Tan, Yang Liu 0005"
10.48550/arxiv.2204.13355,not available,not available,not available,not available,not available,not available,not available,not available,not available,not available,not available,not available,not available,not available,not available,not available,CoRR,not available,Informal and Other Publications,open,journals/corr/abs-2204-13355,https://doi.org/10.48550/arXiv.2204.13355,https://dblp.org/rec/journals/corr/abs-2204-13355,8.0,not available,not available,not available,not available,not available,not available,not available,not available,not available,not available,not available,not available,not available,not available,not available,not available,not available,not available,not available,not available,not available,not available,not available,not available,not available,not available,not available,not available,not available,not available,not available,not available,not available,not available,not available,not available,not available,not available,2022.0,Neighbors Are Not Strangers: Improving Non-Autoregressive Translation under Low-Frequency Lexical Constraints.,not available,not available,not available,abs/2204.13355,"Chun Zeng, Jiangjie Chen, Tianyi Zhuang, Rui Xu 0026, Hao Yang 0006, Ying Qin, Shimin Tao, Yanghua Xiao"
10.48550/arxiv.2209.13885,not available,not available,not available,not available,not available,not available,not available,not available,not available,not available,not available,not available,not available,not available,not available,not available,CoRR,not available,Informal and Other Publications,open,journals/corr/abs-2209-13885,https://doi.org/10.48550/arXiv.2209.13885,https://dblp.org/rec/journals/corr/abs-2209-13885,9.0,not available,not available,not available,not available,not available,not available,not available,not available,not available,not available,not available,not available,not available,not available,not available,not available,not available,not available,not available,not available,not available,not available,not available,not available,not available,not available,not available,not available,not available,not available,not available,not available,not available,not available,not available,not available,not available,not available,2022.0,UCEpic: Unifying Aspect Planning and Lexical Constraints for Explainable Recommendation.,not available,not available,not available,abs/2209.13885,"Jiacheng Li 0003, Zhankui He, Jingbo Shang, Julian J. McAuley"
10.48550/arxiv.2306.12089,not available,not available,not available,not available,not available,not available,not available,not available,not available,not available,not available,not available,not available,not available,not available,not available,CoRR,not available,Informal and Other Publications,open,journals/corr/abs-2306-12089,https://doi.org/10.48550/arXiv.2306.12089,https://dblp.org/rec/journals/corr/abs-2306-12089,3.0,not available,not available,not available,not available,not available,not available,not available,not available,not available,not available,not available,not available,not available,not available,not available,not available,not available,not available,not available,not available,not available,not available,not available,not available,not available,not available,not available,not available,not available,not available,not available,not available,not available,not available,not available,not available,not available,not available,2023.0,Towards Accurate Translation via Semantically Appropriate Application of Lexical Constraints.,not available,not available,not available,abs/2306.12089,"Yujin Baek, Koanho Lee, Dayeon Ki, Hyoung-Gyu Lee, Cheonbok Park, Jaegul Choo"
10.48550/arxiv.2308.03601,not available,not available,not available,not available,not available,not available,not available,not available,not available,not available,not available,not available,not available,not available,not available,not available,CoRR,not available,Informal and Other Publications,open,journals/corr/abs-2308-03601,https://doi.org/10.48550/arXiv.2308.03601,https://dblp.org/rec/journals/corr/abs-2308-03601,4.0,not available,not available,not available,not available,not available,not available,not available,not available,not available,not available,not available,not available,not available,not available,not available,not available,not available,not available,not available,not available,not available,not available,not available,not available,not available,not available,not available,not available,not available,not available,not available,not available,not available,not available,not available,not available,not available,not available,2023.0,Negative Lexical Constraints in Neural Machine Translation.,not available,not available,not available,abs/2308.03601,"Josef Jon, Dusan Varis, Michal Novák, João Paulo Aires, Ondrej Bojar"
