title,year,authors,doi,abstract,venue
A Survey of Controllable Text Generation Using Transformer-based Pre-trained Language Models,2023,"Hanqing Zhang, Haolin Song, Shaoyu Li, Ming Zhou, Dawei Song",https://doi.org/10.1145/3617680,"Controllable Text Generation (CTG) is an emerging area in the field of natural language generation (NLG). It is regarded as crucial for the development of advanced text generation technologies that better meet the specific constraints in practical applications. In recent years, methods using large-scale pre-trained language models (PLMs), in particular the widely used Transformer-based PLMs, have become a new paradigm of NLG, allowing generation of more diverse and fluent text. However, due to the limited level of interpretability of deep neural networks, the controllability of these methods needs to be guaranteed. To this end, controllable text generation using Transformer-based PLMs has become a rapidly growing yet challenging new research hotspot. A diverse range of approaches have emerged in the past 3 to 4 years, targeting different CTG tasks that require different types of controlled constraints. In this article, we present a systematic critical review on the common tasks, main approaches, and evaluation methods in this area. Finally, we discuss the challenges that the field is facing, and put forward various promising future directions. To the best of our knowledge, this is the first survey article to summarize the state-of-the-art CTG techniques from the perspective of Transformer-based PLMs. We hope it can help researchers and practitioners in the related fields to quickly track the academic and technological frontier, providing them with a landscape of the area and a roadmap for future research.",
FUDGE: Controlled Text Generation With Future Discriminators,2021,"Kevin Yang, Dan Klein",https://doi.org/10.18653/v1/2021.naacl-main.276,"We propose Future Discriminators for Generation (FUDGE), a flexible and modular method for controlled text generation. Given a pre-existing model G for generating text from a distribution of interest, FUDGE enables conditioning on a desired attribute a (for example, formality) while requiring access only to G's output logits. FUDGE learns an attribute predictor operating on a partial sequence, and uses this predictor's outputs to adjust G's original probabilities. We show that FUDGE models terms corresponding to a Bayesian decomposition of the conditional distribution of G given attribute a. Moreover, FUDGE can easily compose predictors for multiple desired attributes. We evaluate FUDGE on three tasks -- couplet completion in poetry, topic control in language generation, and formality change in machine translation -- and observe gains in all three tasks.",
Mix and Match: Learning-free Controllable Text Generationusing Energy Language Models,2022,"Fatemehsadat Mireshghallah, Kartik Goyal, Taylor Berg-Kirkpatrick",https://doi.org/10.18653/v1/2022.acl-long.31,"Recent work on controlled text generation has either required attribute-based fine-tuning of the base language model (LM), or has restricted the parameterization of the attribute discriminator to be compatible with the base autoregressive LM. In this work, we propose Mix and Match LM, a global score-based alternative for controllable text generation that combines arbitrary pre-trained black-box models for achieving the desired attributes in the generated text without involving any fine-tuning or structural assumptions about the black-box models. We interpret the task of controllable generation as drawing samples from an energy-based model whose energy values are a linear combination of scores from black-box models that are separately responsible for fluency, the control attribute, and faithfulness to any conditioning context. We use a Metropolis-Hastings sampling scheme to sample from this energy-based model using bidirectional context and global attribute features. We validate the effectiveness of our approach on various controlled generation and style-based text revision tasks by outperforming recently proposed methods that involve extra training, fine-tuning, or restrictive assumptions over the form of models.",
Tailor: Generating and Perturbing Text with Semantic Controls,2022,"Alexis Ross, Tongshuang Wu, Hao Peng, Matthew N. Peters, Matt Gardner",https://doi.org/10.18653/v1/2022.acl-long.228,"Controlled text perturbation is useful for evaluating and improving model generalizability. However, current techniques rely on training a model for every target perturbation, which is expensive and hard to generalize. We present Tailor, a semantically-controlled text generation system. Tailor builds on a pretrained seq2seq model and produces textual outputs conditioned on control codes derived from semantic representations. We craft a set of operations to modify the control codes, which in turn steer generation towards targeted attributes. These operations can be further composed into higher-level ones, allowing for flexible perturbation strategies. We demonstrate the effectiveness of these perturbations in multiple applications. First, we use Tailor to automatically create high-quality contrast sets for four distinct natural language processing (NLP) tasks. These contrast sets contain fewer spurious artifacts and are complementary to manually annotated ones in their lexical diversity. Second, we show that Tailor perturbations can improve model generalization through data augmentation. Perturbing just ∼2% of training data leads to a 5.8-point gain on an NLI challenge set measuring reliance on syntactic heuristics.",
CTRLEval: An Unsupervised Reference-Free Metric for Evaluating Controlled Text Generation,2022,"Pei Ke, Hao Zhou, Yankai Lin, Peng Li, Jie Zhou, Xiaoyan Zhu, Minlie Huang",https://doi.org/10.18653/v1/2022.acl-long.164,"Existing reference-free metrics have obvious limitations for evaluating controlled text generation models. Unsupervised metrics can only provide a task-agnostic evaluation result which correlates weakly with human judgments, whereas supervised ones may overfit task-specific data with poor generalization ability to other datasets. In this paper, we propose an unsupervised reference-free metric called CTRLEval, which evaluates controlled text generation from different aspects by formulating each aspect into multiple text infilling tasks. On top of these tasks, the metric assembles the generation probabilities from a pre-trained language model without any model training. Experimental results show that our metric has higher correlations with human judgments than other baselines, while obtaining better generalization of evaluating generated texts from different models and with different qualities.",
A Causal Lens for Controllable Text Generation,2022,"Zhiting Hu, Li Erran Li",https://doi.org/10.48550/arxiv.2201.09119,"Controllable text generation concerns two fundamental tasks of wide applications, namely generating text of given attributes (i.e., attribute-conditional generation), and minimally editing existing text to possess desired attributes (i.e., text attribute transfer). Extensive prior work has largely studied the two problems separately, and developed different conditional models which, however, are prone to producing biased text (e.g., various gender stereotypes). This paper proposes to formulate controllable text generation from a principled causal perspective which models the two tasks with a unified framework. A direct advantage of the causal formulation is the use of rich causality tools to mitigate generation biases and improve control. We treat the two tasks as interventional and counterfactual causal inference based on a structural causal model, respectively. We then apply the framework to the challenging practical setting where confounding factors (that induce spurious correlations) are observable only on a small fraction of data. Experiments show significant superiority of the causal approach over previous conditional models for improved control accuracy and reduced bias.",
Just Say No: Analyzing the Stance of Neural Dialogue Generation in Offensive Contexts,2021,"Ashutosh Baheti, Maarten Sap, Alan Ritter, Mark Riedl",https://doi.org/10.18653/v1/2021.emnlp-main.397,"Dialogue models trained on human conversations inadvertently learn to generate toxic responses. In addition to producing explicitly offensive utterances, these models can also implicitly insult a group or individual by aligning themselves with an offensive statement. To better understand the dynamics of contextually offensive language, we investigate the stance of dialogue model responses in offensive Reddit conversations. Specifically, we create ToxiChat, a crowd-annotated dataset of 2,000 Reddit threads and model responses labeled with offensive language and stance. Our analysis reveals that 42% of human responses agree with toxic comments, whereas only 13% agree with safe comments. This undesirable behavior is learned by neural dialogue models, such as DialoGPT, which we show are two times more likely to agree with offensive comments. To enable automatic detection of offensive language, we fine-tuned transformer-based classifiers on ToxiChat that achieve 0.71 F1 for offensive labels and 0.53 Macro-F1 for stance labels. Finally, we quantify the effectiveness of controllable text generation (CTG) methods to mitigate the tendency of neural dialogue models to agree with offensive comments. Compared to the baseline, our best CTG model achieves a 19% reduction in agreement with offensive comments and produces 29% fewer offensive replies. Our work highlights the need for further efforts to characterize and analyze inappropriate behavior in dialogue models, in order to help make them safer.",
Attribute Alignment: Controlling Text Generation from Pre-trained Language Models,2021,"Dian Yu, Yu Zhou, Kenji Sagae",https://doi.org/10.18653/v1/2021.findings-emnlp.194,"Large language models benefit from training with a large amount of unlabeled text, which gives them increasingly fluent and diverse generation capabilities. However, using these models for text generation that takes into account target attributes, such as sentiment polarity or specific topics, remains a challenge. We propose a simple and flexible method for controlling text generation by aligning disentangled attribute representations. In contrast to recent efforts on training a discriminator to perturb the token level distribution for an attribute, we use the same data to learn an alignment function to guide the pre-trained, non-controlled language model to generate texts with the target attribute without changing the original language model parameters. We evaluate our method on sentiment- and topic-controlled generation, and show large performance gains over previous methods while retaining fluency and diversity.",
Control Prefixes for Parameter-Efficient Text Generation,2022,"Jordan Clive, Kris Cao, Marek Rei",https://doi.org/10.18653/v1/2022.gem-1.31,"Prefix-tuning is a parameter-efficient and powerful technique for adapting a pre-trained language model to a downstream application. However, it uses the same dataset-level tuned set of parameters for all examples in the dataset. We extend the framework with a dynamic method, Control Prefixes, which allows for the effective inclusion of input-dependent information, thereby demonstrating how prefix-tuning can be used for controlled text generation tasks. The method incorporates attribute-level learnable representations into different layers of a pre-trained Transformer, enabling the generated text to be guided in a particular direction. We provide a systematic evaluation of the technique and apply it to five datasets from the GEM benchmark for natural language generation (NLG). Using only 0.1–2% additional trainable parameters, we show Control Prefixes can even outperform full fine-tuning methods, and present state-of-the-art results on several data-to-text datasets, including WebNLG. We also examine the common case where input-dependent information is unavailable at test time and show Control Prefixes can excel in this setting also.",
SSD-LM: Semi-autoregressive Simplex-based Diffusion Language Model for Text Generation and Modular Control,2023,"Xiaochuang Han, Sachin Kumar, Yulia Tsvetkov",https://doi.org/10.18653/v1/2023.acl-long.647,"Despite the growing success of diffusion models in continuous-valued domains (e.g., images), similar efforts for discrete domains such as text have yet to match the performance of autoregressive language models. In this work, we present SSD-LM—a diffusion-based language model with two key design choices. First, SSD-LM is semi-autoregressive, iteratively generating blocks of text, allowing for flexible output length at decoding time while enabling local bidirectional context updates. Second, it is simplex-based, performing diffusion on the natural vocabulary space rather than a learned latent space, allowing us to incorporate classifier guidance and modular control using off-the-shelf classifiers without any adaptation. We evaluate SSD-LM on unconstrained text generation benchmarks, and show that it matches or outperforms strong autoregressive GPT-2 models across standard quality and diversity metrics, while vastly outperforming diffusion-based baselines. On controlled text generation, SSD-LM also outperforms competitive baselines, with an extra advantage in modularity.",
Tailor: A Prompt-Based Approach to Attribute-Based Controlled Text Generation,2022,"Kexin Yang, Dayiheng Liu, Wenqiang Lei, Baosong Yang, Mingfeng Xue, Boxing Chen, Jun Xie",https://doi.org/10.48550/arxiv.2204.13362,"Attribute-based Controlled Text Generation (CTG) refers to generating sentences that satisfy desirable attributes (e.g., emotions and topics). Existing works often utilize fine-tuning or resort to extra attribute classifiers, yet suffer from storage and inference time increases. To address these concerns, we explore attribute-based CTG in a prompt-based manner. In short, the proposed Tailor represents each attribute as a pre-trained continuous vector (i.e., single-attribute prompt) and guides the generation of a fixed PLM switch to a pre-specified attribute. We experimentally find that these prompts can be simply concatenated as a whole to multi-attribute CTG without any re-training, yet raises problems of fluency decrease and position sensitivity. To this end, Tailor provides a multi-attribute prompt mask and a re-indexing position-ids sequence to bridge the gap between the training (one prompt for each task) and testing stage (concatenating more than one prompt). To further enhance such single-attribute prompt combinations, Tailor also introduces a trainable prompt connector, which can be concatenated with any two single-attribute prompts to multi-attribute text generation. Experiments on 11 attribute-specific generation tasks demonstrate strong performances of Tailor on both single-attribute and multi-attribute CTG, with 0.08\% training parameters of a GPT-2.",
DisCup: Discriminator Cooperative Unlikelihood Prompt-tuning for Controllable Text Generation,2022,"Hanqing Zhang, Dawei Song",https://doi.org/10.18653/v1/2022.emnlp-main.223,"Prompt learning with immensely large Casual Language Models (CLMs) has been shown promising for attribute-controllable text generation (CTG). However, vanilla prompt tuning tends to imitate training corpus characteristics beyond the control attributes, resulting in a poor generalization ability. Moreover, it is less able to capture the relationship between different attributes, further limiting the control performance. In this paper, we propose a new CTG approach, namely DisCup, which incorporates the attribute knowledge of discriminator to optimize the control-prompts, steering a frozen CLM to produce attribute-specific texts. Specifically, the frozen CLM model, capable of producing multitudinous texts, is first used to generate the next-token candidates based on the context, so as to ensure the diversity of tokens to be predicted. Then, we leverage an attribute-discriminator to select desired/undesired tokens from those candidates, providing the inter-attribute knowledge. Finally, we bridge the above two traits by an unlikelihood objective for prompt-tuning. Extensive experimental results show that DisCup can achieve a new state-of-the-art control performance while maintaining an efficient and high-quality text generation, only relying on around 10 virtual tokens.",
CTG:A Controllable Text Generation Method based on the Joint Work of Language Model and Text Classifier,2021,"Xuyuan Liang, Lihua Tian, Chen Li, Zhang Mandi",https://doi.org/10.1109/cisce52179.2021.9445873,"Text generation is an important research field in natural language processing. Today pre-trained models can generate text with high readability and fluency. However, the generated text content is usually not restricted, and the generated content cannot be controlled. Therefore, there is an urgent need for a controllable text generation method. Traditional controllable text generation methods usually have the disadvantages of high training cost and difficulty in adjustment. We propose a lightweight and easy-to-adjust method to update the language model through the discrimination results of the text classification model on the language model, thereby completing controllable text generation. And we have solved the problem of imbalance and quality degradation in text generation. Experiments show that the quality of the text generated by this method can also reach a higher level with strong subjectivity, can achieves the purpose of controlling text generation. And this method is easy to adjust, suitable for various scenarios.",
A Survey of Controllable Text Generation using Transformer-based Pre-trained Language Models,2022,"Hanqing Zhang, Haolin Song, Shaoyu Li, Ming Zhou, Dawei Song",https://doi.org/10.48550/arxiv.2201.05337,"Controllable Text Generation (CTG) is emerging area in the field of natural language generation (NLG). It is regarded as crucial for the development of advanced text generation technologies that better meet the specific constraints in practical applications. In recent years, methods using large-scale pre-trained language models (PLMs), in particular the widely used transformer-based PLMs, have become a new paradigm of NLG, allowing generation of more diverse and fluent text. However, due to the limited level of interpretability of deep neural networks, the controllability of these methods need to be guaranteed. To this end, controllable text generation using transformer-based PLMs has become a rapidly growing yet challenging new research hotspot. A diverse range of approaches have emerged in the recent 3-4 years, targeting different CTG tasks that require different types of controlled constraints. In this paper, we present a systematic critical review on the common tasks, main approaches, and evaluation methods in this area. Finally, we discuss the challenges that the field is facing, and put forward various promising future directions. To the best of our knowledge, this is the first survey paper to summarize the state-of-the-art CTG techniques from the perspective of Transformer-based PLMs. We hope it can help researchers and practitioners in the related fields to quickly track the academic and technological frontier, providing them with a landscape of the area and a roadmap for future research.",
Sequentially Controlled Text Generation,2022,"Alexander Spangher, Yao Ming, Xinyu Hua, Nanyun Peng",https://doi.org/10.18653/v1/2022.findings-emnlp.509,"While GPT-2 generates sentences that are remarkably human-like, longer documents can ramble and do not follow human-like writing structure. We study the problem of imposing structure on long-range text. We propose a novel controlled text generation task, sequentially controlled text generation, and identify a dataset, NewsDiscourse as a starting point for this task. We develop a sequential controlled text generation pipeline with generation and editing. We test different degrees of structural awareness and show that, in general, more structural awareness results in higher control- accuracy, grammaticality, coherency and topicality, approaching human-level writing performance.",
Click: Controllable Text Generation with Sequence Likelihood Contrastive Learning,2023,"Chujie Zheng, Pei Ke, Zheng Zhang, Minlie Huang",https://doi.org/10.18653/v1/2023.findings-acl.65,"It has always been an important yet challenging problem to control language models to avoid generating texts with undesirable attributes, such as toxic language and unnatural repetition. We introduce Leo for controllable text generation, which needs no modification to the model architecture and facilitates out-of-the-box use of trained models. It employs a contrastive loss on sequence likelihood, which fundamentally decreases the generation probability of negative samples (i.e., generations with undesirable attributes). It also adopts a novel likelihood ranking-based strategy to construct contrastive samples from model generations. On the tasks of language detoxification, sentiment steering, and repetition reduction, we show that Leo outperforms strong baselines of controllable text generation and demonstrate the superiority of Leo's sample construction strategy.",
Controllable Text Generation Using Semantic Control Grammar,2023,"Hyein Seo, Sangkeun Jung, Jeesu Jung, Taewook Hwang, Hyuk Namgoong, Yoon‐Hyung Roh",https://doi.org/10.1109/access.2023.3252017,"Controllable text generation is the primary technique for controlling specific attributes such as topic, keywords and obtaining augmented data. This work proposes a novel controllable text generation framework to improve the controllability of generation models. First, we introduce semantic control grammar, a controllable input format to generate sentences that satisfy the constraints. Second, we adopt a generation and rerank method to obtain semantically reranked controlled sentences. Extensive experiments and analyses are conducted on benchmark, natural language understanding, data-to-text generation, and text classification datasets. Through automatic evaluations, we show that our method leads to improvement over strong baselines. The results show that our model can control sentence and word attributes and semantically generate natural sentences. Furthermore, our techniques improve the generation quality of the model.",
Controllable Generation from Pre-trained Language Models via Inverse Prompting,2021,"Xu Zou, Da Yin, Qingyang Zhong, Hongxia Yang, Zhilin Yang, Jie Tang",https://doi.org/10.1145/3447548.3467418,"Large-scale pre-trained language models have demonstrated strong capabilities of generating realistic text. However, it remains challenging to control the generation results. Previous approaches such as prompting are far from sufficient, which limits the usage of language models. To tackle this challenge, we propose an innovative method, inverse prompting, to better control text generation. The core idea of inverse prompting is to use generated text to inversely predict the prompt during beam search, which enhances the relevance between the prompt and the generated text and provides better controllability. Empirically, we pre-train a large-scale Chinese language model to perform a systematic study using human evaluation on the tasks of open-domain poem generation and open-domain long-form question answering. Our results show that our proposed method substantially outperforms the baselines and that our generation quality is close to human performance on some of the tasks. Narrators can try our poem generation demo at https://pretrain.aminer.cn/apps/poetry.html, while our QA demo can be found at https://pretrain.aminer.cn/app/qa. For researchers, the code is provided in https://github.com/THUDM/InversePrompting.",
In-context Learning of Large Language Models for Controlled Dialogue Summarization: A Holistic Benchmark and Empirical Analysis,2023,"Yuting Tang, Ratish Puduppully, Zhengyuan Liu, Nancy F. Chen",https://doi.org/10.18653/v1/2023.newsum-1.6,"Large Language Models (LLMs) have shown significant performance in numerous NLP tasks, including summarization and controlled text generation. A notable capability of LLMs is in-context learning (ICL), where the model learns new tasks using input-output pairs in the prompt without any parameter update. However, the performance of LLMs in the context of few-shot abstractive dialogue summarization remains underexplored. This study evaluates various state-of-the-art LLMs on the SAMSum dataset within a few-shot framework. We assess these models in both controlled (entity control, length control, and person-focused planning) and uncontrolled settings, establishing a comprehensive benchmark in few-shot dialogue summarization. Our findings provide insights into summary quality and model controllability, offering a crucial reference for future research in dialogue summarization.",
Topic-Controlled Text Generation,2021,"Cansen Caglayan, Murat Karakaya",https://doi.org/10.1109/ubmk52708.2021.9558910,"Today, the text generation subject in the field of Natural Language Processing (NLP) has gained a lot of importance. In particular, the quality of the text generated with the emergence of new transformer-based models has reached high levels. In this way, controllable text generation has become an important research area. There are various methods applied for controllable text generation, but since these methods are mostly applied on Recurrent Neural Network (RNN) based encoder decoder models, which were used frequently, studies using transformer-based models are few. Transformer-based models are very successful in long sequences thanks to their parallel working ability. This study aimed to generate Turkish reviews on the desired topics by using a transformer-based language model. We used the method of adding the topic information to the sequential input. We concatenated input token embedding and topic embedding (control) at each time step during the training. As a result, we were able to create Turkish reviews on the specified topics.",
A Distributional Approach to Controlled Text Generation,2021,"Muhammad Khalifa, Hady Elsahar, Marc Dymetman",,"We propose a Distributional Approach to address Controlled Text Generation from pre-trained Language Models (LMs). This view permits to define, in a single formal framework, “pointwise” and “distributional” constraints over the target LM --- to our knowledge, this is the first approach with such generality --- while minimizing KL divergence with the initial LM distribution. The optimal target distribution is then uniquely determined as an explicit EBM (Energy-Based Model) representation. From that optimal representation, we then train the target controlled autoregressive LM through an adaptive distributional variant of Policy Gradient. We conduct a first set of experiments over pointwise constraints showing the advantages of our approach over a set of baselines, in terms of obtaining a controlled LM balancing constraint satisfaction with divergence from the initial LM (GPT-2). We then perform experiments over distributional constraints, a unique feature of our approach, demonstrating its potential as a remedy to the problem of Bias in Language Models. Through an ablation study, we show the effectiveness of our adaptive technique for obtaining faster convergence.",
Controlled Text Generation Using Dictionary Prior in Variational Autoencoders,2022,"Xianghong Fang, Jian Li, Lifeng Shang, Xin Jiang, Qun Liu, Dit‐Yan Yeung",https://doi.org/10.18653/v1/2022.findings-acl.10,"While variational autoencoders (VAEs) have been widely applied in text generation tasks, they are troubled by two challenges: insufficient representation capacity and poor controllability. The former results from the posterior collapse and restrictive assumption, which impede better representation learning. The latter arises as continuous latent variables in traditional formulations hinder VAEs from interpretability and controllability. In this paper, we propose Dictionary Prior (DPrior), a new data-driven prior that enjoys the merits of expressivity and controllability. To facilitate controlled text generation with DPrior, we propose to employ contrastive learning to separate the latent space into several parts. Extensive experiments on both language modeling and controlled text generation demonstrate the effectiveness of the proposed approach.",
A Distributional Lens for Multi-Aspect Controllable Text Generation,2022,"Yuxuan Gu, Xiaocheng Feng, Sicheng Ma, Lingyuan Zhang, Heng Gong, Bing Qin",https://doi.org/10.18653/v1/2022.emnlp-main.67,"Multi-aspect controllable text generation is a more challenging and practical task than single-aspect control. Existing methods achieve complex multi-aspect control by fusing multiple controllers learned from single-aspect, but suffer from attribute degeneration caused by the mutual interference of these controllers. To address this, we provide observations on attribute fusion from a distributional perspective and propose to directly search for the intersection areas of multiple attribute distributions as their combination for generation. Our method first estimates the attribute space with an autoencoder structure. Afterward, we iteratively approach the intersections by jointly minimizing distances to points representing different attributes. Finally, we map them to attribute-relevant sentences with a prefix-tuning-based decoder. Experiments on the three-aspect control task, including sentiment, topic, and detoxification aspects, reveal that our method outperforms several strong baselines on attribute relevance and text quality and achieves the SOTA. Further analysis also supplies some explanatory support for the effectiveness of our approach.",
Improving Controllable Text Generation with Position-Aware Weighted Decoding,2022,"Yuxuan Gu, Xiaocheng Feng, Sicheng Ma, Jiaming Wu, Heng Gong, Bing Qin",https://doi.org/10.18653/v1/2022.findings-acl.272,"Weighted decoding methods composed of the pretrained language model (LM) and the controller have achieved promising results for controllable text generation. However, these models often suffer from a control strength/fluency trade-off problem as higher control strength is more likely to generate incoherent and repetitive text. In this paper, we illustrate this trade-off is arisen by the controller imposing the target attribute on the LM at improper positions. And we propose a novel framework based on existing weighted decoding methods called CAT-PAW, which introduces a lightweight regulator to adjust bias signals from the controller at different decoding positions. Experiments on positive sentiment control, topic control, and language detoxification show the effectiveness of our CAT-PAW upon 4 SOTA models.",
SentBS: Sentence-level Beam Search for Controllable Summarization,2022,"Chenhui Shen, Liying Cheng, Lidong Bing, You Yang, Luo Si",https://doi.org/10.18653/v1/2022.emnlp-main.699,"A wide range of control perspectives have been explored in controllable text generation. Structure-controlled summarization is recently proposed as a useful and interesting research direction. However, current structure-controlling methods have limited effectiveness in enforcing the desired structure. To address this limitation, we propose a sentence-level beam search generation method (SentBS), where evaluation is conducted throughout the generation process to select suitable sentences for subsequent generations. We experiment with different combinations of decoding methods to be used as sub-components by SentBS and evaluate results on the structure-controlled dataset MReD. Experiments show that all explored combinations for SentBS can improve the agreement between the generated text and the desired structure, with the best method significantly reducing the structural discrepancies suffered by the existing model, by approximately 68%.",
Beyond Opinion Mining,2022,"Reinald Kim Amplayo, Arthur Bražinskas, Yoshi Suhara, Xiaolan Wang, Bing Liu",https://doi.org/10.1145/3477495.3532676,"Customer reviews are vital for making purchasing decisions in the Information Age. Such reviews can be automatically summarized to provide the user with an overview of opinions. In this tutorial, we present various aspects of opinion summarization that are useful for researchers and practitioners. First, we will introduce the task and major challenges. Then, we will present existing opinion summarization solutions, both pre-neural and neural. We will discuss how summarizers can be trained in the unsupervised, few-shot, and supervised regimes. Each regime has roots in different machine learning methods, such as auto-encoding, controllable text generation, and variational inference. Finally, we will discuss resources and evaluation methods and conclude with the future directions. This three-hour tutorial will provide a comprehensive overview over major advances in opinion summarization. The listeners will be well-equipped with the knowledge that is both useful for research and practical applications.",
TWT: Table with Written Text for Controlled Data-to-Text Generation,2021,"Tongliang Li, Lei Fang, Jian–Guang Lou, Zhoujun Li",https://doi.org/10.18653/v1/2021.findings-emnlp.107,"Large pre-trained neural models have recently shown remarkable progress in text generation. In this paper, we propose to generate text conditioned on the structured data (table) and a prefix (the written text) by leveraging the pre-trained models. We present a new data-to-text dataset, Table with Written Text (TWT), by repurposing two existing datasets: ToTTo and TabFact. TWT contains both factual and logical statements that are faithful to the structured data, aiming to serve as a useful benchmark for controlled text generation. Compared with existing data-to-text task settings, TWT is more intuitive, the prefix (usually provided by the user) controls the topic of the generated text. Existing methods usually output hallucinated text that is not faithful on TWT. Therefore, we design a novel approach with table-aware attention visibility and copy mechanism over the table. Experimental results show that our approach outperforms state-of-the-art methods under both automatic and human evaluation metrics.",
Controlled Text Generation with Natural Language Instructions,2023,"Wangchunshu Zhou, Yuchen Eleanor Jiang, Ethan Wilcox, Ryan Cotterell, Mrinmaya Sachan",https://doi.org/10.48550/arxiv.2304.14293,"Large language models generate fluent texts and can follow natural language instructions to solve a wide range of tasks without task-specific training. Nevertheless, it is notoriously difficult to control their generation to satisfy the various constraints required by different applications. In this work, we present InstructCTG, a controlled text generation framework that incorporates different constraints by conditioning on natural language descriptions and demonstrations of the constraints. In particular, we first extract the underlying constraints of natural texts through a combination of off-the-shelf NLP tools and simple heuristics. We then verbalize the constraints into natural language instructions to form weakly supervised training data. By prepending natural language descriptions of the constraints and a few demonstrations, we fine-tune a pre-trained language model to incorporate various types of constraints. Compared to existing search-based or score-based methods, InstructCTG is more flexible to different constraint types and has a much smaller impact on the generation quality and speed because it does not modify the decoding procedure. Additionally, InstructCTG allows the model to adapt to new constraints without re-training through the use of few-shot task generalization and in-context learning abilities of instruction-tuned language models.",
Adaptive and Personalized Exercise Generation for Online Language Learning,2023,"Peng Cui, Mrinmaya Sachan",https://doi.org/10.18653/v1/2023.acl-long.567,"Adaptive learning aims to provide customized educational activities (e.g., exercises) to address individual learning needs. However, manual construction and delivery of such activities is a laborious process. Thus, in this paper, we study a novel task of adaptive and personalized exercise generation for online language learning. To this end, we combine a knowledge tracing model that estimates each student's evolving knowledge states from their learning history and a controlled text generation model that generates exercise sentences based on the student's current estimated knowledge state and instructor requirements of desired properties (e.g., domain knowledge and difficulty). We train and evaluate our model on real-world learner interaction data from Duolingo and demonstrate that LMs guided by student states can generate superior exercises. Then, we discuss the potential use of our model in educational applications using various simulations. These simulations show that our model can adapt to students' individual abilities and can facilitate their learning efficiency by personalizing learning sequences.",
TCTG:A Controllable Text Generation Method Using Text to Control Text Generation,2021,"Xuyuan Liang, Lihua Tian, Li Chen",https://doi.org/10.1109/icsip52628.2021.9688767,"Text generation is an important research field in natural language processing, and current pre-trained models can generate text with very high readability and fluency. However, the content of the generated text cannot be controlled, and it is easy to generate text with weak relevance. Therefore, a controllable text generation method is urgently needed. Traditional controllable text generation methods often have the disadvantages of high training costs and difficult adjustments. This paper presents a method to control text generation by text. By extracting keywords from the data set built by yourself, the sequence of keywords is organized into text information that is controlled to be generated. Insert a module into the language model, use this module to make the initial text interact with the control text, and then perform subsequent generation. And two different training tasks are designed so that the model learns how to control text generation by controlling text information while maintaining a high degree of fluency and diversity of text generation. Experiments have shown that this method can better complete the task of controlling text generation through text, without greatly reducing the fluency and diversity of the generated text, and has a better control effect.",
Advancements in Scientific Controllable Text Generation Methods,2023,"Arnav Goel, Medha Hira, Avinash Anand, Siddhesh Bangar, Rajiv Ratn Shah",https://doi.org/10.48550/arxiv.2307.05538,"The previous work on controllable text generation is organized using a new schema we provide in this study. Seven components make up the schema, and each one is crucial to the creation process. To accomplish controlled generation for scientific literature, we describe the various modulation strategies utilised to modulate each of the seven components. We also offer a theoretical study and qualitative examination of these methods. This insight makes possible new architectures based on combinations of these components. Future research will compare these methods empirically to learn more about their strengths and utility.",
Less Likely Brainstorming: Using Language Models to Generate Alternative Hypotheses,2023,"Liyan Tang, Yifan Peng, Yanshan Wang, Ying Ding, Greg Durrett, Justin F. Rousseau",https://doi.org/10.18653/v1/2023.findings-acl.794,"A human decision-maker benefits the most from an AI assistant that corrects for their biases. For problems such as generating interpretation of a radiology report given findings, a system predicting only highly likely outcomes may be less useful, where such outcomes are already obvious to the user. To alleviate biases in human decision-making, it is worth considering a broad differential diagnosis, going beyond the most likely options. We introduce a new task, ""less likely brainstorming,"" that asks a model to generate outputs that humans think are relevant but less likely to happen. We explore the task in two settings: a brain MRI interpretation generation setting and an everyday commonsense reasoning setting. We found that a baseline approach of training with less likely hypotheses as targets generates outputs that humans evaluate as either likely or irrelevant nearly half of the time; standard MLE training is not effective. To tackle this problem, we propose a controlled text generation method that uses a novel contrastive learning strategy to encourage models to differentiate between generating likely and less likely outputs according to humans. We compare our method with several state-of-the-art controlled text generation models via automatic and human evaluations and show that our models' capability of generating less likely outputs is improved.",
Extracting Latent Steering Vectors from Pretrained Language Models,2022,"Nishant Subramani, Nivedita Suresh, Matthew E. Peters",https://doi.org/10.18653/v1/2022.findings-acl.48,"Prior work on controllable text generation has focused on learning how to control language models through trainable decoding, smart-prompt design, or fine-tuning based on a desired objective. We hypothesize that the information needed to steer the model to generate a target sentence is already encoded within the model. Accordingly, we explore a different approach altogether: extracting latent vectors directly from pretrained language model decoders without fine-tuning. Experiments show that there exist steering vectors, which, when added to the hidden states of the language model, generate a target sentence nearly perfectly (> 99 BLEU) for English sentences from a variety of domains. We show that vector arithmetic can be used for unsupervised sentiment transfer on the Yelp sentiment benchmark, with performance comparable to models tailored to this task. We find that distances between steering vectors reflect sentence similarity when evaluated on a textual similarity benchmark (STS-B), outperforming pooled hidden states of models. Finally, we present an analysis of the intrinsic properties of the steering vectors. Taken together, our results suggest that frozen LMs can be effectively controlled through their latent steering space.",
Controllable Dialogue Generation With Disentangled Multi-Grained Style Specification and Attribute Consistency Reward,2022,"Zhe Hu, Zhiwei Cao, Hou Pong Chan, Jiachen Liu, Xinyan Xiao, Jinsong Su, Hua Wu",https://doi.org/10.1109/taslp.2022.3221002,"Controllable text generation is an appealing but challenging task, which allows users to specify particular attributes of the generated outputs. In this paper, we propose a controllable dialogue generation model to steer response generation under multi-attribute constraints. Specifically, we define and categorize the commonly-used control attributes into global and local ones, which possess different granularities of effects on response generation. Then, we significantly extend the conventional seq2seq framework by introducing a novel two-stage decoder, which first uses a <italic xmlns:mml=""http://www.w3.org/1998/Math/MathML"" xmlns:xlink=""http://www.w3.org/1999/xlink"">multi-grained</i> <italic xmlns:mml=""http://www.w3.org/1998/Math/MathML"" xmlns:xlink=""http://www.w3.org/1999/xlink""><b>style specification layer</b></i> to impose the stylistic constraints and determine word-level control states of responses based on the attributes, and then employs a <bold xmlns:mml=""http://www.w3.org/1998/Math/MathML"" xmlns:xlink=""http://www.w3.org/1999/xlink""><i>response generation layer</i></b> to generate final responses maintaining both semantic relevancy to the contexts and fidelity to the attributes. Furthermore, we train our model with an attribute consistency reward to promote response control with explicit supervision signals. Extensive experiments and in-depth analyses on two datasets indicate that our model can significantly outperform competitive baselines in terms of response quality, content diversity and controllability.",
Genre-Controllable Story Generation via Supervised Contrastive Learning,2022,"Jin-Uk Cho, Min-Su Jeong, JinYeong Bak, Yun-Gyung Cheong",https://doi.org/10.1145/3485447.3512004,"While controllable text generation has received attention due to the recent advances in large-scale pre-trained language models, there is a lack of research that focuses on story-specific controllability. To address this, we present Story Control via Supervised Contrastive learning model (SCSC), to create a story conditioned on genre. For this, we design a supervised contrastive objective combined with log-likelihood objective, to capture the intrinsic differences among the stories in different genres. The results of our automated evaluation and user study demonstrate that the proposed method is effective in genre-controlled story generation.",
COLD-Attack: Jailbreaking LLMs with Stealthiness and Controllability,2024,"Xingang Guo, Fangxu Yu, Huan Zhang, Lianhui Qin, Bin Hu",https://doi.org/10.48550/arxiv.2402.08679,"Jailbreaks on Large language models (LLMs) have recently received increasing attention. For a comprehensive assessment of LLM safety, it is essential to consider jailbreaks with diverse attributes, such as contextual coherence and sentiment/stylistic variations, and hence it is beneficial to study controllable jailbreaking, i.e. how to enforce control on LLM attacks. In this paper, we formally formulate the controllable attack generation problem, and build a novel connection between this problem and controllable text generation, a well-explored topic of natural language processing. Based on this connection, we adapt the Energy-based Constrained Decoding with Langevin Dynamics (COLD), a state-of-the-art, highly efficient algorithm in controllable text generation, and introduce the COLD-Attack framework which unifies and automates the search of adversarial LLM attacks under a variety of control requirements such as fluency, stealthiness, sentiment, and left-right-coherence. The controllability enabled by COLD-Attack leads to diverse new jailbreak scenarios which not only cover the standard setting of generating fluent suffix attacks, but also allow us to address new controllable attack settings such as revising a user query adversarially with minimal paraphrasing, and inserting stealthy attacks in context with left-right-coherence. Our extensive experiments on various LLMs (Llama-2, Mistral, Vicuna, Guanaco, GPT-3.5) show COLD-Attack's broad applicability, strong controllability, high success rate, and attack transferability. Our code is available at https://github.com/Yu-Fangxu/COLD-Attack.",
The Arabic Parallel Gender Corpus 2.0: Extensions and Analyses,2021,"Bashar Alhafni, Nizar Habash, Houda Bouamor",https://doi.org/10.48550/arxiv.2110.09216,"Gender bias in natural language processing (NLP) applications, particularly machine translation, has been receiving increasing attention. Much of the research on this issue has focused on mitigating gender bias in English NLP models and systems. Addressing the problem in poorly resourced, and/or morphologically rich languages has lagged behind, largely due to the lack of datasets and resources. In this paper, we introduce a new corpus for gender identification and rewriting in contexts involving one or two target users (I and/or You) -- first and second grammatical persons with independent grammatical gender preferences. We focus on Arabic, a gender-marking morphologically rich language. The corpus has multiple parallel components: four combinations of 1st and 2nd person in feminine and masculine grammatical genders, as well as English, and English to Arabic machine translation output. This corpus expands on Habash et al. (2019)'s Arabic Parallel Gender Corpus (APGC v1.0) by adding second person targets as well as increasing the total number of sentences over 6.5 times, reaching over 590K words. Our new dataset will aid the research and development of gender identification, controlled text generation, and post-editing rewrite systems that could be used to personalize NLP applications and provide users with the correct outputs based on their grammatical gender preferences. We make the Arabic Parallel Gender Corpus (APGC v2.0) publicly available.",
English grammar multiple-choice question generation using Text-to-Text Transfer Transformer,2023,"Peerawat Chomphooyod, Atiwong Suchato, Nuengwong Tuaycharoen, Proadpran Punyabukkana",https://doi.org/10.1016/j.caeai.2023.100158,"English grammar multiple-choice questions (MCQs) can be automatically generated to reduce preparation time. Previous studies have focused on semiautomated methods based on the transformation of human-made sentences/articles into MCQs, owing to which the number of generated questions is dependent on the size of a given text corpus. This study proposes an artificial intelligence-assisted MCQ generation system that increases the number of generable questions using controllable text generation techniques. In this system, the questions for MCQs are generated using a text generation model trained using the Text-to-Text Transfer Transformer (T5) architecture, a powerful deep learning model for performing text generation tasks, with a keyword and a part-of-speech (POS) template as the input for content and grammar topic control. For the text-to-MCQ transformation process, answer-to-MCQ and distractor-selection strategies are proposed for 10 grammar topics using rule-based algorithms. The quality of the generated MCQs is evaluated by human experts. The acceptance rate of the questions generated using the proposed system is 86%. The controllability of content and grammar topics are 96.86% and 98.57%, respectively. The findings of this study show that the T5 model achieves good performance in terms of controlling the POS structure in a keyword-to-text generation task. Moreover, the good acceptance rate indicates that artificial intelligence has the potential to help teachers speed up the process of selecting examination questions. We also discuss extending the proposed system to other grammar topics and the limitations of the proposed system.",
DExperts: Decoding-Time Controlled Text Generation with Experts and Anti-Experts,2021,"Alisa Liu, Maarten Sap, Ximing Lu, Swabha Swayamdipta, Chandra Bhagavatula, Noah A. Smith, Yejin Choi",https://doi.org/10.48550/arxiv.2105.03023,"Despite recent advances in natural language generation, it remains challenging to control attributes of generated text. We propose DExperts: Decoding-time Experts, a decoding-time method for controlled text generation that combines a pretrained language model with ""expert"" LMs and/or ""anti-expert"" LMs in a product of experts. Intuitively, under the ensemble, tokens only get high probability if they are considered likely by the experts, and unlikely by the anti-experts. We apply DExperts to language detoxification and sentiment-controlled generation, where we outperform existing controllable generation methods on both automatic and human evaluations. Moreover, because DExperts operates only on the output of the pretrained LM, it is effective with (anti-)experts of smaller size, including when operating on GPT-3. Our work highlights the promise of tuning small LMs on text with (un)desirable attributes for efficient decoding-time steering.",
Control With Style: Style Embedding-based Variational Autoencoder for Controlled Stylized Caption Generation Framework,2024,"Dhruv Sharma, Chhavi Dhiman, Dinesh Kumar",https://doi.org/10.1109/tcds.2024.3405573,"Automatic Image captioning is a computationally intensive and structurally complicated task that describes the contents of an image in the form of a natural language sentence. Methods developed in the recent past focused mainly on the description of factual content in images thereby ignoring the different emotions and styles (romantic, humorous, angry, etc.) associated with the image. To overcome this, few works incorporated style-based caption generation that captures the variability in the generated descriptions. This paper presents a Style Embedding-based Variational Autoencoder for Controlled Stylized Caption Generation Framework (RFCG+SE-VAE-CSCG). It generates controlled text-based stylized descriptions of images. It works in two phases i.e., ( <italic xmlns:mml=""http://www.w3.org/1998/Math/MathML"" xmlns:xlink=""http://www.w3.org/1999/xlink"">i</i> ) Refined Factual Caption Generation (RFCG), and ( <italic xmlns:mml=""http://www.w3.org/1998/Math/MathML"" xmlns:xlink=""http://www.w3.org/1999/xlink"">ii</i> ) SE-VAE-CSCG. The former defines an encoder-decoder model for the generation of refined factual captions. Whereas, the latter presents a style embedding-based variational autoencoder for controlled stylized caption generation. The overall proposed framework generates style-based descriptions of images by leveraging Bag-of-Captions (BoC). More so, with the use of a controlled text generation model, the proposed work efficiently learns disentangled representations and generates realistic stylized descriptions of images. Experiments on MSCOCO, Flickr30K, and FlickrStyle10K provide state-of-the-art results for both refined and style-based caption generation, supported with an ablation study.",
Fine-Grained Sentiment-Controlled Text Generation Approach Based on Pre-Trained Language Model,2022,"Linan Zhu, Yifei Xu, Zhechao Zhu, Yinwei Bao, Xiangjie Kong",https://doi.org/10.3390/app13010264,"Sentiment-controlled text generation aims to generate texts according to the given sentiment. However, most of the existing studies focus only on the document- or sentence-level sentiment control, leaving a gap for finer-grained control over the content of generated results. Fine-grained control allows a generated review to express different opinions toward multiple aspects. Some previous works attempted to generate reviews conditioned on aspect-level sentiments, but they usually suffer from low adaptability and the lack of an annotated dataset. To alleviate these problems, we propose a novel pre-trained extended generative model that can dynamically refer to the prompt sentiment, together with an auxiliary classifier that extracts the fine-grained sentiments from the unannotated sentences, thus we conducted training on both annotated and unannotated datasets. We also propose a query-hint mechanism to further guide the generation process toward the aspect-level sentiments at every time step. Experimental results from real-world datasets demonstrated that our model has excellent adaptability in generating aspect-level sentiment-controllable review texts with high sentiment coverage and stable quality since, on both datasets, our model steadily outperforms other baseline models in the metrics of BLEU-4, METETOR, and ROUGE-L etc. The limitation of this work is that we only focus on fine-grained sentiments that are explicitly expressed. Moreover, the implicitly expressed fine-grained sentiment-controllable text generation will be an important puzzle for future work.",
Mutual Disentanglement Learning for Joint Fine-Grained Sentiment Classification and Controllable Text Generation,2022,"Hao Fei, Chenliang Li, Donghong Ji, Fei Li",https://doi.org/10.1145/3477495.3532029,"Fine-grained sentiment classification (FGSC) task and fine-grained controllable text generation (FGSG) task are two representative applications of sentiment analysis, two of which together can actually form an inverse task prediction, i.e., the former aims to infer the fine-grained sentiment polarities given a text piece, while the latter generates text content that describes the input fine-grained opinions. Most of the existing work solves the FGSC and the FGSG tasks in isolation, while ignoring the complementary benefits in between. This paper combines FGSC and FGSG as a joint dual learning system, encouraging them to learn the advantages from each other. Based on the dual learning framework, we further propose decoupling the feature representations in two tasks into fine-grained aspect-oriented opinion variables and content variables respectively, by performing mutual disentanglement learning upon them. We also propose to transform the difficult ""data-to-text'' generation fashion widely used in FGSG into an easier text-to-text generation fashion by creating surrogate natural language text as the model inputs. Experimental results on 7 sentiment analysis benchmarks including both the document-level and sentence-level datasets show that our method significantly outperforms the current strong-performing baselines on both the FGSC and FGSG tasks. Automatic and human evaluations demonstrate that our FGSG model successfully generates fluent, diverse and rich content conditioned on fine-grained sentiments.",
FAST: Improving Controllability for Text Generation with Feedback Aware Self-Training,2022,"Junyi Chai, Reid Pryzant, Victor Ye Dong, Konstantin Golobokov, Chenguang Zhu, Yi Liu",https://doi.org/10.48550/arxiv.2210.03167,"Controllable text generation systems often leverage control codes to direct various properties of the output like style and length. Inspired by recent work on causal inference for NLP, this paper reveals a previously overlooked flaw in these control code-based conditional text generation algorithms. Spurious correlations in the training data can lead models to incorrectly rely on parts of the input other than the control code for attribute selection, significantly undermining downstream generation quality and controllability. We demonstrate the severity of this issue with a series of case studies and then propose two simple techniques to reduce these correlations in training sets. The first technique is based on resampling the data according to an example's propensity towards each linguistic attribute (IPS). The second produces multiple counterfactual versions of each example and then uses an additional feedback mechanism to remove noisy examples (feedback aware self-training, FAST). We evaluate on 3 tasks -- news headline, meta review, and search ads generation -- and demonstrate that FAST can significantly improve the controllability and language quality of generated outputs when compared to state-of-the-art controllable text generation approaches.",
BOLT: Fast Energy-based Controlled Text Generation with Tunable Biases,2023,"Xin Liu, Muhammad Khalifa, Lu Wang",https://doi.org/10.18653/v1/2023.acl-short.18,"Energy-based models (EBMs) have gained popularity for controlled text generation due to their high applicability to a wide range of constraints. However, sampling from EBMs is non-trivial, as it often requires a large number of iterations to converge to plausible text, which slows down the decoding process and makes it less practical for real-world applications. In this work, we propose BOLT, which relies on tunable biases to directly adjust the language model's output logits. Unlike prior work, BOLT maintains the generator's autoregressive nature to assert a strong control on token-wise conditional dependencies and overall fluency, and thus converges faster. When compared with state-of-the-arts on controlled generation tasks using both soft constraints (e.g., sentiment control) and hard constraints (e.g., keyword-guided topic control), BOLT demonstrates significantly improved efficiency and fluency. On sentiment control, BOLT is 7x faster than competitive baselines, and more fluent in 74.4% of the evaluation samples according to human judges.",
How Useful are Educational Questions Generated by Large Language Models?,2023,"Sabina Elkins, Ekaterina Kochmar, Jackie Chi Kit Cheung, Iulian Vlad Serban",https://doi.org/10.48550/arxiv.2304.06638,"Controllable text generation (CTG) by large language models has a huge potential to transform education for teachers and students alike. Specifically, high quality and diverse question generation can dramatically reduce the load on teachers and improve the quality of their educational content. Recent work in this domain has made progress with generation, but fails to show that real teachers judge the generated questions as sufficiently useful for the classroom setting; or if instead the questions have errors and/or pedagogically unhelpful content. We conduct a human evaluation with teachers to assess the quality and usefulness of outputs from combining CTG and question taxonomies (Bloom's and a difficulty taxonomy). The results demonstrate that the questions generated are high quality and sufficiently useful, showing their promise for widespread use in the classroom setting.",
Controlled Text Generation using T5 based Encoder-Decoder Soft Prompt Tuning and Analysis of the Utility of Generated Text in AI,2022,"Damith Chamalke Senadeera, Julia Ive",https://doi.org/10.48550/arxiv.2212.02924,"Controlled text generation is a very important task in the arena of natural language processing due to its promising applications. In order to achieve this task we mainly introduce the novel soft prompt tuning method of using soft prompts at both encoder and decoder levels together in a T5 model and investigate the performance as the behaviour of an additional soft prompt related to the decoder of a T5 model in controlled text generation remained unexplored. Then we also investigate the feasibility of steering the output of this extended soft prompted T5 model at decoder level and finally analyse the utility of generated text to be used in AI related tasks such as training AI models with an interpretability analysis of the classifier trained with synthetic text, as there is a lack of proper analysis of methodologies in generating properly labelled data to be utilized in AI tasks. Through the performed in-depth intrinsic and extrinsic evaluations of this generation model along with the artificially generated data, we found that this model produced better results compared to the T5 model with a single soft prompt at encoder level and the sentiment classifier trained using this artificially generated data can produce comparable classification results to the results of a classifier trained with real labelled data and also the classifier decision is interpretable with respect to the input text content.",
Collocation2Text: Controllable Text Generation from Guide Phrases in Russian,2022,"Sergey Vychegzhanin, Evgeny Kotelnikov",https://doi.org/10.28995/2075-7182-2022-21-564-576,"Large pre-trained language models are capable of generating varied and fluent texts. Starting from the prompt, these models generate a narrative that can develop unpredictably. The existing methods of controllable text generation, which guide the narrative in the text in the user-specified direction, require creating a training corpus and an additional time-consuming training procedure. The paper proposes and investigates Collocation2Text, a plug-and-play method for automatic controllable text generation in Russian, which does not require fine-tuning. The method is based on two interacting models: the autoregressive language ruGPT-3 model and the autoencoding language ruRoBERTa model. The idea of the method is to shift the output distribution of the autoregressive model according to the output distribution of the autoencoding model in order to ensure a coherent transition of the narrative in the text towards the guide phrase, which can contain single words or collocations. The autoencoding model, which is able to take into account the left and right contexts of the token, ""tells"" the autoregressive model which tokens are the most and least logical at the current generation step, increasing or decreasing the probabilities of the corresponding tokens. The experiments on generating news articles using the proposed method showed its effectiveness for automatically generated fluent texts which contain coherent transitions between user-specified phrases.",
Game-Theoretic Approaches for Step-wise Controllable Text Generation in Large Language Models,2024,"Daniel Sefeni, Michael Johnson, Joshua Lee",https://doi.org/10.22541/au.172538388.88528596/v1,"The growing reliance on AI-generated content across various industries necessitates robust methods for controlling the outputs of language models to ensure quality, relevance, and adherence to ethical guidelines.Introducing a novel gametheoretic framework, this research establishes a structured approach to controllable text generation, enabling strategic manipulation of language model outputs through adaptive prompt interventions.The study employed the Mistral language model, utilizing concepts of Nash equilibrium and feedback loops to dynamically adjust prompt strategies, optimizing the balance between content alignment, diversity, and coherence.Experimental results demonstrated that different prompt strategies distinctly influenced the generated text, with direct prompts enhancing relevance and interrogative prompts promoting creative expression.Case studies further illustrated the practical applications of the framework, showcasing its adaptability across various text generation tasks.The comparative analysis against traditional control methods highlighted the superiority of the game-theoretic approach in achieving high-quality, controlled outputs.These findings demonstrate the framework's potential to enhance AIdriven content generation, offering significant implications for human-AI collaboration, automated content creation, and the ethical deployment of AI technologies.",
Linear Interpolation In Parameter Space is Good Enough for Fine-Tuned Language Models,2022,"Mark Rofin, Nikita Balagansky, Daniil Gavrilov",https://doi.org/10.48550/arxiv.2211.12092,"The simplest way to obtain continuous interpolation between two points in high dimensional space is to draw a line between them. While previous works focused on the general connectivity between model parameters, we explored linear interpolation for parameters of pre-trained models after fine-tuning. Surprisingly, we could perform linear interpolation without a performance drop in intermediate points for fine-tuned models. For controllable text generation, such interpolation could be seen as moving a model towards or against the desired text attribute (e.g., positive sentiment), which could be used as grounds for further methods for controllable text generation without inference speed overhead.",
Controlling impression: Making ruGPT3 generate sentiment-driven movie reviews,2022,Anastasia V. Margolina,https://doi.org/10.33910/2687-0215-2022-4-1-15-25,"In this research paper, I investigate the controlled text generation capabilities of ruGPT3Large through fine-tuning, specifically focusing on generating movie reviews based on a designated sentiment attribute. Controlled text generation is an active area of inquiry within the domain of Natural Language Processing, particularly for the Russian language. This study exemplifies a simple approach to controllable text generation by training ruGPT3 on a textual dataset containing sentiment-marked prompts, enabling the model to recognize patterns and generate analogous texts. The research provides a comprehensive analysis of the limitations, shortcomings and merits of fine-tuning a large language model using prompts embedded in a dataset. The generated texts exhibit coherence, logical structure, abundant coreferential links, and narratives and vocabularies characteristic of film reviews. Nevertheless, ruGPT3-generated reviews exhibit certain linguistic errors. I classify the most prevalent errors, such as named entity confusion, grammatical gender inconsistencies and sentiment fluctuations. Given that the primary objective is to evaluate the efficacy of basic fine-tuning with respect to the specified attribute, both automatic sentiment analysis and human evaluation are employed for output assessment. In comparing the outputs of the fine-tuned model and the baseline ruGPT3Large, I observe that positive sentiment generation is the most successful, while neutral and negative sentiments are produced by the models less accurately.",
Focused Prefix Tuning for Controllable Text Generation,2023,"Congda Ma, Tianyu Zhao, Makoto Shing, Kei Sawada, Manabu Okumura",https://doi.org/10.18653/v1/2023.acl-short.96,"In a controllable text generation dataset, there exist unannotated attributes that could provide irrelevant learning signals to models that use it for training and thus degrade their performance. We propose focused prefix tuning (FPT) to mitigate the problem and to enable the control to focus on the desired attribute. Experimental results show that FPT can achieve better control accuracy and text fluency than baseline models in single-attribute control tasks. In multi-attribute control tasks, FPT achieves comparable control accuracy with the state-of-the-art approach while keeping the flexibility to control new attributes without retraining existing models.",
Controlled Cue Generation for Play Scripts,2021,"Alara Dirik, Hilal Dönmez, Pinar Yanardag",https://doi.org/10.48550/arxiv.2112.06953,"In this paper, we use a large-scale play scripts dataset to propose the novel task of theatrical cue generation from dialogues. Using over one million lines of dialogue and cues, we approach the problem of cue generation as a controlled text generation task, and show how cues can be used to enhance the impact of dialogue using a language model conditioned on a dialogue/cue discriminator. In addition, we explore the use of topic keywords and emotions for controlled text generation. Extensive quantitative and qualitative experiments show that language models can be successfully used to generate plausible and attribute-controlled texts in highly specialised domains such as play scripts. Supporting materials can be found at: https://catlab-team.github.io/cuegen.",
A Distributional Lens for Multi-Aspect Controllable Text Generation,2022,"Yuxuan Gu, Xiaocheng Feng, Sicheng Ma, Lingyuan Zhang, Heng Gong, Bing Qin",https://doi.org/10.48550/arxiv.2210.02889,"Multi-aspect controllable text generation is a more challenging and practical task than single-aspect control. Existing methods achieve complex multi-aspect control by fusing multiple controllers learned from single-aspect, but suffer from attribute degeneration caused by the mutual interference of these controllers. To address this, we provide observations on attribute fusion from a distributional perspective and propose to directly search for the intersection areas of multiple attribute distributions as their combination for generation. Our method first estimates the attribute space with an autoencoder structure. Afterward, we iteratively approach the intersections by jointly minimizing distances to points representing different attributes. Finally, we map them to attribute-relevant sentences with a prefix-tuning-based decoder. Experiments on the three-aspect control task, including sentiment, topic, and detoxification aspects, reveal that our method outperforms several strong baselines on attribute relevance and text quality and achieves the SOTA. Further analysis also supplies some explanatory support for the effectiveness of our approach.",
How to Control Sentiment in Text Generation: A Survey of the State-of-the-Art in Sentiment-Control Techniques,2023,"Michela Lorandi, Anja Belz",https://doi.org/10.18653/v1/2023.wassa-1.30,"Recent advances in the development of large Pretrained Language Models, such as GPT, BERT and Bloom, have achieved remarkable performance on a wide range of different NLP tasks. However, when used for text generation tasks, these models still have limitations when it comes to controlling the content and style of the generated text, often producing content that is incorrect, irrelevant, or inappropriate in the context of a given task. In this survey paper, we explore methods for controllable text generation with a focus on sentiment control. We systematically collect papers from the ACL Anthology, create a categorisation scheme based on different control techniques and controlled attributes, and use the scheme to categorise and compare methods. The result is a detailed and comprehensive overview of state-of-the-art techniques for sentiment-controlled text generation categorised on the basis of how the control is implemented and what attributes are controlled and providing a clear idea of their relative strengths and weaknesses.",
ENTRUST: Argument Reframing with Language Models and Entailment,2021,"Tuhin Chakrabarty, Christopher Hidey, Smaranda Muresan",,"Framing involves the positive or negative presentation of an argument or issue depending on the audience and goal of the speaker (Entman 1983). Differences in lexical framing, the focus of our work, can have large effects on peoples' opinions and beliefs. To make progress towards reframing arguments for positive effects, we create a dataset and method for this task. We use a lexical resource for connotations to create a parallel corpus and propose a method for argument reframing that combines controllable text generation (positive connotation) with a post-decoding entailment component (same denotation). Our results show that our method is effective compared to strong baselines along the dimensions of fluency, meaning, and trustworthiness/reduction of fear.",
Towards Attribute-Entangled Controllable Text Generation: A Pilot Study of Blessing Generation,2022,"Shulin Huang, Shirong Ma, Yinghui Li, Yangning Li, Shiyang Lin, Hai-Tao Zheng, Ying Shen",https://doi.org/10.18653/v1/2022.gem-1.20,"Controllable Text Generation (CTG) has obtained great success due to its fine-grained generation ability obtained by focusing on multiple attributes. However, most existing CTG researches overlook how to utilize the attribute entanglement to enhance the diversity of the controlled generated texts. Facing this dilemma, we focus on a novel CTG scenario, i.e., blessing generation which is challenging because high-quality blessing texts require CTG models to comprehensively consider the entanglement between multiple attributes (e.g., objects and occasions). To promote the research on blessing generation, we present EBleT, a large-scale Entangled Blessing Text dataset containing 293K English sentences annotated with multiple attributes. Furthermore, we propose novel evaluation metrics to measure the quality of the blessing texts generated by the baseline models we designed. Our study opens a new research direction for controllable text generation and enables the development of attribute-entangled CTG models.",
A Recent Survey on Controllable Text Generation: a Causal Perspective,2024,"Junli Wang, Chenyang Zhang, Dongyu Zhang, Haibo Tong, Chungang Yan, Changjun Jiang",https://doi.org/10.1016/j.fmre.2024.01.001,"As an important subject of natural language generation, Controllable Text Generation (CTG) focuses on integrating additional constraints and controls while generating texts and has attracted a lot of attention. Existing controllable text generation approaches mainly capture the statistical association implied within training texts, but generated texts lack causality consideration. This paper intends to review recent CTG approaches from a causal perspective. Firstly, according to previous research on basic types of CTG models, it is discovered that their essence is to obtain the association, and then four kinds of challenges caused by absence of causality are introduced. Next, this paper reviews the improvements to address these challenges from four aspects, namely representation disentanglement, causal inference, knowledge enhancement and multi-aspect CTG respectively. Additionally, this paper inspects existing evaluations of CTG, especially evaluations for causality of CTG. Finally, this review discusses some future research directions for the causality improvement of CTG and makes a conclusion.",
Towards Attribute-Entangled Controllable Text Generation: A Pilot Study of Blessing Generation,2022,"Shulin Huang, Shirong Ma, Yinghui Li, Yangning Li, Shiyang Lin, Hai-Tao Zheng, Ying Shen",https://doi.org/10.48550/arxiv.2210.16557,"Controllable Text Generation (CTG) has obtained great success due to its fine-grained generation ability obtained by focusing on multiple attributes. However, most existing CTG researches overlook how to utilize the attribute entanglement to enhance the diversity of the controlled generated texts. Facing this dilemma, we focus on a novel CTG scenario, i.e., blessing generation which is challenging because high-quality blessing texts require CTG models to comprehensively consider the entanglement between multiple attributes (e.g., objects and occasions). To promote the research on blessing generation, we present EBleT, a large-scale Entangled Blessing Text dataset containing 293K English sentences annotated with multiple attributes. Furthermore, we propose novel evaluation metrics to measure the quality of the blessing texts generated by the baseline models we designed. Our study opens a new research direction for controllable text generation and enables the development of attribute-entangled CTG models. Our dataset and source codes are available at \url{https://github.com/huangshulin123/Blessing-Generation}.",
Benchmarking Large Language Models on Controllable Generation under Diversified Instructions,2024,"Yihan Chen, Benfeng Xu, Quan Wang, Yi Liu, Zhendong Mao",https://doi.org/10.1609/aaai.v38i16.29734,"While large language models (LLMs) have exhibited impressive instruction-following capabilities, it is still unclear whether and to what extent they can respond to explicit constraints that might be entailed in various instructions. As a significant aspect of LLM alignment, it is thus important to formulate such a specialized set of instructions as well as investigate the resulting behavior of LLMs. To address this vacancy, we propose a new benchmark CoDI-Eval to systematically and comprehensively evaluate LLMs' responses to instructions with various constraints. We construct a large collection of constraints-attributed instructions as a test suite focused on both generalization and coverage. Specifically, we advocate an instruction diversification process to synthesize diverse forms of constraint expression and also deliberate the candidate task taxonomy with even finer-grained sub-categories. Finally, we automate the entire evaluation process to facilitate further developments. Different from existing studies on controllable text generation, CoDI-Eval extends the scope to the prevalent instruction-following paradigm for the first time. We provide extensive evaluations of representative LLMs (e.g., ChatGPT, Vicuna) on CoDI-Eval, revealing their limitations in following instructions with specific constraints and there is still a significant gap between open-source and commercial closed-source LLMs. We believe this benchmark will facilitate research into improving the controllability of LLMs' responses to instructions. Our data and code are available at https://github.com/Xt-cyh/CoDI-Eval.",
Mix and Match: Learning-free Controllable Text Generation using Energy Language Models,2022,"Fatemehsadat Mireshghallah, Kartik Goyal, Taylor Berg-Kirkpatrick",https://doi.org/10.48550/arxiv.2203.13299,"Recent work on controlled text generation has either required attribute-based fine-tuning of the base language model (LM), or has restricted the parameterization of the attribute discriminator to be compatible with the base autoregressive LM. In this work, we propose Mix and Match LM, a global score-based alternative for controllable text generation that combines arbitrary pre-trained black-box models for achieving the desired attributes in the generated text without involving any fine-tuning or structural assumptions about the black-box models. We interpret the task of controllable generation as drawing samples from an energy-based model whose energy values are a linear combination of scores from black-box models that are separately responsible for fluency, the control attribute, and faithfulness to any conditioning context. We use a Metropolis-Hastings sampling scheme to sample from this energy-based model using bidirectional context and global attribute features. We validate the effectiveness of our approach on various controlled generation and style-based text revision tasks by outperforming recently proposed methods that involve extra training, fine-tuning, or restrictive assumptions over the form of models.",
Plug-and-Play Controller for Story Completion: A Pilot Study toward Emotion-aware Story Writing Assistance,2022,"Yusuke Mori, Hiroaki Yamane, Shimizu Ryohei, Tatsuya Harada",https://doi.org/10.18653/v1/2022.in2writing-1.6,"Emotions are essential for storytelling and narrative generation, and as such, the relationship between stories and emotions has been extensively studied. The authors of this paper, including a professional novelist, have examined the use of natural language processing to address the problems of novelists from the perspective of practical creative writing. In particular, the story completion task, which requires understanding the existing unfinished context, was studied from the perspective of creative support for human writers, to generate appropriate content to complete the unfinished parts. It was found that unsupervised pre-trained large neural models of the sequence-to-sequence type are useful for this task. Furthermore, based on the plug-and-play module for controllable text generation using GPT-2, an additional module was implemented to consider emotions. Although this is a preliminary study, and the results leave room for improvement before incorporating the model into a practical system, this effort is an important step in complementing the emotional trajectory of the story.",
Beyond Opinion Mining: Summarizing Opinions of Customer Reviews,2022,"Reinald Kim Amplayo, Arthur Bražinskas, Yoshi Suhara, Xiaolan Wang, Bing Liu",https://doi.org/10.48550/arxiv.2206.01543,"Customer reviews are vital for making purchasing decisions in the Information Age. Such reviews can be automatically summarized to provide the user with an overview of opinions. In this tutorial, we present various aspects of opinion summarization that are useful for researchers and practitioners. First, we will introduce the task and major challenges. Then, we will present existing opinion summarization solutions, both pre-neural and neural. We will discuss how summarizers can be trained in the unsupervised, few-shot, and supervised regimes. Each regime has roots in different machine learning methods, such as auto-encoding, controllable text generation, and variational inference. Finally, we will discuss resources and evaluation methods and conclude with the future directions. This three-hour tutorial will provide a comprehensive overview over major advances in opinion summarization. The listeners will be well-equipped with the knowledge that is both useful for research and practical applications.",
Controllable Text Generation for Open-Domain Creativity and Fairness,2022,Nanyun Peng,https://doi.org/10.24963/ijcai.2022/818,"Recent advances in large pre-trained language models have demonstrated strong results in generating natural languages and significantly improved performances for many natural language generation (NLG) applications such as machine translation and text summarization. However, when the generation tasks are more open-ended and the content is under-specified, existing techniques struggle to generate long-term coherent and creative content. Moreover, the models exhibit and even amplify social biases that are learned from the training corpora. This happens because the generation models are trained to capture the surface patterns (i.e. sequences of words), instead of capturing underlying semantics and discourse structures, as well as background knowledge including social norms. In this paper, I introduce our recent works on controllable text generation to enhance the creativity and fairness of language generation models. We explore hierarchical generation and constrained decoding, with applications to creative language generation including story, poetry, and figurative languages, and bias mitigation for generation models.",
Air-Decoding: Attribute Distribution Reconstruction for Decoding-Time Controllable Text Generation,2023,"Tianqi Zhong, Quan Wang, Jingxuan Han, Yongdong Zhang, Zhendong Mao",https://doi.org/10.18653/v1/2023.emnlp-main.512,"Controllable text generation (CTG) aims to generate text with desired attributes, and decoding-time-based methods have shown promising performance on this task. However, in this paper, we identify the phenomenon of Attribute Collapse for the first time. It causes the fluency of generated text to rapidly decrease when the control strength exceeds a critical value, rendering the text completely unusable. This limitation hinders the effectiveness of decoding methods in achieving high levels of controllability. To address this problem, we propose a novel lightweight decoding framework named Air-Decoding. Its main idea is reconstructing the attribute distributions to balance the weights between attribute words and non-attribute words to generate more fluent text. Specifically, we train prefixes by prefix-tuning to obtain attribute distributions. Then we design a novel attribute distribution reconstruction method to balance the obtained distributions and use the reconstructed distributions to guide language models for generation, effectively avoiding the issue of Attribute Collapse. Experiments on multiple CTG tasks prove that our method achieves a new state-of-the-art control performance.",
Backpack Language Models,2023,"John K. Hewitt, John Thickstun, Christopher D. Manning, Percy Liang",https://doi.org/10.18653/v1/2023.acl-long.506,"We present Backpacks: a new neural architecture that marries strong modeling performancewith an interface for interpretability and control. Backpacks learn multiple non-contextual sense vectors for each word in a vocabulary, and represent a word in a sequence as a context-dependent, non-negative linear combination ofsense vectors in this sequence. We find that, after training, sense vectors specialize, each encoding a different aspect of a word. We can interpret a sense vector by inspecting its (non-contextual, linear) projection onto the output space, and intervene on these interpretable hooks to change the model’s behavior in predictable ways. We train a 170M-parameter Backpack language model on OpenWebText, matching the loss of a GPT-2 small (124Mparameter) Transformer. On lexical similarity evaluations, we find that Backpack sense vectors outperform even a 6B-parameter Transformer LM’s word embeddings. Finally, we present simple algorithms that intervene on sense vectors to perform controllable text generation and debiasing. For example, we can edit the sense vocabulary to tend more towards a topic, or localize a source of gender bias to a sense vector and globally suppress that sense.",
A new era of AI‐assisted journalism at Bloomberg,2024,"Claudia Quinonez, Edgar Meij",https://doi.org/10.1002/aaai.12181,"Abstract Artificial intelligence (AI) is impacting and has the potential to upend entire business models and structures. The adoption of such new technologies to support newsgathering processes is established practice for newsrooms. For AI specifically, we are seeing a new era of AI‐assisted journalism emerge with trust in the AI‐driven analyses and accuracy of results as core tenets. In Part I of this position paper, we discuss the contributions of six recently published research papers co‐authored by Bloomberg's Artificial Intelligence Engineering team that show the intricacies of training AI models for reliable newsgathering processes. The papers investigate (a) the creation of models for updated headline generation, showing that headline generation models benefit from access to the past state of the article, (b) sequentially controlled text generation, which is a novel task and we show that in general, more structured awareness results in higher control accuracy and grammatical coherence, (c) chart summarization, which looks into identifying the key message and generating sentences that describe salient information in the multimodal documents, (d) a semistructured natural language inference task to develop a framework for data augmentation for tabular inference, (e) the introduction of a human‐annotated dataset (ENTSUM) for controllable summarization with a focus on named entities as the aspect to control, and (f) a novel defense mechanism against adversarial attacks (ATINTER). We also examine Bloomberg's research work, building its own internal, not‐for‐commercial‐use large language model, BloombergGPT, and training it with the goal of demonstrating support for a wide range of tasks within the financial industry. In Part II, we analyze the evolution of automation tasks in the Bloomberg newsroom that led to the creation of Bloomberg's News Innovation Lab. Technology‐assisted content creation has been a reality at Bloomberg News for nearly a decade and has evolved from rules‐based headline generation from structured files to the constant exploration of potential ways to assist story creation and storytelling in the financial domain. The Lab now oversees the operation of hundreds of software bots that create semi‐ and fully automated stories of financial relevance, providing journalists with depth in terms of data and analysis, speed in terms of reacting to breaking news, and transparency to corners of the financial world where data investigation is a gigantic undertaking. The Lab recently introduced new tools that provide journalists with the ability to explore automation on demand while it continues to experiment with ways to assist story production. In Part III, we conceptually discuss the transformative impact that generative AI can have in any newsroom, along with considerations about the technology's shortcomings in its current state of development. As with any revolutionary new technology, as well as with exciting research opportunities, part of the challenge is balancing any potential positive and negative impacts on society. We offer our principles and guidelines used to inform our approach to experimenting with the new generative AI technologies. Bloomberg News’ style guide reminds us that our “journalism is aimed at possibly the most sophisticated audience in the world, for whom accuracy is essential.”",
Classifiers are Better Experts for Controllable Text Generation,2022,"Askhat Sitdikov, Nikita Balagansky, Daniil Gavrilov, А. В. Марков",https://doi.org/10.48550/arxiv.2205.07276,"This paper proposes a simple method for controllable text generation based on weighting logits with a free-form classifier, namely CAIF sampling. Using an arbitrary text classifier, we adjust a small part of a language model's logits and guide text generation towards or away from classifier prediction. We experimented with toxicity avoidance and sentiment control tasks and showed that the proposed method significantly outperforms recent PPLM, GeDi, and DExperts on PPL and task accuracy metrics based on the external classifier of generated texts. In addition, compared to other approaches, it is easier to implement and tune and has significantly fewer restrictions and requirements.",
Controllable News Comment Generation based on Attribute Level Contrastive Learning,2023,"Hanyi Zou, Nan Xu, Qingchao Kong, Wenji Mao",https://doi.org/10.1109/isi58743.2023.10297146,"News comments provide a convenient way for people to express opinions and exchange ideas. Positive comments en-courage a harmonious discussion atmosphere within news media communities. In contrast, offensive or insulting comments may result in cyberbullying and personal psychological trauma, which have particular practical impacts in security-related domains. The automatic generation of news comments with controllable attributes (e.g. sentiment) to assist users and news platform administrators is greatly needed. However, existing research for news comment generation has not addressed the controllable issue yet. On the other hand, existing methods for controllable text generation focus on token-level constraints, which are not applicable to controlling the sentence level attributes for news comment generation. To address this challenging issue, in this paper, we propose an attribute-level contrastive learning method for controllable news comment generation. To apply attribute level constraints on the generated text, our method considers the attributes of the generated comments and the pre-defined attributes as different views of the same attribute, and maximizes their similarity during the training process. We conduct experiments on two publicly available news comment datasets, and the experimental results show that our model achieves competitive performance in news comment generation and attribute controllability.",
Don't throw away your value model! Making PPO even better via Value-Guided Monte-Carlo Tree Search decoding,2023,"Jiacheng Liu, Andrew Cohen, Ramakanth Pasunuru, Yejin Choi, Hannaneh Hajishirzi, Aslı Çelikyılmaz",https://doi.org/10.48550/arxiv.2309.15028,"Inference-time search algorithms such as Monte-Carlo Tree Search (MCTS) may seem unnecessary when generating natural language text based on state-of-the-art reinforcement learning such as Proximal Policy Optimization (PPO). In this paper, we demonstrate that it is possible to get extra mileage out of PPO by integrating MCTS on top. The key idea is not to throw out the value network, a byproduct of PPO training for evaluating partial output sequences, when decoding text out of the policy network. More concretely, we present a novel value-guided decoding algorithm called PPO-MCTS, which can integrate the value network from PPO to work closely with the policy network during inference-time generation. Compared to prior approaches based on MCTS for controlled text generation, the key strength of our approach is to reduce the fundamental mismatch of the scoring mechanisms of the partial outputs between training and test. Evaluation on four text generation tasks demonstrate that PPO-MCTS greatly improves the preferability of generated text compared to the standard practice of using only the PPO policy. Our results demonstrate the promise of search algorithms even on top of the aligned language models from PPO, and the under-explored benefit of the value network.",
Towards Incremental NER Data Augmentation via Syntactic-aware Insertion Transformer,2023,"Wenjun Ke, Zongkai Tian, Qi Liu, Peng Wang, Jinhua Gao, Rui Qi",https://doi.org/10.24963/ijcai.2023/567,"Named entity recognition (NER) aims to locate and classify named entities in natural language texts. Most existing high-performance NER models employ a supervised paradigm, which requires a large quantity of high-quality annotated data during training. In order to help NER models perform well in few-shot scenarios, data augmentation approaches attempt to build extra data by means of random editing or by using end-to-end generation with PLMs. However, these methods focus on only the fluency of generated sentences, ignoring the syntactic correlation between the new and raw sentences. Such uncorrelation also brings low diversity and inconsistent labeling of synthetic samples. To fill this gap, we present SAINT (Syntactic-Aware InsertioN Transformer), a hard-constraint controlled text generation model that incorporates syntactic information. The proposed method operates by inserting new tokens between existing entities in a parallel manner. During insertion procedure, new tokens will be added taking both semantic and syntactic factors into account. Hence the resulting sentence can retain the syntactic correctness with respect to the raw data. Experimental results on two benchmark datasets, i.e., Ontonotes and Wikiann, demonstrate the comparable performance of SAINT over the state-of-the-art baselines.",
Focused Prefix Tuning for Controllable Text Generation,2024,"Congda Ma, Tianyu Zhao, Makoto Shing, Kei Sawada, Manabu Okumura",https://doi.org/10.5715/jnlp.31.250,"In a controllable text generation dataset, unannotated attributes may provide irrelevant learning signals to models that use them for training, thereby degrading their performance. We propose focused prefix tuning(FPT) to mitigate this problem and enable control to focus on the desired attribute. Experimental results show that FPT can achieve better control accuracy and text fluency than baseline models in single-attribute control tasks. In multi-attribute control tasks, FPT achieves control accuracy comparable to that of the state-of-the-art approach while maintaining the flexibility to control new attributes without retraining existing models.",
Exploring Evaluation Techniques in Controlled Text Generation: A Comparative Study of Semantics and Sentiment in ruGPT3large-Generated and Human-Written Movie Reviews,2023,"Anastasia V. Margolina, Anastasia V. Kolmogorova",https://doi.org/10.28995/2075-7182-2023-22-1082-1090,"The paper describes the proposed strategy for evaluation controlled text generation with the sentiment as attribute. Our approach mainly consists of automatic sentiment analysis (ruBERT) and topic modelling (BERTopic), which are applied to a parallel corpus with artificially produced and human-written texts. The model for evaluation is fine-tuned on the parsed reviews from big Russian movie-related website ruGPT3Large with the sentiment as prompt. The results of the analysis demonstrate that the proposed methods can offer a more comprehensive understanding of the advantages and limitations in the context of semantics and sentiment. Additionally, the paper employs metrics such as BERTscore and self-BLEU to further evaluate the generated text. The proposed methodology provides a novel approach for evaluating the quality of generated text and may have implications for future studies in the field",
Plug-and-Play Recipe Generation with Content Planning,2022,"Yinhong Liu, Yixuan Su, Ehsan Shareghi, Nigel Collier",https://doi.org/10.18653/v1/2022.gem-1.19,"Recent pre-trained language models have shown promising capability to generate fluent and realistic natural text. However, generating multi-sentence text with global content planning has been a long-existing research question. The current controlled text generation models cannot directly address this issue, as they usually condition on single known control attribute. We propose a low-cost yet effective framework that explicitly models content plans and optimizes the joint distribution of the natural sequence and the content plans in a plug-and-play post-processing manner. We evaluate our model with extensive automatic metrics and human evaluations and show that it achieves the state-of-the-art performance on the recipe generation task on Recipe1M+ dataset.",
An Investigation into the Effect of Control Tokens on Text Simplification,2022,"Zihao Li, Matthew Shardlow, Saeed‐Ul Hassan",https://doi.org/10.18653/v1/2022.tsar-1.14,"Recent work on text simplification has focused on the use of control tokens to further the state of the art. However, it is not easy to further improve without an in-depth comprehension of the mechanisms underlying control tokens. One unexplored factor is the tokenisation strategy, which we also explore. In this paper, we (1) reimplemented ACCESS, (2) explored the effects of varying control tokens, (3) tested the influences of different tokenisation strategies, and (4) demonstrated how separate control tokens affect performance. We show variations of performance in the four control tokens separately. We also uncover how the design of control tokens could influence the performance and propose some suggestions for designing control tokens, which also reaches into other controllable text generation tasks.",
Contrastive Perplexity for Controlled Generation: An Application in Detoxifying Large Language Models,2024,"Tassilo Klein, Moin Nabi",https://doi.org/10.48550/arxiv.2401.08491,"The generation of undesirable and factually incorrect content of large language models poses a significant challenge and remains largely an unsolved issue. This paper studies the integration of a contrastive learning objective for fine-tuning LLMs for implicit knowledge editing and controlled text generation. Optimizing the training objective entails aligning text perplexities in a contrastive fashion. To facilitate training the model in a self-supervised fashion, we leverage an off-the-shelf LLM for training data generation. We showcase applicability in the domain of detoxification. Herein, the proposed approach leads to a significant decrease in the generation of toxic content while preserving general utility for downstream tasks such as commonsense reasoning and reading comprehension. The proposed approach is conceptually simple but empirically powerful.",
Sampling from Discrete Energy-Based Models with Quality/Efficiency Trade-offs,2021,"Bryan Eikema, Germán Kruszewski, Hady Elsahar, Marc Dymetman",https://doi.org/10.48550/arxiv.2112.05702,"Energy-Based Models (EBMs) allow for extremely flexible specifications of probability distributions. However, they do not provide a mechanism for obtaining exact samples from these distributions. Monte Carlo techniques can aid us in obtaining samples if some proposal distribution that we can easily sample from is available. For instance, rejection sampling can provide exact samples but is often difficult or impossible to apply due to the need to find a proposal distribution that upper-bounds the target distribution everywhere. Approximate Markov chain Monte Carlo sampling techniques like Metropolis-Hastings are usually easier to design, exploiting a local proposal distribution that performs local edits on an evolving sample. However, these techniques can be inefficient due to the local nature of the proposal distribution and do not provide an estimate of the quality of their samples. In this work, we propose a new approximate sampling technique, Quasi Rejection Sampling (QRS), that allows for a trade-off between sampling efficiency and sampling quality, while providing explicit convergence bounds and diagnostics. QRS capitalizes on the availability of high-quality global proposal distributions obtained from deep learning models. We demonstrate the effectiveness of QRS sampling for discrete EBMs over text for the tasks of controlled text generation with distributional constraints and paraphrase generation. We show that we can sample from such EBMs with arbitrary precision at the cost of sampling efficiency.",
Structured Voronoi Sampling,2023,"Afra Amini, Li Du, Ryan Cotterell",https://doi.org/10.48550/arxiv.2306.03061,"Gradient-based sampling algorithms have demonstrated their effectiveness in text generation, especially in the context of controlled text generation. However, there exists a lack of theoretically grounded and principled approaches for this task. In this paper, we take an important step toward building a principled approach for sampling from language models with gradient-based methods. We use discrete distributions given by language models to define densities and develop an algorithm based on Hamiltonian Monte Carlo to sample from them. We name our gradient-based technique Structured Voronoi Sampling (SVS). In an experimental setup where the reference distribution is known, we show that the empirical distribution of SVS samples is closer to the reference distribution compared to alternative sampling schemes. Furthermore, in a controlled generation task, SVS is able to generate fluent and diverse samples while following the control targets significantly better than other methods.",
Goodtriever: Adaptive Toxicity Mitigation with Retrieval-augmented Models,2023,"Luiza Pozzobon, Beyza Ermiş, Patrick A. Lewis, Sara Hooker",https://doi.org/10.48550/arxiv.2310.07589,"Considerable effort has been dedicated to mitigating toxicity, but existing methods often require drastic modifications to model parameters or the use of computationally intensive auxiliary models. Furthermore, previous approaches have often neglected the crucial factor of language's evolving nature over time. In this work, we present a comprehensive perspective on toxicity mitigation that takes into account its changing nature. We introduce Goodtriever, a flexible methodology that matches the current state-of-the-art toxicity mitigation while achieving 43% relative latency reduction during inference and being more computationally efficient. By incorporating a retrieval-based approach at decoding time, Goodtriever enables toxicity-controlled text generation. Our research advocates for an increased focus on adaptable mitigation techniques, which better reflect the data drift models face when deployed in the wild. Code and data are available at https://github.com/for-ai/goodtriever.",
Controlled text style transfer via noise enhancement of deep learning transformer,2022,"Xingxin Zhang, Shuhao Shi, Zhigang Guo, Gang Chen, Han Wei, Yongwang Tang, Liuyang Yu",https://doi.org/10.1117/12.2639492,"Text style transfer is one of the controllable text generation tasks, which can convert text style attributes. The mainstream method is to separate the content and style of the text, and then combine the content vectors with other style vectors to generate. However, implicit expression cannot completely separate meaning and style, separation and recombination may also lead to a decrease in the naturalness and fluency of the text. Therefore, we propose a new idea, which first encodes the text into a latent representation, and iteratively optimizes the latent representation with the smallest changes to achieve style transfer. Introducing noise enhancement before generating results improves the robustness of the generated system and reduces the occurrence of individual results with large errors. Experiments show that our optimization method based on noise enhancement performs well on two public datasets, Yelp and Amazon. Result has excellent performance in three indicators: content preservation, transfer strength, and fluency.",
Semi-supervised Relation Extraction via Data Augmentation and Consistency-training,2023,Komal K. Teru,https://doi.org/10.18653/v1/2023.eacl-main.79,"Due to the semantic complexity of the Relation extraction (RE) task, obtaining high-quality human labelled data is an expensive and noisy process. To improve the sample efficiency of the models, semi-supervised learning (SSL) methods aim to leverage unlabelled data in addition to learning from limited labelled data points. Recently, strong data augmentation combined with consistency-based semi-supervised learning methods have advanced the state of the art in several SSL tasks. However, adapting these methods to the RE task has been challenging due to the difficulty of data augmentation for RE. In this work, we leverage the recent advances in controlled text generation to perform high-quality data augmentation for the RE task. We further introduce small but significant changes to model architecture that allows for generation of more training data by interpolating different data points in their latent space. These data augmentations along with consistency training result in very competitive results for semi-supervised relation extraction on four benchmark datasets.",
Controllable Text Generation for Open-Domain Creativity and Fairness,2022,Nanyun Peng,https://doi.org/10.48550/arxiv.2209.12099,"Recent advances in large pre-trained language models have demonstrated strong results in generating natural languages and significantly improved performances for many natural language generation (NLG) applications such as machine translation and text summarization. However, when the generation tasks are more open-ended and the content is under-specified, existing techniques struggle to generate long-term coherent and creative content. Moreover, the models exhibit and even amplify social biases that are learned from the training corpora. This happens because the generation models are trained to capture the surface patterns (i.e. sequences of words), instead of capturing underlying semantics and discourse structures, as well as background knowledge including social norms. In this paper, I introduce our recent works on controllable text generation to enhance the creativity and fairness of language generation models. We explore hierarchical generation and constrained decoding, with applications to creative language generation including story, poetry, and figurative languages, and bias mitigation for generation models.",
An Extensible Plug-and-Play Method for Multi-Aspect Controllable Text Generation,2023,"Xuancheng Huang, Zijun Liu, Peng Li, Tao Li, Maosong Sun, Yang Liu",https://doi.org/10.18653/v1/2023.acl-long.849,"Recently, multi-aspect controllable text generation that controls the generated text in multiple aspects (e.g., sentiment, topic, and keywords) has attracted increasing attention. Although methods based on parameter efficient tuning like prefix-tuning could achieve multi-aspect controlling in a plug-and-play way, the mutual interference of multiple prefixes leads to significant degeneration of constraints and limits their extensibility to training-time unseen aspect combinations. In this work, we provide a theoretical lower bound for the interference and empirically found that the interference grows with the number of layers where prefixes are inserted. Based on these analyses, we propose using trainable gates to normalize the intervention of prefixes to restrain the growing interference. As a result, controlling training-time unseen combinations of aspects can be realized by simply concatenating corresponding plugins such that new constraints can be extended at a lower cost. In addition, we propose a unified way to process both categorical and free-form constraints. Experiments on text generation and machine translation demonstrate the superiority of our approach over baselines on constraint accuracy, text quality, and extensibility.",
"ProSwitch: Knowledge-Guided Language Model Fine-Tuning to Generate
  Professional and Non-Professional Styled Text",2024,"Chang Zong, Yuyan Chen, Weiming Lü, Shao Jian, Yueting Zhuang",https://doi.org/10.48550/arxiv.2403.09131,"Large Language Models (LLMs) have demonstrated efficacy in various linguistic applications, including text summarization and controlled text generation. However, studies into their capacity of switching between styles via fine-tuning remain underexplored. This study concentrates on textual professionalism and introduces a novel methodology, named ProSwitch, which equips a language model with the ability to produce both professional and non-professional responses through knowledge-guided instruction tuning. ProSwitch unfolds across three phases: data preparation for gathering domain knowledge and training corpus; instruction tuning for optimizing language models with multiple levels of instruction formats; and comprehensive evaluation for assessing the professionalism discrimination and reference-based quality of generated text. Comparative analysis of ProSwitch against both general and specialized language models reveals that our approach outperforms baselines in switching between professional and non-professional text generation.",
Efficient Reinforcement Learning for Unsupervised Controlled Text Generation,2022,"Bhargav Upadhyay, Akhilesh Sudhakar, Arjun Maheswaran",https://doi.org/10.48550/arxiv.2204.07696,"Controlled text generation tasks such as unsupervised text style transfer have increasingly adopted the use of Reinforcement Learning (RL). A major challenge in applying RL to such tasks is the sparse reward, which is available only after the full text is generated. Sparse rewards, combined with a large action space make RL training sample-inefficient and difficult to converge. Recently proposed reward-shaping strategies to address this issue have shown only negligible gains. In contrast, this work proposes a novel approach that provides dense rewards to each generated token. We evaluate our approach by its usage in unsupervised text style transfer. Averaged across datasets, our style transfer system improves upon current state-of-art systems by 21\% on human evaluation and 12\% on automatic evaluation. Upon ablated comparison with the current reward shaping approach (the `roll-out strategy'), using dense rewards improves the overall style transfer quality by 22\% based on human evaluation. Further the RL training is 2.5 times as sample efficient, and 7 times faster.",
SSD-LM: Semi-autoregressive Simplex-based Diffusion Language Model for Text Generation and Modular Control,2022,"Xiaochuang Han, Sachin Kumar, Yulia Tsvetkov",https://doi.org/10.48550/arxiv.2210.17432,"Despite the growing success of diffusion models in continuous-valued domains (e.g., images), similar efforts for discrete domains such as text have yet to match the performance of autoregressive language models. In this work, we present SSD-LM -- a diffusion-based language model with two key design choices. First, SSD-LM is semi-autoregressive, iteratively generating blocks of text, allowing for flexible output length at decoding time while enabling local bidirectional context updates. Second, it is simplex-based, performing diffusion on the natural vocabulary space rather than a learned latent space, allowing us to incorporate classifier guidance and modular control using off-the-shelf classifiers without any adaptation. We evaluate SSD-LM on unconstrained text generation benchmarks, and show that it matches or outperforms strong autoregressive GPT-2 models across standard quality and diversity metrics, while vastly outperforming diffusion-based baselines. On controlled text generation, SSD-LM also outperforms competitive baselines, with an extra advantage in modularity.",
Falsesum: Generating Document-level NLI Examples for Recognizing Factual Inconsistency in Summarization,2022,"Prasetya Ajie Utama, Joshua Bambrick, Nafise Sadat Moosavi, Iryna Gurevych",https://doi.org/10.48550/arxiv.2205.06009,"Neural abstractive summarization models are prone to generate summaries which are factually inconsistent with their source documents. Previous work has introduced the task of recognizing such factual inconsistency as a downstream application of natural language inference (NLI). However, state-of-the-art NLI models perform poorly in this context due to their inability to generalize to the target task. In this work, we show that NLI models can be effective for this task when the training data is augmented with high-quality task-oriented examples. We introduce Falsesum, a data generation pipeline leveraging a controllable text generation model to perturb human-annotated summaries, introducing varying types of factual inconsistencies. Unlike previously introduced document-level NLI datasets, our generated dataset contains examples that are diverse and inconsistent yet plausible. We show that models trained on a Falsesum-augmented NLI dataset improve the state-of-the-art performance across four benchmarks for detecting factual inconsistency in summarization. The code to obtain the dataset is available online at https://github.com/joshbambrick/Falsesum",
Mitigating Toxic Degeneration with Empathetic Data: Exploring the Relationship Between Toxicity and Empathy,2022,"Allison Lahnala, Charles Welch, Béla Neuendorf, Lucie Flek",https://doi.org/10.48550/arxiv.2205.07233,"Large pre-trained neural language models have supported the effectiveness of many NLP tasks, yet are still prone to generating toxic language hindering the safety of their use. Using empathetic data, we improve over recent work on controllable text generation that aims to reduce the toxicity of generated text. We find we are able to dramatically reduce the size of fine-tuning data to 7.5-30k samples while at the same time making significant improvements over state-of-the-art toxicity mitigation of up to 3.4% absolute reduction (26% relative) from the original work on 2.3m samples, by strategically sampling data based on empathy scores. We observe that the degree of improvement is subject to specific communication components of empathy. In particular, the cognitive components of empathy significantly beat the original dataset in almost all experiments, while emotional empathy was tied to less improvement and even underperforming random samples of the original data. This is a particularly implicative insight for NLP work concerning empathy as until recently the research and resources built for it have exclusively considered empathy as an emotional concept.",
Friendly Conditional Text Generator,2023,Noriaki Kawamae,https://doi.org/10.1145/3539597.3570364,"Our goal is to control text generation with more fine-grained conditions at lower computational cost than is possible with current alternatives; these conditions are attributes (i.e., multiple codes and free-text). As large-scale pre-trained language models (PLMs) offer excellent performance in free-form text generation, we explore efficient architectures and training schemes that can best leverage PLMs. Our framework, Friendly Conditional Text Generator (FCTG), introduces a multi-view attention (MVA) mechanism and two training tasks, Masked Attribute Modeling (MAM) and Attribute Linguistic Matching (ALM), to direct various PLMs via modalities between the text and its attributes. The motivation of FCTG is to map texts and attributes into a shared space, and bridge their modality gaps, as the texts and attributes reside in different regions of semantic space. To avoid catastrophic forgetting, modality-free embedded representations are learnt, and used to direct PLMs in this space, FCTG applies MAM to learn attribute representations, maps them in the same space as text through MVA, and optimizes their alignment in this space via ALM. Experiments on publicly available datasets show that FCTG outperforms baselines over higher level conditions at lower computation cost.",
MacLaSa: Multi-Aspect Controllable Text Generation via Efficient Sampling from Compact Latent Space,2023,"Hanxing Ding, Liang Pang, Zihao Wei, Huawei Shen, Xueqi Cheng, Tat‐Seng Chua",https://doi.org/10.18653/v1/2023.findings-emnlp.292,"Multi-aspect controllable text generation aims to generate fluent sentences that possess multiple desired attributes simultaneously. Traditional methods either require expensive iteration / searching within the discrete text space during the decoding stage, or train separate controllers for each aspect, resulting in a degradation of text quality due to the discrepancy between different aspects. To address these limitations, we introduce a novel approach for Multi-aspect control, namely MacLaSa, that estimates compact Latent space for multiple aspects, and performs efficient Sampling with a fast sampler. To eliminate the domain discrepancies between different aspects, we first utilize a variational autoencoder (VAE) network to map text sequences from various data sources into close latent representations. The estimated latent space enables the formulation of joint energy-based models and the plugging in of arbitrary attribute discriminators to achieve multi-aspect control. Afterwards, we draw latent samples with a fast sampler based on ordinary differential equations and feed sampled examples to the VAE decoder to produce target text sequences. Experimental results demonstrate that MacLaSa outperforms strong baselines on both attribute relevance and textual quality while maintaining a high inference speed.",
Extracting Latent Steering Vectors from Pretrained Language Models,2022,"Nishant Subramani, Nivedita Suresh, Matthew E. Peters",https://doi.org/10.48550/arxiv.2205.05124,"Prior work on controllable text generation has focused on learning how to control language models through trainable decoding, smart-prompt design, or fine-tuning based on a desired objective. We hypothesize that the information needed to steer the model to generate a target sentence is already encoded within the model. Accordingly, we explore a different approach altogether: extracting latent vectors directly from pretrained language model decoders without fine-tuning. Experiments show that there exist steering vectors, which, when added to the hidden states of the language model, generate a target sentence nearly perfectly (> 99 BLEU) for English sentences from a variety of domains. We show that vector arithmetic can be used for unsupervised sentiment transfer on the Yelp sentiment benchmark, with performance comparable to models tailored to this task. We find that distances between steering vectors reflect sentence similarity when evaluated on a textual similarity benchmark (STS-B), outperforming pooled hidden states of models. Finally, we present an analysis of the intrinsic properties of the steering vectors. Taken together, our results suggest that frozen LMs can be effectively controlled through their latent steering space.",
DisCup: Discriminator Cooperative Unlikelihood Prompt-tuning for Controllable Text Generation,2022,"Hanqing Zhang, Dawei Song",https://doi.org/10.48550/arxiv.2210.09551,"Prompt learning with immensely large Casual Language Models (CLMs) has been shown promising for attribute-controllable text generation (CTG). However, vanilla prompt tuning tends to imitate training corpus characteristics beyond the control attributes, resulting in a poor generalization ability. Moreover, it is less able to capture the relationship between different attributes, further limiting the control performance. In this paper, we propose a new CTG approach, namely DisCup, which incorporates the attribute knowledge of discriminator to optimize the control-prompts, steering a frozen CLM to produce attribute-specific texts. Specifically, the frozen CLM model, capable of producing multitudinous texts, is first used to generate the next-token candidates based on the context, so as to ensure the diversity of tokens to be predicted. Then, we leverage an attribute-discriminator to select desired/undesired tokens from those candidates, providing the inter-attribute knowledge. Finally, we bridge the above two traits by an unlikelihood objective for prompt-tuning. Extensive experimental results show that DisCup can achieve a new state-of-the-art control performance while maintaining an efficient and high-quality text generation, only relying on around 10 virtual tokens.",
Prompt Highlighter: Interactive Control for Multi-Modal LLMs,2023,"Yuechen Zhang, Shengju Qian, Bohao Peng, Shu Liu, Jiaya Jia",https://doi.org/10.48550/arxiv.2312.04302,"This study targets a critical aspect of multi-modal LLMs' (LLMs&VLMs) inference: explicit controllable text generation. Multi-modal LLMs empower multi-modality understanding with the capability of semantic generation yet bring less explainability and heavier reliance on prompt contents due to their autoregressive generative nature. While manipulating prompt formats could improve outputs, designing specific and precise prompts per task can be challenging and ineffective. To tackle this issue, we introduce a novel inference method, Prompt Highlighter, which enables users to highlight specific prompt spans to interactively control the focus during generation. Motivated by the classifier-free diffusion guidance, we form regular and unconditional context pairs based on highlighted tokens, demonstrating that the autoregressive generation in models can be guided in a classifier-free way. Notably, we find that, during inference, guiding the models with highlighted tokens through the attention weights leads to more desired outputs. Our approach is compatible with current LLMs and VLMs, achieving impressive customized generation results without training. Experiments confirm its effectiveness in focusing on input contexts and generating reliable content. Without tuning on LLaVA-v1.5, our method secured 70.7 in the MMBench test and 1552.5 in MME-perception. The code is available at: https://github.com/dvlab-research/Prompt-Highlighter/",
Parameter-Efficient Detoxification with Contrastive Decoding,2024,"Tong Niu, Caiming Xiong, Semih Yavuz, Yingbo Zhou",https://doi.org/10.48550/arxiv.2401.06947,"The field of natural language generation has witnessed significant advancements in recent years, including the development of controllable text generation techniques. However, controlling the attributes of the generated text remains a challenge, especially when aiming to avoid undesirable behavior such as toxicity. In this work, we introduce Detoxification Generator (DETOXIGEN), an inference-time algorithm that steers the generation away from unwanted styles. DETOXIGEN is an ensemble of a pre-trained language model (generator) and a detoxifier. The detoxifier is trained intentionally on the toxic data representative of the undesirable attribute, encouraging it to generate text in that style exclusively. During the actual generation, we use the trained detoxifier to produce undesirable tokens for the generator to contrast against at each decoding step. This approach directly informs the generator to avoid generating tokens that the detoxifier considers highly likely. We evaluate DETOXIGEN on the commonly used REALTOXICITYPROMPTS benchmark (Gehman et al., 2020) with various language models as generators. We find that it significantly outperforms previous approaches in detoxification metrics while not compromising on the generation quality. Moreover, the detoxifier is obtained by soft prompt-tuning using the same backbone language model as the generator. Hence, DETOXIGEN requires only a tiny amount of extra weights from the virtual tokens of the detoxifier to be loaded into GPU memory while decoding, making it a promising lightweight, practical, and parameter-efficient detoxification strategy.",
PoetryDiffusion: Towards Joint Semantic and Metrical Manipulation in Poetry Generation,2024,"Zhiyuan Hu, Chumin Liu, Yue Feng, Anh Tuan Luu, Bryan Hooi",https://doi.org/10.1609/aaai.v38i16.29787,"Controllable text generation is a challenging and meaningful field in natural language generation (NLG). Especially, poetry generation is a typical one with well-defined and strict conditions for text generation which is an ideal playground for the assessment of current methodologies. While prior works succeeded in controlling either semantic or metrical aspects of poetry generation, simultaneously addressing both remains a challenge. In this paper, we pioneer the use of the Diffusion model for generating sonnets and Chinese SongCi poetry to tackle such challenges. In terms of semantics, our PoetryDiffusion model, built upon the Diffusion model, generates entire sentences or poetry by comprehensively considering the entirety of sentence information. This approach enhances semantic expression, distinguishing it from autoregressive and large language models (LLMs). For metrical control, its constraint control module which can be trained individually enables us to flexibly incorporate a novel metrical controller to manipulate and evaluate metrics (format and rhythm). The denoising process in PoetryDiffusion allows for the gradual enhancement of semantics and flexible integration of the metrical controller which can calculate and impose penalties on states that stray significantly from the target control distribution. Experimental results on two datasets demonstrate that our model outperforms existing models in terms of automatic evaluation of semantic, metrical, and overall performance as well as human evaluation. Codes are released to https://github.com/ChorlingLau/PoetryDiffusion.",
Unveiling and Manipulating Prompt Influence in Large Language Models,2024,"Zijian Feng, Hanzhang Zhou, Zixiao Zhu, Junlang Qian, Kezhi Mao",https://doi.org/10.48550/arxiv.2405.11891,"Prompts play a crucial role in guiding the responses of Large Language Models (LLMs). However, the intricate role of individual tokens in prompts, known as input saliency, in shaping the responses remains largely underexplored. Existing saliency methods either misalign with LLM generation objectives or rely heavily on linearity assumptions, leading to potential inaccuracies. To address this, we propose Token Distribution Dynamics (TDD), a \textcolor{black}{simple yet effective} approach to unveil and manipulate the role of prompts in generating LLM outputs. TDD leverages the robust interpreting capabilities of the language model head (LM head) to assess input saliency. It projects input tokens into the embedding space and then estimates their significance based on distribution dynamics over the vocabulary. We introduce three TDD variants: forward, backward, and bidirectional, each offering unique insights into token relevance. Extensive experiments reveal that the TDD surpasses state-of-the-art baselines with a big margin in elucidating the causal relationships between prompts and LLM outputs. Beyond mere interpretation, we apply TDD to two prompt manipulation tasks for controlled text generation: zero-shot toxic language suppression and sentiment steering. Empirical results underscore TDD's proficiency in identifying both toxic and sentimental cues in prompts, subsequently mitigating toxicity or modulating sentiment in the generated content.",
Counterfactual Generation with Identifiability Guarantees,2024,"Hanqi Yan, Lingjing Kong, Lin Gui, Yuejie Chi, Eric P. Xing, Yulan He, Kun Zhang",https://doi.org/10.48550/arxiv.2402.15309,"Counterfactual generation lies at the core of various machine learning tasks, including image translation and controllable text generation. This generation process usually requires the identification of the disentangled latent representations, such as content and style, that underlie the observed data. However, it becomes more challenging when faced with a scarcity of paired data and labeling information. Existing disentangled methods crucially rely on oversimplified assumptions, such as assuming independent content and style variables, to identify the latent variables, even though such assumptions may not hold for complex data distributions. For instance, food reviews tend to involve words like tasty, whereas movie reviews commonly contain words such as thrilling for the same positive sentiment. This problem is exacerbated when data are sampled from multiple domains since the dependence between content and style may vary significantly over domains. In this work, we tackle the domain-varying dependence between the content and the style variables inherent in the counterfactual generation task. We provide identification guarantees for such latent-variable models by leveraging the relative sparsity of the influences from different latent variables. Our theoretical insights enable the development of a doMain AdapTive counTerfactual gEneration model, called (MATTE). Our theoretically grounded framework achieves state-of-the-art performance in unsupervised style transfer tasks, where neither paired data nor style labels are utilized, across four large-scale datasets. Code is available at https://github.com/hanqi-qi/Matte.git",
Controllable Text Generation for Large Language Models: A Survey,2024,"Xun Liang, Hanyu Wang, Yezhaohui Wang, Shichao Song, Jiawei Yang, Simin Niu, Jie Hu, Dan Liu, Shunyu Yao, Feiyu Xiong, Zhiyu Li",https://doi.org/10.48550/arxiv.2408.12599,"In Natural Language Processing (NLP), Large Language Models (LLMs) have demonstrated high text generation quality. However, in real-world applications, LLMs must meet increasingly complex requirements. Beyond avoiding misleading or inappropriate content, LLMs are also expected to cater to specific user needs, such as imitating particular writing styles or generating text with poetic richness. These varied demands have driven the development of Controllable Text Generation (CTG) techniques, which ensure that outputs adhere to predefined control conditions--such as safety, sentiment, thematic consistency, and linguistic style--while maintaining high standards of helpfulness, fluency, and diversity. This paper systematically reviews the latest advancements in CTG for LLMs, offering a comprehensive definition of its core concepts and clarifying the requirements for control conditions and text quality. We categorize CTG tasks into two primary types: content control and attribute control. The key methods are discussed, including model retraining, fine-tuning, reinforcement learning, prompt engineering, latent space manipulation, and decoding-time intervention. We analyze each method's characteristics, advantages, and limitations, providing nuanced insights for achieving generation control. Additionally, we review CTG evaluation methods, summarize its applications across domains, and address key challenges in current research, including reduced fluency and practicality. We also propose several appeals, such as placing greater emphasis on real-world applications in future research. This paper aims to offer valuable guidance to researchers and developers in the field. Our reference list and Chinese version are open-sourced at https://github.com/IAAR-Shanghai/CTGSurvey.",
Sequentially Controlled Text Generation,2023,"Alexander Spangher, Xinyu Hua, Yao Ming, Nanyun Peng",https://doi.org/10.48550/arxiv.2301.02299,"While GPT-2 generates sentences that are remarkably human-like, longer documents can ramble and do not follow human-like writing structure. We study the problem of imposing structure on long-range text. We propose a novel controlled text generation task, sequentially controlled text generation, and identify a dataset, NewsDiscourse as a starting point for this task. We develop a sequential controlled text generation pipeline with generation and editing. We test different degrees of structural awareness and show that, in general, more structural awareness results in higher control-accuracy, grammaticality, coherency and topicality, approaching human-level writing performance.",
"Towards Lightweight, Adaptive and Attribute-Aware Multi-Aspect
  Controllable Text Generation with Large Language Models",2025,"Chenyu Zhu, Yefeng Liu, Chenyang Lyu, Xue Yang, Guanhua Chen, Longyue Wang, Weihua Luo, Kaifu Zhang",https://doi.org/10.48550/arxiv.2502.13474,"Multi-aspect controllable text generation aims to control text generation in attributes from multiple aspects, making it a complex but powerful task in natural language processing. Supervised fine-tuning methods are often employed for this task due to their simplicity and effectiveness. However, they still have some limitations: low rank adaptation (LoRA) only fine-tunes a few parameters and has suboptimal control effects, while full fine-tuning (FFT) requires significant computational resources and is susceptible to overfitting, particularly when data is limited. Moreover, existing works typically train multi-aspect controllable text generation models using only single-aspect annotated data, which results in discrepancies in data distribution; at the same time, accurately generating text with specific attributes is a challenge that requires strong attribute-aware capabilities. To address these limitations, we propose a lightweight, adaptive and attribute-aware framework for multi-aspect controllable text generation. Our framework can dynamically adjust model parameters according to different aspects of data to achieve controllable text generation, aiming to optimize performance across multiple aspects. Experimental results show that our framework outperforms other strong baselines, achieves state-of-the-art performance, adapts well to data discrepancies, and is more accurate in attribute perception.",
Controllable Text Generation in the Instruction-Tuning Era,2024,"Dhananjay Ashok, Barnabás Póczos",https://doi.org/10.48550/arxiv.2405.01490,"While most research on controllable text generation has focused on steering base Language Models, the emerging instruction-tuning and prompting paradigm offers an alternate approach to controllability. We compile and release ConGenBench, a testbed of 17 different controllable generation tasks, using a subset of it to benchmark the performance of 9 different baselines and methods on Instruction-tuned Language Models. To our surprise, we find that prompting-based approaches outperform controllable text generation methods on most datasets and tasks, highlighting a need for research on controllable text generation with Instruction-tuned Language Models in specific. Prompt-based approaches match human performance on most stylistic tasks while lagging on structural tasks, foregrounding a need to study more varied constraints and more challenging stylistic tasks. To facilitate such research, we provide an algorithm that uses only a task dataset and a Large Language Model with in-context capabilities to automatically generate a constraint dataset. This method eliminates the fields dependence on pre-curated constraint datasets, hence vastly expanding the range of constraints that can be studied in the future.",
