doi,month,volume_id,collection_id,item type,proceedings title,conference location,date published,isbn,urls,keywords,sub-type,series,address,journal,venue,type,access,key,ee,url,number,unnamed: 0,pages,document title,author affiliations,publication title,date added to xplore,start page,end page,isbns,funding information,pdf link,ieee terms,mesh_terms,article citation count,patent citation count,reference count,license,online date,issue date,meeting date,document identifier,publication year,issn,publisher,author full names,author(s) id,source title,art. no.,page start,page end,page count,cited by,link,index keywords,document type,publication stage,open access,source,eid,year,title,author keywords,abstract,issue,volume,authors
10.1002/aaai.12181,not available,not available,not available,not available,not available,not available,not available,not available,not available,not available,not available,not available,not available,not available,not available,not available,not available,not available,not available,not available,not available,not available,not available,not available,not available,not available,not available,not available,not available,not available,not available,not available,not available,not available,not available,not available,not available,not available,not available,not available,not available,not available,not available,not available,not available,"Quinonez, Claudia (59161710100); Meij, Edgar (23398197500)",59161710100; 23398197500,AI Magazine,not available,187.0,199.0,0.0,7.0,https://www.scopus.com/inward/record.uri?eid=2-s2.0-85195254868&doi=10.1002%2Faaai.12181&partnerID=40&md5=8b7d7cb69fcdda2c3126b5f6ef82d15a,Artificial intelligence; Automation; Engineering research; Natural language processing systems; Transparency; Bloomberg; Business models; Business structures; Engineering teams; Headline generation; Intelligence models; Newsgathering process; Position papers; Research papers; Text generations; Finance,Article,Final,All Open Access; Hybrid Gold Open Access,Scopus,2-s2.0-85195254868,2024.0,A new era of AI-assisted journalism at Bloomberg,Artificial Intelligence; Automation; Engineering Research; Natural Language Processing Systems; Transparency; Bloomberg; Business Models; Business Structures; Engineering Teams; Headline Generation; Intelligence Models; Newsgathering Process; Position Papers; Research Papers; Text Generations; Finance,"Artificial intelligence (AI) is impacting and has the potential to upend entire business models and structures. The adoption of such new technologies to support newsgathering processes is established practice for newsrooms. For AI specifically, we are seeing a new era of AI-assisted journalism emerge with trust in the AI-driven analyses and accuracy of results as core tenets. In Part I of this position paper, we discuss the contributions of six recently published research papers co-authored by Bloomberg's Artificial Intelligence Engineering team that show the intricacies of training AI models for reliable newsgathering processes. The papers investigate (a) the creation of models for updated headline generation, showing that headline generation models benefit from access to the past state of the article, (b) sequentially controlled text generation, which is a novel task and we show that in general, more structured awareness results in higher control accuracy and grammatical coherence, (c) chart summarization, which looks into identifying the key message and generating sentences that describe salient information in the multimodal documents, (d) a semistructured natural language inference task to develop a framework for data augmentation for tabular inference, (e) the introduction of a human-annotated dataset (ENTSUM) for controllable summarization with a focus on named entities as the aspect to control, and (f) a novel defense mechanism against adversarial attacks (ATINTER). We also examine Bloomberg's research work, building its own internal, not-for-commercial-use large language model, BloombergGPT, and training it with the goal of demonstrating support for a wide range of tasks within the financial industry. In Part II, we analyze the evolution of automation tasks in the Bloomberg newsroom that led to the creation of Bloomberg's News Innovation Lab. Technology-assisted content creation has been a reality at Bloomberg News for nearly a decade and has evolved from rules-based headline generation from structured files to the constant exploration of potential ways to assist story creation and storytelling in the financial domain. The Lab now oversees the operation of hundreds of software bots that create semi- and fully automated stories of financial relevance, providing journalists with depth in terms of data and analysis, speed in terms of reacting to breaking news, and transparency to corners of the financial world where data investigation is a gigantic undertaking. The Lab recently introduced new tools that provide journalists with the ability to explore automation on demand while it continues to experiment with ways to assist story production. In Part III, we conceptually discuss the transformative impact that generative AI can have in any newsroom, along with considerations about the technology's shortcomings in its current state of development. As with any revolutionary new technology, as well as with exciting research opportunities, part of the challenge is balancing any potential positive and negative impacts on society. We offer our principles and guidelines used to inform our approach to experimenting with the new generative AI technologies. Bloomberg News’ style guide reminds us that our “journalism is aimed at possibly the most sophisticated audience in the world, for whom accuracy is essential.”. © 2024 Elsevier B.V., All rights reserved.",2.0,45,"C., Quinonez, Claudia; E., Meij, Edgar"
10.1007/978-3-030-68790-8_11,not available,not available,not available,not available,not available,not available,not available,not available,not available,not available,not available,not available,not available,not available,not available,not available,not available,not available,not available,not available,not available,not available,not available,not available,not available,not available,not available,not available,not available,not available,not available,not available,not available,not available,not available,not available,not available,not available,not available,not available,not available,not available,not available,not available,not available,"Agnihotri, Manish (57208397550); Rao, Pooja S.B. (57202132358); Jayagopi, Dinesh Babu (59157709800); Hebbar, Sushranth (57226150014); Rasipuram, Sowmya (57191615343); Maitra, Anutosh (13607554300); Sengupta, Shubhashis (15127774600)",57208397550; 57202132358; 59157709800; 57226150014; 57191615343; 13607554300; 15127774600,Lecture Notes in Computer Science,not available,129.0,143.0,0.0,5.0,https://www.scopus.com/inward/record.uri?eid=2-s2.0-85110616921&doi=10.1007%2F978-3-030-68790-8_11&partnerID=40&md5=bd3944c92469d6884d45fb2c0077eb0e,Transfer learning; Affective response; Classifier models; Controlled response; Conversational agents; Conversational model; Human annotations; Language model; Learning based schemes; Pattern recognition,Conference paper,Final,not available,Scopus,2-s2.0-85110616921,2021.0,Towards generating topic-driven and affective responses to assist mental wellness,Controlled Text Generation; Empathy; Mental Wellbeing; Wellness Chatbot; Transfer Learning; Affective Response; Classifier Models; Controlled Response; Conversational Agents; Conversational Model; Human Annotations; Language Model; Learning Based Schemes; Pattern Recognition,"Conversational Agents have great potential to serve as a low-cost, effective tool to support mental well-being when equipped with affective and contextual dialogue. However, it is challenging to build effective chatbots that can handle user free-text responses. In this work, we present a Topic-driven and Affective Conversational Agent that aims to tackle the emotional and contextual relevance properties of a chatbot supporting mental well-being. We leverage the transfer learning based scheme using a large pre-trained language model with a multitask objective to train a conversational model. Additionally, in order to keep the dialogue contextual to the topics of mental well-being without retraining, we use topic-based classifier models to achieve controlled response generation. We evaluate this model on two metrics-emotional and contextual relevance with human annotation. To further validate this approach, we integrate this scheme to MoEL, an empathetic conversational agent, and show its improvement on the two relevant metrics. Our results show that the generated responses achieve significant emotional relevance and are contextually relevant to the conversation topic. Our relatively unexplored approach of using the topic classifier to control the topic in a conversation can aid chatbots on mental well-being and beyond. © 2021 Elsevier B.V., All rights reserved.",not available,12662 LNCS,"M., Agnihotri, Manish; P.S., Rao, Pooja S.B.; D.B., Jayagopi, Dinesh Babu; S., Hebbar, Sushranth; S., Rasipuram, Sowmya; A., Maitra, Anutosh; S., Sengupta, Shubhashis"
10.1007/978-981-16-5529-6_8,not available,not available,not available,not available,not available,not available,not available,not available,not available,not available,not available,not available,not available,not available,not available,not available,not available,not available,not available,not available,not available,not available,not available,not available,not available,not available,not available,not available,not available,not available,not available,not available,not available,not available,not available,not available,not available,not available,not available,not available,not available,not available,not available,not available,not available,"Harikrishnan, C. (59978094000); Dhanya, N. M. (56595089600)",59978094000; 56595089600,Lecture Notes in Networks and Systems,not available,97.0,105.0,0.0,4.0,https://www.scopus.com/inward/record.uri?eid=2-s2.0-85123416607&doi=10.1007%2F978-981-16-5529-6_8&partnerID=40&md5=6fcc35ef518047492ce7115bbe6a8190,not available,Conference paper,Final,not available,Scopus,2-s2.0-85123416607,2022.0,Improving Text Classifiers Through Controlled Text Generation Using Transformer Wasserstein Autoencoder,Imbalanced Data; Natural Language Generation; Recurrent Neural Network; Text Classification; Transformers; Wasserstein Autoencoder,"Training good classifiers on imbalanced dataset has always been a challenge, especially if the classifier has to work with textual data. Natural language is one such area where there are abundant imbalanced datasets such as spam filtering, fake news detection, and toxic comment classification. Techniques for generating synthetic data like synthetic minority over-sampling technique fail to train effective classifiers. This paper proposes a technique for generating controlled text using the transformer-based Wasserstein autoencoder which helps in improving the classifiers. The paper compares the results with classifiers trained on data generated by other synthetic data generators. Furthermore, the potential issues of the proposed model for training classifiers are discussed. © 2022 Elsevier B.V., All rights reserved.",not available,311,"C., Harikrishnan, C.; N.M., Dhanya, N. M."
10.1007/978-981-96-2482-9_13,not available,not available,not available,not available,not available,not available,not available,not available,not available,not available,not available,not available,not available,not available,not available,not available,not available,not available,not available,not available,not available,not available,not available,not available,not available,not available,not available,not available,not available,not available,not available,not available,not available,not available,not available,not available,not available,not available,not available,not available,not available,not available,not available,not available,not available,"Ni, Mei (59928548800)",59928548800,"Smart Innovation, Systems and Technologies",not available,181.0,193.0,0.0,0.0,https://www.scopus.com/inward/record.uri?eid=2-s2.0-105007227328&doi=10.1007%2F978-981-96-2482-9_13&partnerID=40&md5=0c5122705400abf6c29f63c9a8e3ac1c,Information management; Natural language processing systems; Recommender systems; Controled text generation; Film industry; Film scripts; Knowledge driven; Language processing; Natural language processing; Natural languages; Reinforcement learnings; Script generation; Text generations; Reinforcement learning,Conference paper,Final,not available,Scopus,2-s2.0-105007227328,2025.0,Research on the Application of Reinforcement Learning in Film Script Generation and Narrative Innovation,Controlled Text Generation; Knowledge Driven; Natural Language Processing; Reinforcement Learning; Information Management; Natural Language Processing Systems; Recommender Systems; Controled Text Generation; Film Industry; Film Scripts; Knowledge Driven; Language Processing; Natural Language Processing; Natural Languages; Reinforcement Learnings; Script Generation; Text Generations; Reinforcement Learning,"In the film industry, script creation and narrative quality are crucial to the success of a film. Based on reinforcement learning, Script2Graph method is used in this paper to solve the problem of highly correlated information extraction and management framework in the plot analysis of large corpus. The method first converts unstructured text into structured information by parsing the script's unique format. Secondly, the NLP information extraction pipeline is constructed to obtain text world elements. Finally, we introduce the attribute information of the edge into the text world system, construct the triplet of script knowledge, and perfect the framework of information organization. Experimental results show that compared with the baseline method, Script2Graph based on the pipeline method can improve the accuracy of script analysis, the coverage rate of event trigger words and the accuracy of emotion classification by 1.85%, 4 times and 7.3%, respectively. This method can automatically obtain the diversified information in the movie script, has a strong information integration ability, and can support the downstream task well. Therefore, the introduction of reinforcement learning can not only use reinforcement learning algorithms to evaluate and optimize different plot trends, so as to achieve personalized script generation. In addition, reinforcement learning can also help creators explore new narrative structures and character development ways to promote innovation and progress in film storytelling. © 2025 Elsevier B.V., All rights reserved.",not available,437,"M., Ni, Mei"
10.1007/978-981-96-9994-0_26,not available,not available,not available,not available,not available,not available,not available,not available,not available,not available,not available,not available,not available,not available,not available,not available,not available,not available,not available,not available,not available,not available,not available,not available,not available,not available,not available,not available,not available,not available,not available,not available,not available,not available,not available,not available,not available,not available,not available,not available,not available,not available,not available,not available,not available,"Xu, Delong (59921071400); Lin, Min (55724121700); Wang, Yurong (58615480900)",59921071400; 55724121700; 58615480900,Communications in Computer and Information Science,not available,311.0,322.0,0.0,0.0,https://www.scopus.com/inward/record.uri?eid=2-s2.0-105012485581&doi=10.1007%2F978-981-96-9994-0_26&partnerID=40&md5=cf8ced619ece469c2b0b492937f62f31,Artificial intelligence; Computational linguistics; Hamiltonians; Kinetic energy; Molecular physics; Potential energy; Semantics; Text processing; Controled text generation; Energy components; Generation method; Hamiltonian systems; Hot research topics; Language model; Large language model; System state; Text generations; Kinetics,Conference paper,Final,not available,Scopus,2-s2.0-105012485581,2025.0,Research on Controllable Text Generation Method Based on Hamiltonian Systems and Large Language Models,Ai (artificial Intelligence); Controlled Text Generation; Hamiltonian System; Large Language Model; Artificial Intelligence; Computational Linguistics; Hamiltonians; Kinetic Energy; Molecular Physics; Potential Energy; Semantics; Text Processing; Controled Text Generation; Energy Components; Generation Method; Hamiltonian Systems; Hot Research Topics; Language Model; Large Language Model; System State; Text Generations; Kinetics,"Controllable text generation is currently a hot research topic in artificial intelligence. It involves manipulating the semantics and style of generated text by applying various constraints. Typically, this is done by combining hard constraints, such as ensuring specific keywords are included, with soft constraints, like maintaining coherence with the surrounding context. However, these methods often fall short in fully controlling the diversity, fluency, and naturalness of the generated text. Moreover, the dynamic adjustment of constraints due to changing application scenarios requires a large amount of annotated data, which is costly. To address this, this paper proposes a novel text generation framework based on large language models and Hamiltonian systems. In this framework, text generation is treated as a dynamic system, where the step-by-step construction of text (e.g., from words to sentences) is analogous to the evolution of the system's state. The framework employs the Hamiltonian function Hq,p from Hamiltonian mechanics as a constraint. Here, the kinetic energy component of the Hamiltonian function acts as a control vector to regulate text diversity, while the potential energy component enforces constraints to ensure text fluency and naturalness. The system's state evolution is dynamically fine-tuned by integrating large language models with COLD decoding methods. This method is particularly applied to the challenging task of abductive reasoning in text generation. Experimental results confirm the effectiveness of the proposed approach. © 2025 Elsevier B.V., All rights reserved.",not available,2573 CCIS,"D., Xu, Delong; M., Lin, Min; Y., Wang, Yurong"
10.1007/s10618-021-00801-4,not available,not available,not available,not available,not available,not available,not available,not available,not available,not available,not available,not available,not available,not available,not available,not available,not available,not available,not available,not available,not available,not available,not available,not available,not available,not available,not available,not available,not available,not available,not available,not available,not available,not available,not available,not available,not available,not available,not available,not available,not available,not available,not available,not available,not available,"Rebuffel, Clément (57194442733); Roberti, Marco (56492520000); Soulier, Laure (55301159700); Scoutheeten, Geoffrey (57216581845); Cancelliere, R. (6603417372); Gallinari, Patrick (57207514183)",57194442733; 56492520000; 55301159700; 57216581845; 6603417372; 57207514183,Data Mining and Knowledge Discovery,not available,318.0,354.0,0.0,31.0,https://www.scopus.com/inward/record.uri?eid=2-s2.0-85117731062&doi=10.1007%2Fs10618-021-00801-4&partnerID=40&md5=7664b765f67dd20b74f56af2ba87d171,Decoding; Natural language processing systems; Controled text generation; Data-to-text generation; Hallucination; Natural language generation; Natural languages; Structured data; Subfields; Text generations; Word level; Syntactics,Article,Final,All Open Access; Hybrid Gold Open Access,Scopus,2-s2.0-85117731062,2022.0,Controlling hallucinations at word level in data-to-text generation,Controlled Text Generation; Data-to-text Generation; Hallucinations; Decoding; Natural Language Processing Systems; Controled Text Generation; Data-to-text Generation; Hallucination; Natural Language Generation; Natural Languages; Structured Data; Subfields; Text Generations; Word Level; Syntactics,"Data-to-Text Generation (DTG) is a subfield of Natural Language Generation aiming at transcribing structured data in natural language descriptions. The field has been recently boosted by the use of neural-based generators which exhibit on one side great syntactic skills without the need of hand-crafted pipelines; on the other side, the quality of the generated text reflects the quality of the training data, which in realistic settings only offer imperfectly aligned structure-text pairs. Consequently, state-of-art neural models include misleading statements –usually called hallucinations—in their outputs. The control of this phenomenon is today a major challenge for DTG, and is the problem addressed in the paper. Previous work deal with this issue at the instance level: using an alignment score for each table-reference pair. In contrast, we propose a finer-grained approach, arguing that hallucinations should rather be treated at the word level. Specifically, we propose a Multi-Branch Decoder which is able to leverage word-level labels to learn the relevant parts of each training instance. These labels are obtained following a simple and efficient scoring procedure based on co-occurrence analysis and dependency parsing. Extensive evaluations, via automated metrics and human judgment on the standard WikiBio benchmark, show the accuracy of our alignment labels and the effectiveness of the proposed Multi-Branch Decoder. Our model is able to reduce and control hallucinations, while keeping fluency and coherence in generated texts. Further experiments on a degraded version of ToTTo show that our model could be successfully used on very noisy settings. © 2022 Elsevier B.V., All rights reserved.",1.0,36,"C., Rebuffel, Clément; M., Roberti, Marco; L., Soulier, Laure; G., Scoutheeten, Geoffrey; R., Cancelliere, R.; P., Gallinari, Patrick"
10.1007/s11265-023-01907-2,not available,not available,not available,not available,not available,not available,not available,not available,not available,not available,not available,not available,not available,not available,J. Signal Process. Syst.,Journal Articles,closed,journals/vlsisp/YangJDL24,https://doi.org/10.1007/s11265-023-01907-2,https://dblp.org/rec/journals/vlsisp/YangJDL24,2.0,18.0,131-151,not available,not available,not available,not available,not available,not available,not available,not available,not available,not available,not available,not available,not available,not available,not available,not available,not available,not available,not available,not available,not available,not available,"Yang, Zhian (57204603823); Jiang, Hao (57095221600); Deng, Aobo (58885466300); Li, Yang (55927082300)",57204603823; 57095221600; 58885466300; 55927082300,Journal of Signal Processing Systems,not available,131.0,151.0,0.0,0.0,https://www.scopus.com/inward/record.uri?eid=2-s2.0-85184879840&doi=10.1007%2Fs11265-023-01907-2&partnerID=40&md5=f974d1bcaa90f44fdb97e369fb66189d,Character recognition; Computational linguistics; Learning systems; Social networking (online); Controllable text generation; Fluents; Language model; Pre-training; Pre-training language model; Prompt learning; Social network; Text generations; Text modeling; Topic-oriented; Modeling languages,Article,Final,not available,Scopus,2-s2.0-85184879840,2024.0,Topic-Oriented Controlled Text Generation for Social Networks.,Controllable Text Generation; Pre-training Language Model; Prompt Learning; Social Network; Character Recognition; Computational Linguistics; Learning Systems; Social Networking (online); Controllable Text Generation; Fluents; Language Model; Pre-training; Pre-training Language Model; Prompt Learning; Social Network; Text Generations; Text Modeling; Topic-oriented; Modeling Languages,"Currently, advances in text modeling by Pre-trained Language Models (PLM) enable machines to generate texts that are fluent and human language-specific. However, in the social network scenario, the generated text still has the issues of not being able to recognize sarcastic opinions, not conforming to social network language conventions, not containing topic-related knowledge information, and degrading some attributes when controlled by multiple attributes, which cannot control the stance, style, and topic of the generated text accurately. Besides, there is a lot of false and malicious news on the Internet, jeopardizing the security of the network and big data. To address these challenges, we defined and analyzed the attributes of topic texts and then proposed a PCTG-X model for single attribute discriminator control of PLM decoding based on prompt learning in order to control the stance, style, and topic attributes, respectively. We collected topic datasets from social platforms such as Twitter, and used some publicly available social text datasets to design model evaluation metrics and comparison experiments. The experiments show that PCTG-X has a significant improvement in the control of three single attributes of stance, style and topic compared with the benchmark method. © 2024 Elsevier B.V., All rights reserved.",2.0,96,"Zhian Yang, Hao Jiang, Aobo Deng, Yang Li"
10.1007/s11276-023-03439-w,not available,not available,not available,not available,not available,not available,not available,not available,not available,not available,not available,not available,not available,not available,not available,not available,not available,not available,not available,not available,not available,not available,not available,not available,not available,not available,not available,not available,not available,not available,not available,not available,not available,not available,not available,not available,not available,not available,not available,not available,not available,not available,not available,not available,not available,"Miao, Jingyuan (58453587800); Zhang, Yuqi (59450230500); Jiang, Nan (57200941236); Wen, Jie (59593270200); Pei, Kanglu (58452891200); Wan, Yue (58586866700); Wan, Tao (57206312368); Chen, Honglong (24174425300)",58453587800; 59450230500; 57200941236; 59593270200; 58452891200; 58586866700; 57206312368; 24174425300,Wireless Networks,not available,6385.0,6398.0,0.0,1.0,https://www.scopus.com/inward/record.uri?eid=2-s2.0-85163962771&doi=10.1007%2Fs11276-023-03439-w&partnerID=40&md5=271e9b14eadbf739a7bae4c0b262141c,Internet of things; Natural language processing systems; Controled text generation; Fluents; Infilling; Language processing; Natural language processing; Natural languages; NLG; Semantic text exchange; Text generations; Text infilling; Semantics,Article,Final,not available,Scopus,2-s2.0-85163962771,2024.0,Towards unifying pre-trained language models for semantic text exchange,Controlled Text Generation; Nlg; Nlp; Semantic Text Exchange; Text Infilling; Internet Of Things; Natural Language Processing Systems; Controled Text Generation; Fluents; Infilling; Language Processing; Natural Language Processing; Natural Languages; Nlg; Semantic Text Exchange; Text Generations; Text Infilling; Semantics,"In the field of Social Internet of Things (SIoT), the widespread adoption of Internet of Things (IoT) devices and the rise of social media have resulted in a significant amount of social IoT data, including textual data. However, the mining and analysis of these data have been a challenging task. To address this issue, we leverage semantic text exchange techniques from the field of Natural Language Processing (NLP) to generate text that preserves the original style while modifying its semantic information. this task can be used for a wide range of NLP tasks, including data augmentation, adversarial attacks on text, and conversational systems. However, the present methods of semantic text exchange have some shortcomings, such as the generated text is not natural, the content is not rich, and the cost of model training is high. This paper presents a semantically independent sentence generation method, which can generate fluent and diverse semantically independent sentences. We combine three word substitution patterns with a pre-trained text infilling model to generate text. The essential advantage of the proposed method is that it does not require training the model for text infilling on specific datasets, which greatly reduces the cost of text generation. Experimental results show that our method generates more fluent and more diverse sentences than baselines. And it has a good performance in sentiment preservation of the original sentence and semantic similarity between the replacement words and the generated sentences. © 2024 Elsevier B.V., All rights reserved.",7.0,30,"J., Miao, Jingyuan; Y., Zhang, Yuqi; N., Jiang, Nan; J., Wen, Jie; K., Pei, Kanglu; Y., Wan, Yue; T., Wan, Tao; H., Chen, Honglong"
10.1016/j.csl.2020.101177,not available,not available,not available,not available,not available,not available,not available,not available,not available,not available,not available,not available,not available,not available,not available,not available,not available,not available,not available,not available,not available,not available,not available,not available,not available,not available,not available,not available,not available,not available,not available,not available,not available,not available,not available,not available,not available,not available,not available,not available,not available,not available,not available,not available,not available,"Zhou, Deyu (36989177000); Zhang, Meng (55903835600); Yang, Yang (57208578862); He, Yulan (22985368400)",36989177000; 55903835600; 57208578862; 22985368400,Computer Speech and Language,101177.0,not available,not available,0.0,4.0,https://www.scopus.com/inward/record.uri?eid=2-s2.0-85098085416&doi=10.1016%2Fj.csl.2020.101177&partnerID=40&md5=27a20b79aee878d8277440b04caf82ce,Semantics; Hierarchical state; Hierarchy mechanism; Long-range dependencies; On-line documents; Ranking approach; Semantic structures; State of the art; Text generations; Recurrent neural networks,Article,Final,All Open Access; Green Accepted Open Access; Green Open Access,Scopus,2-s2.0-85098085416,2021.0,Hierarchical state recurrent neural network for social emotion ranking,Attention Mechanism; Sentiment Analysis; Social Emotion Ranking; Semantics; Hierarchical State; Hierarchy Mechanism; Long-range Dependencies; On-line Documents; Ranking Approach; Semantic Structures; State Of The Art; Text Generations; Recurrent Neural Networks,"Text generation with auxiliary attributes, such as topics or sentiments, has made remarkable progress. However, high-quality labeled data is difficult to obtain for the large-scale corpus. Therefore, this paper focuses on social emotion ranking aiming to identify social emotions with different intensities evoked by online documents, which could be potentially beneficial for further controlled text generation. Existing studies often consider each document as an entirety that fail to capture the inner relationship between sentences in a document. In this paper, we propose a novel hierarchical state recurrent neural network for social emotion ranking. A hierarchy mechanism is employed to capture the key hierarchical semantic structure in a document. Moreover, instead of incrementally reading a sequence of words or sentences as in traditional recurrent neural networks, the proposed approach encodes the hidden states of all words or sentences simultaneously at each recurrent step to capture long-range dependencies precisely. Experimental results show that the proposed approach performs remarkably better than the state-of-the-art social emotion ranking approaches and is useful for controlled text generation. © 2020 Elsevier B.V., All rights reserved.",not available,68,"D., Zhou, Deyu; M., Zhang, Meng; Y., Yang, Yang; Y., He, Yulan"
10.1016/j.csl.2024.101708,not available,not available,not available,not available,not available,not available,not available,not available,not available,not available,not available,not available,not available,not available,not available,not available,not available,not available,not available,not available,not available,not available,not available,not available,not available,not available,not available,not available,not available,not available,not available,not available,not available,not available,not available,not available,not available,not available,not available,not available,not available,not available,not available,not available,not available,"Han, Zhonghe (58183228900); Liu, Jintao (57962833500); Zhang, Yuanben (57221366761); Zhang, Lili (59315560700); Wang, Lei (59872286100); Zhang, Zequn (56499773500); Zhao, Zhihao (59314571200); Huang, Zhenyu (59315168700)",58183228900; 57962833500; 57221366761; 59315560700; 59872286100; 56499773500; 59314571200; 59315168700,Computer Speech and Language,101708.0,not available,not available,0.0,0.0,https://www.scopus.com/inward/record.uri?eid=2-s2.0-85203153555&doi=10.1016%2Fj.csl.2024.101708&partnerID=40&md5=75ce67e9a6cae28ce4690636e33c8b58,Allusion knowledge; Chinese poetry generation; Knowledge-grounded text generation; Language model; Large-scales; Learning mechanism; Low-resource settings; Poetry writing; Pre-trained language model; Text generations,Article,Final,not available,Scopus,2-s2.0-85203153555,2025.0,Copiously Quote Classics: Improving Chinese Poetry Generation with historical allusion knowledge,Allusion Knowledge; Chinese Poetry Generation; Knowledge-grounded Text Generation; Pre-trained Language Models; Allusion Knowledge; Chinese Poetry Generation; Knowledge-grounded Text Generation; Language Model; Large-scales; Learning Mechanism; Low-resource Settings; Poetry Writing; Pre-trained Language Model; Text Generations,"Integrating allusions into poems is an advanced form of human poetry writing, which could clearly express the author's thoughts and arouse the resonance of readers. However, existing poetry generation works mainly focus on improving the coherence and fluency of poetry, while generating poems with allusion knowledge is rarely considered. To solve this issue, we propose an Allusion-aware Chinese Poetry Generation (ACPG) framework in this study. Concretely, we first release an Allusion-Enriched Poetry (AEP) dataset by linking poems with historical allusions, which might enable a new research direction for poetry generation. Based on this dataset, we design a three-stage learning mechanism to encourage the training stage under a low-resource setting, which can effectively exploit the knowledge of large-scale poetry and allusion data to generate informative allusive poems. Extensive experiments demonstrate the effectiveness of ACPG among a series of proposed baselines. Moreover, the proposed ACPG framework can also be applied to lyrics generation or other controlled text generation tasks, which can incorporate allusion knowledge into the generated results and enhance the meaning and quality of the texts. © 2024 Elsevier B.V., All rights reserved.",not available,90,"Z., Han, Zhonghe; J., Liu, Jintao; Y., Zhang, Yuanben; L., Zhang, Lili; L., Wang, Lei; Z., Zhang, Zequn; Z., Zhao, Zhihao; Z., Huang, Zhenyu"
10.1016/j.knosys.2025.113597,not available,not available,not available,not available,not available,not available,not available,not available,not available,not available,not available,not available,not available,not available,not available,not available,not available,not available,not available,not available,not available,not available,not available,not available,not available,not available,not available,not available,not available,not available,not available,not available,not available,not available,not available,not available,not available,not available,not available,not available,not available,not available,not available,not available,not available,"Pang, Kaiyi (58745759600); Bai, Minhao (58745548900); Yang, Jinshuai (57219737267); Gao, Yue (57189899573); Jiang, Minghu (7401860938); Huang, Yongfeng (14627673100)",58745759600; 58745548900; 57219737267; 57189899573; 7401860938; 14627673100,Knowledge-Based Systems,113597.0,not available,not available,0.0,0.0,https://www.scopus.com/inward/record.uri?eid=2-s2.0-105012383293&doi=10.1016%2Fj.knosys.2025.113597&partnerID=40&md5=a4605ded1201d22c72ab4b93c5dfac7a,Alignment; Computational linguistics; Learning systems; Natural language processing systems; Probability distributions; Domain adaptions; Domain specific; Language model; Language model distribution; Large language model; Modeling distributions; Plug-and-play; Target domain; Text generations; Semantics,Article,Final,not available,Scopus,2-s2.0-105012383293,2025.0,A plug-and-play method for linguistic alignment in language models,Domain Adaption; Language Model Distribution; Large Language Model; Text Generation; Alignment; Computational Linguistics; Learning Systems; Natural Language Processing Systems; Probability Distributions; Domain Adaptions; Domain Specific; Language Model; Language Model Distribution; Large Language Model; Modeling Distributions; Plug-and-play; Target Domain; Text Generations; Semantics,"Domain-specific linguistic alignment is essential for large language models (LLMs) in personalized applications. Traditional controlled text generation methods typically require additional training modules or defined target objectives. However, in the era of LLMs, these training methods are costly, and the target domains are constantly evolving. Training LLMs on target corpora is not always effective, making it challenging to achieve reliable alignment results. To effectively align a language model (LM) with a target corpus without any additional training target or well-trained modules, we propose FlexAlign, a plug-and-play method for target domain text adaptation during the inference stage. Using the n-gram token frequency of the target domain corpus and the instantaneous entropy during the generation process, we restructure the probability distribution of the language model across both domain style adjustment and temperature adjustment. This restructuring narrows the gap between the language model's original distribution and that of the target domain, enabling the text generated by the language model to exhibit the explicit semantic attribute or implicit linguistic characteristics of the target domain. We conducted experiments using three different language models and two datasets, and our results show that FlexAlign effectively aligns the generated text with the target domain while maintaining high linguistic quality, whether the LMs are fine-tuned for specific domains or guided by prompts. © 2025 Elsevier B.V., All rights reserved.",not available,328,"K., Pang, Kaiyi; M., Bai, Minhao; J., Yang, Jinshuai; Y., Gao, Yue; M., Jiang, Minghu; Y., Huang, Yongfeng"
10.1016/j.neucom.2022.02.020,not available,not available,not available,not available,not available,not available,not available,not available,not available,not available,not available,not available,not available,not available,not available,not available,not available,not available,not available,not available,not available,not available,not available,not available,not available,not available,not available,not available,not available,not available,not available,not available,not available,not available,not available,not available,not available,not available,not available,not available,not available,not available,not available,not available,not available,"Yang, Erguang (57225848111); Liu, Mingtong (57203789092); Xiong, Deyi (36562918900); Zhang, Yujie (45261676700); Meng, Yao (57219489464); Xu, Jin'an (54796280200); Chen, Yufeng (57114607100)",57225848111; 57203789092; 36562918900; 45261676700; 57219489464; 54796280200; 57114607100,Neurocomputing,not available,103.0,113.0,0.0,7.0,https://www.scopus.com/inward/record.uri?eid=2-s2.0-85125140623&doi=10.1016%2Fj.neucom.2022.02.020&partnerID=40&md5=28cc5b2c50a7ab96b9993c82eb818946,Forestry; Semantics; Coarse-grained; Coarse-grained syntactic control; Constituency parse trees; Decoding process; Semantic consistency; State of the art; Syntactic control; Syntactic controllability; Syntax-controled paraphrasing; Text generations; Syntactics; article; attention; controlled study; human; human experiment; semantics; speech,Article,Final,not available,Scopus,2-s2.0-85125140623,2022.0,Improving generation diversity via syntax-controlled paraphrasing,Coarse-grained Syntactic Control; Semantic Consistency; Syntactic Controllability; Syntax-controlled Paraphrasing; Forestry; Semantics; Coarse-grained; Coarse-grained Syntactic Control; Constituency Parse Trees; Decoding Process; Semantic Consistency; State Of The Art; Syntactic Control; Syntactic Controllability; Syntax-controled Paraphrasing; Text Generations; Syntactics; Article; Attention; Controlled Study; Human; Human Experiment; Semantics; Speech,"As the neural-based Seq2Seq model pushes the state-of-the-art in text generation, recent work has turned to controlling attributes of the text such models generate, where syntax-controlled text generation can be applied for the paraphrase generation task, i.e., given an input sentence and a syntactic control to generate a paraphrase. The main challenge is how to generate sentences that follow the given syntax while maintaining semantics during the decoding process. Previous approaches using constituency parse trees as syntactic control can achieve better performance, but still suffer from the problems of inaccurate utilization of syntactic information and original semantics loss. To this end, we propose a Syntax Attention-Guided Paraphrase (SAGP) generation model that can utilize the previously generated text to accurately select a syntactic node from the given constituency parse tree to guide the generation of paraphrases. The automatic and manual evaluation results on the public datasets of syntactically controlled paraphrase generation task show that SAGP achieves state-of-the-art results in both syntactic controllability and semantic consistency. In order to improve the semantic consistency, we further propose a coarse-grained syntactic control definition method, which first removes the part-of-speech node and then extracts higher-level subtrees as control, so that meaningful paraphrases can be generated within a loose constraint. The experimental results on the same evaluation set show that the coarse-grained syntactic control can significantly improve semantic consistency. © 2022 Elsevier B.V., All rights reserved.",not available,485,"E., Yang, Erguang; M., Liu, Mingtong; D., Xiong, Deyi; Y., Zhang, Yujie; Y., Meng, Yao; J., Xu, Jin'an; Y., Chen, Yufeng"
10.1016/j.neucom.2024.128684,not available,not available,not available,not available,not available,not available,not available,not available,not available,not available,not available,not available,not available,not available,not available,not available,not available,not available,not available,not available,not available,not available,not available,not available,not available,not available,not available,not available,not available,not available,not available,not available,not available,not available,not available,not available,not available,not available,not available,not available,not available,not available,not available,not available,not available,"Yi, Xin (58923729100); Wang, Linlin (58852051000); Wang, Xiaoling (50263300200); He, Liang (35758919600)",58923729100; 58852051000; 50263300200; 35758919600,Neurocomputing,128684.0,not available,not available,0.0,0.0,https://www.scopus.com/inward/record.uri?eid=2-s2.0-85205736862&doi=10.1016%2Fj.neucom.2024.128684&partnerID=40&md5=e8c6a9c3655128d2d1a6b5985ff04b82,Detoxification; Natural language processing systems; Detoxification framework; Fine grained; Fine tuning; High quality; Language model; Language processing; Large language model; Natural languages; Performance; Safety and securities; Digital elevation model; accuracy; Article; artificial intelligence; detoxification; disgust; empiricism; human; incivility; language processing; large language model; natural language processing; perception; prevalence; stereotypy; task performance; toxicity; training,Article,Final,not available,Scopus,2-s2.0-85205736862,2025.0,Fine-grained detoxification framework via instance-level prefixes for large language models,Detoxification Framework; Large Language Model; Safety And Security; Detoxification; Natural Language Processing Systems; Detoxification Framework; Fine Grained; Fine Tuning; High Quality; Language Model; Language Processing; Large Language Model; Natural Languages; Performance; Safety And Securities; Digital Elevation Model; Accuracy; Article; Artificial Intelligence; Detoxification; Disgust; Empiricism; Human; Incivility; Language Processing; Large Language Model; Natural Language Processing; Perception; Prevalence; Stereotypy; Task Performance; Toxicity; Training,"Large Language Models (LLMs) have demonstrated remarkable performance across various natural language processing (NLP) tasks. However, their practical usability is often compromised by a propensity to generate toxic content, such as insults, threats, and profanity, particularly in response to adversarial prompts. Several fine-tuning and decoding approaches have been employed to address this challenge to mitigate toxicity. Nevertheless, these methods typically necessitate additional resources, such as high-quality training data or auxiliary models, thereby incurring extra costs. In this paper, we propose a novel detoxification framework, Fine-Grained Detoxification via Instance-Level Prefixes (FGDILP), which effectively mitigates the generation of toxic text without incurring additional training costs. Specifically, FGDILP leverages contextualized representations in attention space by contrasting a positive prefix-prepended prompt against multiple negative prefix-prepended prompts at the instance level. This methodology facilitates the construction of fine-grained subtoxicity vectors, which are subsequently fused to adjust the original generation pathway when responding to raw prompts. Our results demonstrate that FGDILP enables controlled text generation concerning detoxification at both the utterance and context levels. While our method slightly impacts generation fluency and diversity, it significantly outperforms prompt-based baselines regarding detoxification effectiveness. Our code is available at https://github.com/xinykou/FGDILP. © 2024 Elsevier B.V., All rights reserved.",not available,611,"X., Yi, Xin; L., Wang, Linlin; X., Wang, Xiaoling; L., He, Liang"
10.1016/j.patcog.2025.112172,not available,not available,not available,not available,not available,not available,not available,not available,not available,not available,not available,not available,not available,not available,Pattern Recognit.,Journal Articles,closed,journals/pr/LuCRX26,https://doi.org/10.1016/j.patcog.2025.112172,https://dblp.org/rec/journals/pr/LuCRX26,not available,4.0,112172,not available,not available,not available,not available,not available,not available,not available,not available,not available,not available,not available,not available,not available,not available,not available,not available,not available,not available,not available,not available,not available,not available,not available,not available,not available,not available,not available,not available,not available,not available,not available,not available,not available,not available,not available,not available,not available,2026.0,ArtGlyphDiffuser: Text-driven artistic glyph generation via Style-to-CLIP Projection and Multi-Level Controlled diffusion.,not available,not available,not available,171,"Xiongbo Lu, Yaxiong Chen, Yi Rong, Shengwu Xiong 0001"
10.1109/ainit61980.2024.10581604,not available,not available,not available,not available,not available,not available,not available,not available,not available,not available,not available,not available,not available,not available,not available,not available,not available,not available,not available,not available,not available,not available,not available,A Text Generation Hallucination Detection Frame-work Based on Fact and Semantic Consistency,"National Natural Science Foundation of China (62161040), Inner Mongolia University of Science and Technology, Baotou, China; National Natural Science Foundation of China (62161040), Inner Mongolia University of Science and Technology, Baotou, China; National Natural Science Foundation of China (62161040), Inner Mongolia University of Science and Technology, Baotou, China; National Natural Science Foundation of China (62161040), Inner Mongolia University of Science and Technology, Baotou, China","2024 5th International Seminar on Artificial Intelligence, Networking and Information Technology (AINIT)",11 Jul 2024,970.0,974.0,979-8-3503-8555-7,not available,https://ieeexplore.ieee.org/stamp/stamp.jsp?arnumber=10581604,Seminars;Analytical models;Accuracy;Social networking (online);Reviews;Semantics;Knowledge based systems,not available,1.0,not available,8.0,IEEE,11 Jul 2024,not available,not available,IEEE Conferences,2024.0,not available,IEEE,"Li, Xinyu (57219623118); Gao, Yongbing (56163927400); Li, Weihao (57190169244); Yang, Lidong (25648734900)",57219623118; 56163927400; 57190169244; 25648734900,not available,not available,970.0,974.0,0.0,0.0,https://www.scopus.com/inward/record.uri?eid=2-s2.0-85199198422&doi=10.1109%2FAINIT61980.2024.10581604&partnerID=40&md5=d0dd40311755350ddfc8cf516a795d25,Computational linguistics; Factual consistency; Frame-work; Language model; Modelling framework; Plug-and-play; Plug-and-play language model; Semantic consistency; Text generation language model hallucination se-mantic consistency; Text generations; Semantics,Conference paper,Final,not available,Scopus,2-s2.0-85199198422,2024.0,A Text Generation Hallucination Detection Frame-work Based on Fact and Semantic Consistency,Text Generation Language Model Hallucination Se-mantic Consistency;Factual Consistency;PPLM,"With the development of pre-trained language mod-els, significant progress has been made in text generation. How-ever, these models often face inconsistencies with facts and contra-dictions in sentences, known as the “hallucination” problem of language models. To address this issue, HalluCheckNet, a mechanism thatintegrates factual and semantic consistency for hallucination detection, is proposed. By combining pre-trained models with the Plug-and-Play Language Model (PPLM) framework, HalluCheck-Net treats the degree of hallucination as a controllable attribute, using controlled text generation techniques to effectively reduce model hallucinations. Experiments conducted on GPT2 have achieved high-quality generation of social media, review, and news texts. The results demonstrate that this method not only maintains text fluency but also significantly reduces factual and semantic er-rors, making the generated texts more coherent and credible.",not available,not available,X. Li; Y. Gao; W. Li; L. Yang
10.1109/conecct62155.2024.10677188,not available,not available,not available,not available,not available,not available,not available,not available,not available,not available,not available,not available,not available,not available,not available,not available,not available,not available,not available,not available,not available,not available,not available,Unveiling Toxic Tendencies of Small Language Models in Unconstrained Generation Tasks,"Department of Information Technology, Delhi Technological University, Delhi, India; Department of Information Technology, Delhi Technological University, Delhi, India; Department of Information Technology, Delhi Technological University, Delhi, India; Department of Information Technology, Delhi Technological University, Delhi, India","2024 IEEE International Conference on Electronics, Computing and Communication Technologies (CONECCT)",20 Sep 2024,1.0,6.0,979-8-3503-8592-2,not available,https://ieeexplore.ieee.org/stamp/stamp.jsp?arnumber=10677188,Temperature measurement;Weight measurement;Measurement;Analytical models;Vocabulary;Visualization;Toxicology,not available,not available,not available,12.0,IEEE,20 Sep 2024,not available,not available,IEEE Conferences,2024.0,2766-2101,IEEE,"Chandra, Lakshay (59357744400); Susan, Seba (26423246100); Kumar, Dhruv (57215712931); Kant, Krishan (59357933200)",59357744400; 26423246100; 57215712931; 59357933200,not available,not available,not available,not available,0.0,0.0,https://www.scopus.com/inward/record.uri?eid=2-s2.0-85205818909&doi=10.1109%2FCONECCT62155.2024.10677188&partnerID=40&md5=8f1468d3c41944cc660f3b2d52693628,Adversarial machine learning; Deep learning; Fuzzy metrics; Intrinsic parameters; Language generation; Language model; Non-toxic; Small language model; State of the art; Text generations; Toxicity analyze,Conference paper,Final,not available,Scopus,2-s2.0-85205818909,2024.0,Unveiling Toxic Tendencies of Small Language Models in Unconstrained Generation Tasks,toxicity analysis;small language models;language generation;deep learning,"The prevalence of toxicity online presents a significant challenge for platforms and publishers alike. Recent studies conducted on Small Language Models (SLMs) have identified the inherent toxicity that dwell in these models. In this work, we study and benchmark the extent to which SLMs can be prompted to generate toxic language. The following SLMs are evaluated for their toxicity levels: GPT-2 Large, Gemma-2B, Mistral-7B, Falcon-7B, and Llama 2-13B. We go a step closer to understanding the correlation between toxicity and the intrinsic parameters of the state-of-the-art SLMs. Next, we study the efficacy of a basic word-filtering approach to controlled text generation. Following this, we proceed to establish a mathematical ground for computing the weighted toxicity of continuations with respect to the toxicity of prompts by treating toxicity as a fuzzy metric. Finally, we extend our analysis to examine the unexpected toxicity levels of generated continuations when prompted with non-toxic inputs.",not available,not available,L. Chandra; S. Susan; D. Kumar; K. Kant
10.1109/cvidl62147.2024.10603799,not available,not available,not available,not available,not available,not available,not available,not available,not available,not available,not available,not available,not available,not available,not available,not available,not available,not available,not available,not available,not available,not available,not available,CA-CoCon: An improved self-supervised method for controlled text generation using cross-activation attention mechanism,"Faculty of Artificial Intelligence in Education, Central China Normal University, Wuhan, P.R. China; Faculty of Artificial Intelligence in Education, Central China Normal University, Wuhan, P.R. China; Faculty of Artificial Intelligence in Education, Central China Normal University, Wuhan, P.R. China; Faculty of Artificial Intelligence in Education, Central China Normal University, Wuhan, P.R. China; National Engineering Research Center for Educational Big Data, Central China Normal University, Wuhan, P.R. China","2024 5th International Conference on Computer Vision, Image and Deep Learning (CVIDL)",26 Jul 2024,846.0,851.0,979-8-3503-7382-0,not available,https://ieeexplore.ieee.org/stamp/stamp.jsp?arnumber=10603799,Deep learning;Computer vision;Attention mechanisms;Computational modeling;Semantics;Natural language generation;Focusing,not available,not available,not available,11.0,IEEE,26 Jul 2024,not available,not available,IEEE Conferences,2024.0,not available,IEEE,"Li, Yanda (59171506200); Ji, Gaoyang (59170433200); Guo, Zhaobo (59171506300); Tan, Yuanjun (59148740800); Zhou, Dongbo (12783880300)",59171506200; 59170433200; 59171506300; 59148740800; 12783880300,not available,not available,846.0,851.0,0.0,0.0,https://www.scopus.com/inward/record.uri?eid=2-s2.0-85200658830&doi=10.1109%2FCVIDL62147.2024.10603799&partnerID=40&md5=6813862c52d62c6184500f20925c4785,Learning algorithms; Natural language processing systems; Supervised learning; Attention mechanisms; Controllable text generation; Human communications; Language model; Multi-granularity; Nonlinear features; Pre-trained large language model; Self-supervised learning; Supervised methods; Text generations; Chemical activation,Conference paper,Final,not available,Scopus,2-s2.0-85200658830,2024.0,CA-CoCon: An improved self-supervised method for controlled text generation using cross-activation attention mechanism,pre-trained large language model;Controllable text generation;Self-supervised learning;Multi-granularity;Nonlinear features,"The widespread application of pre-trained large models in the field of natural language generation has facilitated the development of models capable of generating fluent textual content. While conventional text generation models often struggle to effectively control text content at the sentence level, self-supervised learning models like CoCon offer finer-grained control over generated text at the word and phrase levels. Although the text generated by CoCon tends to adhere closely to the given topic, it still exhibits deviations from human communication norms, lacking in textual diversity. Addressing these issues, we propose a novel approach based on the multi-granularity controllable text generation model, CoCon, termed as Cross-Activation (CA)-CoCon. This approach assists the model in capturing nonlinear features between input text and target content more effectively, thus facilitating the seamless integration of target content into the generated text. The proposed CA-CoCon model outperforms the untreated CoCon model across multiple thematic and emotional attribute categories, yielding text outputs that align more closely with human communication norms and exhibit enhanced textual diversity.",not available,not available,Y. Li; G. Ji; Z. Guo; Y. Tan; D. Zhou
10.1109/icassp48485.2024.10446479,not available,not available,not available,not available,not available,not available,not available,not available,not available,not available,not available,not available,not available,not available,ICASSP,Conference and Workshop Papers,closed,conf/icassp/GuoZQYHZLWZ24,https://doi.org/10.1109/ICASSP48485.2024.10446479,https://dblp.org/rec/conf/icassp/GuoZQYHZLWZ24,not available,22.0,9951-9955,not available,not available,not available,not available,not available,not available,not available,not available,not available,not available,not available,not available,not available,not available,not available,not available,not available,not available,not available,not available,not available,not available,not available,not available,not available,not available,not available,not available,not available,not available,not available,not available,not available,not available,not available,not available,not available,2024.0,Towards Controlled Table-to-Text Generation with Scientific Reasoning.,not available,not available,not available,not available,"Zhixin Guo, Jianping Zhou 0004, Jiexing Qi, Mingxuan Yan, Ziwei He, Guanjie Zheng, Zhouhan Lin, Xinbing Wang, Chenghu Zhou"
10.1109/icassp49660.2025.10887947,not available,not available,not available,not available,not available,not available,not available,not available,not available,not available,not available,not available,not available,not available,not available,not available,not available,not available,not available,not available,not available,not available,not available,not available,not available,not available,not available,not available,not available,not available,not available,not available,not available,not available,not available,not available,not available,not available,not available,not available,not available,not available,not available,not available,not available,"Liu, Dianqing (57211983048); Liu, Yi (58748512200); Guo, Junbo (58258919900); Mao, Zhendong (29467706600)",57211983048; 58748512200; 58258919900; 29467706600,"Proceedings - ICASSP, IEEE International Conference on Acoustics, Speech and Signal Processing",not available,not available,not available,0.0,0.0,https://www.scopus.com/inward/record.uri?eid=2-s2.0-105003892043&doi=10.1109%2FICASSP49660.2025.10887947&partnerID=40&md5=131645788bfc49f1d3957a078c4d3bf7,not available,Conference paper,Final,not available,Scopus,2-s2.0-105003892043,2025.0,DETCP: Self-Detoxifying Language Models With Contrastive Pairs,Controlled Text Generation; Detoxifying Language Models; Pretrained Language Model; Prompt Learning,"Influenced by context such as tone, emotion and demographic, pre-trained language models may generate harmful text, which limits their widespread application. While detoxifying language models seeks to reduce the likelihood of generating harmful content. There are two categories of detoxification strategies: fine-tuning language models and constraining outputs during inference. Neither category of methods achieved a proper balance between detoxification efficacy, the amount of annotated data, and inference efficiency. In this paper, we introduce a lightweight detoxification approach aiming at guiding the probability distribution of generated tokens towards the opposite direction of toxification, which relies on the language model itself and the contrastive pairs of contexts in the inference phase, without training. Experiments show that our method has state-of-the-art performance in detoxification effect while it has an edge in both fluency and speed of text generation. © 2025 Elsevier B.V., All rights reserved.",not available,not available,"D., Liu, Dianqing; Y., Liu, Yi; J., Guo, Junbo; Z., Mao, Zhendong"
10.1109/iccect60629.2024.10545853,not available,not available,not available,not available,not available,not available,not available,not available,not available,not available,not available,not available,not available,not available,not available,not available,not available,not available,not available,not available,not available,not available,not available,An Improved Self-Supervised Learning Method for Controllable Content Generation in Large Language Models,"Faculty of Artificial Intelligence in Education, Central China Normal University, Wuhan, China; Faculty of Artificial Intelligence in Education, Central China Normal University, Wuhan, China; Faculty of Artificial Intelligence in Education, Central China Normal University, Wuhan, China; Faculty of Artificial Intelligence in Education, Central China Normal University, Wuhan, China; National Engineering Research Center for Educational Big Data, Central China Normal University, Wuhan, China","2024 IEEE 2nd International Conference on Control, Electronics and Computer Technology (ICCECT)",7 Jun 2024,1502.0,1507.0,979-8-3503-8095-8,not available,https://ieeexplore.ieee.org/stamp/stamp.jsp?arnumber=10545853,Measurement;Training;Solid modeling;Filtering;Computational modeling;Natural languages;Training data,not available,1.0,not available,12.0,IEEE,7 Jun 2024,not available,not available,IEEE Conferences,2024.0,not available,IEEE,"Li, Yanda (59171506200); Guo, Zhaobo (59171506300); Tan, Yuanjun (59148740800); Ji, Gaoyang (59170433200); Zhou, Dongbo (12783880300)",59171506200; 59171506300; 59148740800; 59170433200; 12783880300,not available,not available,1502.0,1507.0,0.0,1.0,https://www.scopus.com/inward/record.uri?eid=2-s2.0-85195980041&doi=10.1109%2FICCECT60629.2024.10545853&partnerID=40&md5=3a98846f095d1129b82f56d1fb11df8a,Computational linguistics; Learning systems; Supervised learning; Controllable text generation; Fine-grained control; Language model; Natural language patterns; Perplexity; Pretrained large language model; Self-supervised learning; Supervised learning approaches; Supervised learning methods; Text generations; Information filtering,Conference paper,Final,not available,Scopus,2-s2.0-85195980041,2024.0,An Improved Self-Supervised Learning Method for Controllable Content Generation in Large Language Models,controllable text generation;pretrained large language model;self-supervised learning;Perplexity,"The widespread application of pretrained large language models for content generation has focused on overcoming the illusion of control in text generation. While fine-grained control at the word and phrase level allows for partially controlled text generation, the probability of producing content that aligns with human natural language patterns remains low. This article proposes an enhanced self-supervised learning approach to improve the quality of controllable text generation for this issue. Building upon the CoCon model, our approach ensures controllability in text generation at both the sentence and word granularity. It amplifies features in a high-dimensional space, filtering out irrelevant feature information to aid the model in generating more precise content. Experimental results on publicly available datasets demonstrate that our approach effectively reduces Perplexity, enhances model performance, and produces text that better conforms to natural language conventions.",not available,not available,Y. Li; Z. Guo; Y. Tan; G. Ji; D. Zhou
10.1109/icsp62122.2024.10743861,not available,not available,not available,not available,not available,not available,not available,not available,not available,not available,not available,not available,not available,not available,not available,not available,not available,not available,not available,not available,not available,not available,not available,In-Context Learning Reward Guided Decoding for Controlled Text Generation,"School of Computer Science and Technology, Beijing Institute of Technology, Beijing, China; School of Computer Science and Technology, Beijing Institute of Technology, Beijing, China; School of Computer Science and Technology, Beijing Institute of Technology, Beijing, China; School of Cyberspace Science and Technology, Beijing Institute of Technology, Beijing, China",2024 9th International Conference on Intelligent Computing and Signal Processing (ICSP),12 Nov 2024,1116.0,1120.0,979-8-3503-7654-8,The National Key Research and Development Program of China(grant numbers:2022YFC3302100); ,https://ieeexplore.ieee.org/stamp/stamp.jsp?arnumber=10743861,Training;Adaptation models;Costs;Large language models;Refining;Signal processing;Data models;Decoding,not available,not available,not available,31.0,IEEE,12 Nov 2024,not available,not available,IEEE Conferences,2024.0,not available,IEEE,"Zhu, Xinyi (58660133600); Zhou, Yanru (57224082267); Song, Dandan (35235108100); Yang, Ziyi (57211042370)",58660133600; 57224082267; 35235108100; 57211042370,not available,not available,1116.0,1120.0,0.0,0.0,https://www.scopus.com/inward/record.uri?eid=2-s2.0-85211499704&doi=10.1109%2FICSP62122.2024.10743861&partnerID=40&md5=c3e55fc73a23bb9b0c97f2ec5defe621,Adversarial machine learning; Federated learning; Context learning; Controled text generation; Decoding methods; Fine tuning; In contexts; In-context learning; Language model; Property; Text generations; Weighted decoding; Contrastive Learning,Conference paper,Final,not available,Scopus,2-s2.0-85211499704,2024.0,In-Context Learning Reward Guided Decoding for Controlled Text Generation,controlled text generation;weighted decoding;in-context learning,"While large language models have demonstrated remarkable text generation capabilities, they often generate text with adverse or undesired attributes. Common approaches to control text generation involve refining models on data with desired properties or guiding language models decoding using an auxiliary model. However, these methods require additional training and extensive attribute-specific data. To further mitigate the training costs, we propose In-context learning Reward Guided Decoding (IRGD), a weighted decoding method that exploits the in-context learning ability of language models as an alternative to additional model fine-tuning. Specifically, IRGD utilizes ICL outputs to score the alignment reward between sequences and target attributes, subsequently modifying the sampling probabilities to favor tokens with higher reward scores. By applying ICL, IRGD adapts to different tasks by simply adjusting task descriptions and demonstration rather than fine-tuning the model. Through experiments on detoxification and sentiment control, we demonstrate the advantages of IRGD as a plug-and-play and fine-tuning-free decoding method that effectively balance attribute alignment and text quality.",not available,not available,X. Zhu; Y. Zhou; D. Song; Z. Yang
10.1109/taslp.2021.3110124,not available,not available,not available,Journal Article,not available,not available,2021-09,not available,https://doi.org/10.1109/TASLP.2021.3110124;http://dx.doi.org/10.1109/TASLP.2021.3110124,not available,not available,not available,not available,"IEEE/ACM Trans. Audio, Speech and Lang. Proc.",not available,not available,not available,not available,not available,not available,not available,not available,2888–2898,not available,not available,not available,not available,not available,not available,not available,not available,not available,not available,not available,not available,not available,not available,not available,not available,not available,not available,not available,2021.0,2329-9290,IEEE Press,"Zhou, Yi (57204362300); Zheng, Xiaoqing (56295582200); Huang, Xuanjing (8983710700)",57204362300; 56295582200; 8983710700,IEEE/ACM Transactions on Audio Speech and Language Processing,not available,2888.0,2898.0,0.0,0.0,https://www.scopus.com/inward/record.uri?eid=2-s2.0-85114734161&doi=10.1109%2FTASLP.2021.3110124&partnerID=40&md5=4c27ea8724e1b4ce3db8c2dcfd044d6e,Coherent structure; Constraint model; Limited attentions; Sentence level; Syntactic patterns; Syntactic structure; Syntactics,Article,Final,not available,Scopus,2-s2.0-85114734161,2021.0,Generating Responses With a Given Syntactic Pattern in Chinese Dialogues,Controlled Text Generation; Deep Neural Networks; Stylized Dialogue Response Generation; Syntactic Patterns; Variational Autoencoder; Coherent Structure; Constraint Model; Limited Attentions; Sentence Level; Syntactic Patterns; Syntactic Structure; Syntactics,"Recently, many efforts have been devoted to generating responses expressing a specific emotion or relating to a given topic in a controlled manner. However, limited attention has been given to generating responses with a specified syntactic pattern, which makes it possible to imitate someone’s way of speaking in dialogue. To fulfill this goal, we propose two models to generate syntax-aware responses: a gross-constraint and a specific-constraint model. The former controls the syntactic patterns of generated responses at sentence-level, while the latter works at smaller language units, such as words or phrases, being capable of manipulating the syntactic structures of responses in a more subtle manner. The extensive experimental results on two different datasets show that both the two models not only can generate meaningful responses with a specific and coherent structure but also improve on the diversity of generated responses, with similar gains in readability, relevance, and diversity as measured by human judges.",not available,29.0,"Zhou Y,Zheng X,Huang X"
10.1109/taslp.2024.3358052,not available,not available,not available,Journal Article,not available,not available,2024-01,not available,https://doi.org/10.1109/TASLP.2024.3358052;http://dx.doi.org/10.1109/TASLP.2024.3358052,not available,not available,not available,not available,"IEEE/ACM Trans. Audio, Speech and Lang. Proc.",not available,not available,not available,not available,not available,not available,not available,not available,1237–1247,not available,not available,not available,not available,not available,not available,not available,not available,not available,not available,not available,not available,not available,not available,not available,not available,not available,not available,not available,2024.0,2329-9290,IEEE Press,not available,not available,not available,not available,not available,not available,not available,not available,not available,not available,not available,not available,not available,not available,not available,not available,Disentangled Text Representation Learning With Information-Theoretic Perspective for Adversarial Robustness,not available,"Adversarial vulnerability remains a major obstacle to the construction of reliable NLP systems. When imperceptible perturbations are added to raw input text, the performance of a deep learning model may drop dramatically under attacks. Recent work has argued that the adversarial vulnerability of a model is caused by non-robust features in supervised training. Thus, in this paper, we tackle the adversarial robustness challenge by means of disentangled representation learning, which is able to explicitly disentangle robust and non-robust features in text. Specifically, inspired by the variation of information (VI) in information theory, we derive a disentangled learning objective composed of mutual information to represent both the semantic representativeness of latent embeddings and the differentiation of robust and non-robust features. On the basis of this, we design a disentangled learning network to estimate the mutual information for realization. Experiments on the typical text-based tasks show that our method significantly outperforms the representative methods under adversarial attacks, indicating that discarding non-robust features is critical for improving model robustness.",not available,32.0,"Zhao J,Mao W,Zeng DD"
10.1109/tcds.2024.3405573,not available,not available,not available,not available,not available,not available,not available,not available,not available,not available,not available,not available,not available,not available,not available,not available,not available,not available,not available,not available,not available,not available,not available,Control With Style: Style Embedding-Based Variational Autoencoder for Controlled Stylized Caption Generation Framework,"Department of Electronics and Communication Engineering, Delhi Technological University, Delhi, India; Department of Electronics and Communication Engineering, Delhi Technological University, Delhi, India; Department of Electronics and Communication Engineering, Delhi Technological University, Delhi, India",IEEE Transactions on Cognitive and Developmental Systems,3 Dec 2024,2032.0,2042.0,not available,not available,https://ieeexplore.ieee.org/stamp/stamp.jsp?arnumber=10542089,Visualization;Task analysis;Long short term memory;Decoding;Adaptation models;Transformers;Generators,not available,8.0,not available,60.0,IEEE,30 May 2024,not available,not available,IEEE Journals,2024.0,2379-8939,IEEE,"Sharma, Dhruv (57209291109); Dhiman, Chhavi (57202265537); Kumar, Dinesh (57194713624)",57209291109; 57202265537; 57194713624,IEEE Transactions on Cognitive and Developmental Systems,not available,2032.0,2042.0,0.0,7.0,https://www.scopus.com/inward/record.uri?eid=2-s2.0-85194813485&doi=10.1109%2FTCDS.2024.3405573&partnerID=40&md5=d1bae3c6889962faac715b56ceadfd20,Decoding; Embeddings; Job analysis; Natural language processing systems; Adaptation models; Auto encoders; Bag-of-caption; Controled text generation; Generator; Image captioning; Language processing; Natural language processing; Natural languages; SMU; Stylized image captioning; Task analysis; Text generations; Transformer; Variational autoencoder; Computer vision,Article,Final,not available,Scopus,2-s2.0-85194813485,2024.0,Control With Style: Style Embedding-Based Variational Autoencoder for Controlled Stylized Caption Generation Framework,Bag of captions (BoCs);computer vision;controlled text generation;image captioning;natural language processing;smooth maximum unit (SMU);stylized image captioning;variational autoencoder (VAE),"Automatic image captioning is a computationally intensive and structurally complicated task that describes the contents of an image in the form of a natural language sentence. Methods developed in the recent past focused mainly on the description of factual content in images thereby ignoring the different emotions and styles (romantic, humorous, angry, etc.) associated with the image. To overcome this, few works incorporated style-based caption generation that captures the variability in the generated descriptions. This article presents a style embedding-based variational autoencoder for controlled stylized caption generation framework (RFCG+SE-VAE-CSCG). It generates controlled text-based stylized descriptions of images. It works in two phases, i.e., $ 1)$ refined factual caption generation (RFCG); and $ 2)$ SE-VAE-CSCG. The former defines an encoder–decoder model for the generation of refined factual captions. Whereas, the latter presents a SE-VAE for controlled stylized caption generation. The overall proposed framework generates style-based descriptions of images by leveraging bag of captions (BoCs). More so, with the use of a controlled text generation model, the proposed work efficiently learns disentangled representations and generates realistic stylized descriptions of images. Experiments on MSCOCO, Flickr30K, and FlickrStyle10K provide state-of-the-art results for both refined and style-based caption generation, supported with an ablation study.",6.0,16.0,D. Sharma; C. Dhiman; D. Kumar
10.1109/tcsvt.2025.3545067,not available,not available,not available,not available,not available,not available,not available,not available,not available,not available,not available,not available,not available,not available,IEEE Trans. Circuits Syst. Video Technol.,Journal Articles,closed,journals/tcsv/LiCFFG25,https://doi.org/10.1109/TCSVT.2025.3545067,https://dblp.org/rec/journals/tcsv/LiCFFG25,8.0,5.0,8391-8405,not available,not available,not available,not available,not available,not available,not available,not available,not available,not available,not available,not available,not available,not available,not available,not available,not available,not available,not available,not available,not available,not available,not available,not available,not available,not available,not available,not available,not available,not available,not available,not available,not available,not available,not available,not available,not available,2025.0,Coverless Image Steganography Based on Semantic-Controlled Text-to-Image Generation.,not available,not available,not available,35,"Xiao Li 0014, Liquan Chen, Tong Fu, Zhangjie Fu, Yuan Gao"
10.1109/ubmk52708.2021.9558910,not available,not available,not available,not available,not available,not available,not available,not available,not available,not available,not available,not available,not available,not available,not available,not available,not available,not available,not available,not available,not available,not available,not available,Topic-Controlled Text Generation,"Department of Computer Engineering, Atilim University, Ankara, Turkey; Department of Computer Engineering, Atilim University, Ankara, Turkey",2021 6th International Conference on Computer Science and Engineering (UBMK),13 Oct 2021,533.0,536.0,978-1-6654-2908-5,not available,https://ieeexplore.ieee.org/stamp/stamp.jsp?arnumber=9558910,Training;Computer science;Recurrent neural networks;Transformers;Natural language processing;Decoding,not available,4.0,not available,25.0,IEEE,13 Oct 2021,not available,not available,IEEE Conferences,2021.0,2521-1641,IEEE,"Çağlayan, Cansen (57214820261); Karakaya, Murat (16637174900)",57214820261; 16637174900,not available,not available,533.0,536.0,0.0,5.0,https://www.scopus.com/inward/record.uri?eid=2-s2.0-85125836395&doi=10.1109%2FUBMK52708.2021.9558910&partnerID=40&md5=de95b9dd58db82da5b34f2fcbb5085cd,Embeddings; Natural language processing systems; Controllable textgeneration; Encoder-decoder; Long sequences; Network-based; Research areas; Review generation; Text generations; Topic-controled textgeneration; Turkishs; Recurrent neural networks,Conference paper,Final,not available,Scopus,2-s2.0-85125836395,2021.0,Topic-Controlled Text Generation,text generation;review generation;controllable text generation;topic-controlled text generation,"Today, the text generation subject in the field of Natural Language Processing (NLP) has gained a lot of importance. In particular, the quality of the text generated with the emergence of new transformer-based models has reached high levels. In this way, controllable text generation has become an important research area. There are various methods applied for controllable text generation, but since these methods are mostly applied on Recurrent Neural Network (RNN) based encoder decoder models, which were used frequently, studies using transformer-based models are few. Transformer-based models are very successful in long sequences thanks to their parallel working ability. This study aimed to generate Turkish reviews on the desired topics by using a transformer-based language model. We used the method of adding the topic information to the sequential input. We concatenated input token embedding and topic embedding (control) at each time step during the training. As a result, we were able to create Turkish reviews on the specified topics.",not available,not available,C. Çağlayan; M. Karakaya
10.1145/3366424.3382086,not available,not available,not available,Conference Paper,Companion Proceedings of the Web Conference 2020,"Taipei, Taiwan",2020,9781450370240.0,https://doi.org/10.1145/3366424.3382086;http://dx.doi.org/10.1145/3366424.3382086,"textual similarity, semantic search, patent, natural language processing, natural language generation, GPT-2.",not available,WWW '20,"New York, NY, USA",not available,not available,not available,not available,not available,not available,not available,not available,not available,269–273,not available,not available,not available,not available,not available,not available,not available,not available,not available,not available,not available,not available,not available,not available,not available,not available,not available,not available,not available,2020.0,not available,Association for Computing Machinery,not available,not available,not available,not available,not available,not available,not available,not available,not available,not available,not available,not available,not available,not available,not available,not available,Measuring and Controlling Text Generation by Semantic Search,not available,"Our motivation in this work is to measure patent text generation by semantic search, particularly by textual similarity in high dimensional space for neural network models. The objective is to control patent text generation by semantic search. Conceptually it is an attempt to integrate two subfields in NLP: text generation and semantic search. In our previous milestone of the PatentTransformer project, a prototype based on GPT-2 is capable of generating fluent patent title, abstract, independent claim, and dependent claim. However, beneath the surface form, the quality issue in the generated patent text was less explored. How to control text generation is also a hard problem in NLP field. We would like to address these issues in this work and experiment with different approaches. On the measurement side, this work will address the quality measurement issue from the perspective of textual similarity. Based on that, the approaches we propose include two embedding spaces, span-based textual similarity, and language model for patent claim spans. One the control side, we propose a knob-turning approach for controlling text generation based on measuring a range of textual similarity. In this way, we can search for a Goldilocks zone in which the similarity of generated patent text is close to but not too far from prior patents. We hypothesize that patent novelty may exist in such a zone.",not available,not available,Lee JS
10.1145/3404835.3462939,not available,not available,not available,Conference Paper,Proceedings of the 44th International ACM SIGIR Conference on Research and Development in Information Retrieval,"Virtual Event, Canada",2021,9781450380379.0,https://doi.org/10.1145/3404835.3462939;http://dx.doi.org/10.1145/3404835.3462939,"attention, collaborative filtering, natural language generation, neural networks, personalization, recommender systems, transfer learning",not available,SIGIR '21,"New York, NY, USA",not available,not available,not available,not available,not available,not available,not available,not available,not available,81–91,not available,not available,not available,not available,not available,not available,not available,not available,not available,not available,not available,not available,not available,not available,not available,not available,not available,not available,not available,2021.0,not available,Association for Computing Machinery,not available,not available,not available,not available,not available,not available,not available,not available,not available,not available,not available,not available,not available,not available,not available,not available,ReXPlug: Explainable Recommendation using Plug-and-Play Language Model,not available,"Explainable Recommendations provide the reasons behind why an item is recommended to a user, which often leads to increased user satisfaction and persuasiveness. An intuitive way to explain recommendations is by generating a synthetic personalized natural language review for a user-item pair. Although there exist some approaches in the literature that explain recommendations by generating reviews, the quality of the reviews is questionable. Besides, these methods usually take considerable time to train the underlying language model responsible for generating the text. In this work, we propose ReXPlug, an end-to-end framework with a plug and play way of explaining recommendations. ReXPlug predicts accurate ratings as well as exploits Plug and Play Language Model to generate high-quality reviews. We train a simple sentiment classifier for controlling a pre-trained language model for the generation, bypassing the language model's training from scratch again. Such a simple and neat model is much easier to implement and train, and hence, very efficient for generating reviews. We personalize the reviews by leveraging a special jointly-trained cross attention network. Our detailed experiments show that ReXPlug outperforms many recent models across various datasets on rating prediction by utilizing textual reviews as a regularizer. Quantitative analysis shows that the reviews generated by ReXPlug are semantically close to the ground truth reviews, while the qualitative analysis demonstrates the high quality of the generated reviews, both from empirical and analytical viewpoints. Our implementation is available online.",not available,not available,"Hada DV,M. V,Shevade SK"
10.1145/3450439.3451879,not available,not available,not available,Conference Paper,"Proceedings of the Conference on Health, Inference, and Learning","Virtual Event, USA",2021,9781450383592.0,https://doi.org/10.1145/3450439.3451879;http://dx.doi.org/10.1145/3450439.3451879,"drug discovery, molecule optimization, neural networks, self-attention, sequence to sequence",not available,CHIL '21,"New York, NY, USA",not available,not available,not available,not available,not available,not available,not available,not available,not available,146–153,not available,not available,not available,not available,not available,not available,not available,not available,not available,not available,not available,not available,not available,not available,not available,not available,not available,not available,not available,2021.0,not available,Association for Computing Machinery,not available,not available,not available,not available,not available,not available,not available,not available,not available,not available,not available,not available,not available,not available,not available,not available,Controlled molecule generator for optimizing multiple chemical properties,not available,"Generating a novel and optimized molecule with desired chemical properties is an essential part of the drug discovery process. Failure to meet one of the required properties can frequently lead to failure in a clinical test which is costly. In addition, optimizing these multiple properties is a challenging task because the optimization of one property is prone to changing other properties. In this paper, we pose this multi-property optimization problem as a sequence translation process and propose a new optimized molecule generator model based on the Transformer with two constraint networks: property prediction and similarity prediction. We further improve the model by incorporating score predictions from these constraint networks in a modified beam search algorithm. The experiments demonstrate that our proposed model, Controlled Molecule Generator (CMG), outperforms state-of-the-art models by a significant margin for optimizing multiple properties simultaneously.",not available,not available,"Shin B,Park S,Bak J,Ho JC"
10.1145/3474085.3475578,not available,not available,not available,Conference Paper,Proceedings of the 29th ACM International Conference on Multimedia,"Virtual Event, China",2021,9781450386517.0,https://doi.org/10.1145/3474085.3475578;http://dx.doi.org/10.1145/3474085.3475578,"structure-aware module, sequence-level modeling, mathematical expression recognition",not available,MM '21,"New York, NY, USA",not available,not available,not available,not available,not available,not available,not available,not available,not available,5038–5046,not available,not available,not available,not available,not available,not available,not available,not available,not available,not available,not available,not available,not available,not available,not available,not available,not available,not available,not available,2021.0,not available,Association for Computing Machinery,not available,not available,not available,not available,not available,not available,not available,not available,not available,not available,not available,not available,not available,not available,not available,not available,Structure-aware Mathematical Expression Recognition with Sequence-Level Modeling,not available,"Mathematical expression recognition (MER) aims to convert an image of mathematical expressions into a Latex sequence. In practice, the task of MER is challenging, since 1) the images of mathematical expressions often contain complex structure relationships, e.g., fractions, matrixes, and subscripts; 2) the generated Latex sequences can be very complex and they have to satisfy strict syntax rules. Existing methods, however, often ignore the complex dependence among image regions, resulting in poor feature representation. In addition, they may fail to capture the rigorous relations among different formula symbols as they consider MER as a common language generation task. To address these issues, we propose a Structure-Aware Sequence-Level (SASL) model for MER. First, to better represent and recognize the visual content of formula images, we propose a structure-aware module to capture the relationship among different symbols. Meanwhile, the sequence-level modeling helps the model to concentrate on the generation of entire sequences. To make the problem feasible, we cast the generation problem into a Markov decision process (MDP) and seek to learn a Latex sequence generating policy. Based on MDP, we learn SASL by maximizing the matching score of each image-sequence pair to obtain the generation policy. Extensive experiments on the IM2LATEX-100K dataset verify the effectiveness and superiority of the proposed method.",not available,not available,"Li M,Zhao P,Zhang Y,Niu S,Wu Q,Tan M"
10.1145/3477495.3532029,not available,not available,not available,Conference Paper,Proceedings of the 45th International ACM SIGIR Conference on Research and Development in Information Retrieval,"Madrid, Spain",2022,9781450387323.0,https://doi.org/10.1145/3477495.3532029;http://dx.doi.org/10.1145/3477495.3532029,"sentiment analysis, representation disentanglement, dual learning, controllable text generation",not available,SIGIR '22,"New York, NY, USA",not available,not available,not available,not available,not available,not available,not available,not available,not available,1555–1565,not available,not available,not available,not available,not available,not available,not available,not available,not available,not available,not available,not available,not available,not available,not available,not available,not available,not available,not available,2022.0,not available,Association for Computing Machinery,not available,not available,not available,not available,not available,not available,not available,not available,not available,not available,not available,not available,not available,not available,not available,not available,Mutual Disentanglement Learning for Joint Fine-Grained Sentiment Classification and Controllable Text Generation,not available,"Fine-grained sentiment classification (FGSC) task and fine-grained controllable text generation (FGSG) task are two representative applications of sentiment analysis, two of which together can actually form an inverse task prediction, i.e., the former aims to infer the fine-grained sentiment polarities given a text piece, while the latter generates text content that describes the input fine-grained opinions. Most of the existing work solves the FGSC and the FGSG tasks in isolation, while ignoring the complementary benefits in between. This paper combines FGSC and FGSG as a joint dual learning system, encouraging them to learn the advantages from each other. Based on the dual learning framework, we further propose decoupling the feature representations in two tasks into fine-grained aspect-oriented opinion variables and content variables respectively, by performing mutual disentanglement learning upon them. We also propose to transform the difficult ""data-to-text'' generation fashion widely used in FGSG into an easier text-to-text generation fashion by creating surrogate natural language text as the model inputs. Experimental results on 7 sentiment analysis benchmarks including both the document-level and sentence-level datasets show that our method significantly outperforms the current strong-performing baselines on both the FGSC and FGSG tasks. Automatic and human evaluations demonstrate that our FGSG model successfully generates fluent, diverse and rich content conditioned on fine-grained sentiments.",not available,not available,"Fei H,Li C,Ji D,Li F"
10.1145/3488560.3498440,not available,not available,not available,Conference Paper,Proceedings of the Fifteenth ACM International Conference on Web Search and Data Mining,"Virtual Event, AZ, USA",2022,9781450391320.0,https://doi.org/10.1145/3488560.3498440;http://dx.doi.org/10.1145/3488560.3498440,"conversational search, mixed-initiative search, user simulation",not available,WSDM '22,"New York, NY, USA",not available,not available,not available,not available,not available,not available,not available,not available,not available,888–896,not available,not available,not available,not available,not available,not available,not available,not available,not available,not available,not available,not available,not available,not available,not available,not available,not available,not available,not available,2022.0,not available,Association for Computing Machinery,not available,not available,not available,not available,not available,not available,not available,not available,not available,not available,not available,not available,not available,not available,not available,not available,Evaluating Mixed-initiative Conversational Search Systems via User Simulation,not available,"Clarifying the underlying user information need by asking clarifying questions is an important feature of modern conversational search system. However, evaluation of such systems through answering prompted clarifying questions requires significant human effort, which can be time-consuming and expensive. In this paper, we propose a conversational User Simulator, called USi, for automatic evaluation of such conversational search systems. Given a description of an information need, USi is capable of automatically answering clarifying questions about the topic throughout the search session. Through a set of experiments, including automated natural language generation metrics and crowdsourcing studies, we show that responses generated by USi are both inline with the underlying information need and comparable to human-generated answers. Moreover, we make the first steps towards multi-turn interactions, where conversational search systems asks multiple questions to the (simulated) user with a goal of clarifying the user need. To this end, we expand on currently available datasets for studying clarifying questions, i.e., Qulac and ClariQ, by performing a crowdsourcing-based multi-turn data acquisition. We show that our generative, GPT2-based model, is capable of providing accurate and natural answers to unseen clarifying questions in the single-turn setting and discuss capabilities of our model in the multi-turn setting. We provide the code, data, and the pre-trained model to be used for further research on the topic.",not available,not available,"Sekulić I,Aliannejadi M,Crestani F"
10.1145/3539597.3570364,not available,not available,not available,Conference Paper,Proceedings of the Sixteenth ACM International Conference on Web Search and Data Mining,"Singapore, Singapore",2023,9781450394079.0,https://doi.org/10.1145/3539597.3570364;http://dx.doi.org/10.1145/3539597.3570364,"conditional text generation, neural language generation, neural language model, transformer",not available,WSDM '23,"New York, NY, USA",not available,not available,not available,not available,not available,not available,not available,not available,not available,420–428,not available,not available,not available,not available,not available,not available,not available,not available,not available,not available,not available,not available,not available,not available,not available,not available,not available,not available,not available,2023.0,not available,Association for Computing Machinery,not available,not available,not available,not available,not available,not available,not available,not available,not available,not available,not available,not available,not available,not available,not available,not available,Friendly Conditional Text Generator,not available,"Our goal is to control text generation with more fine-grained conditions at lower computational cost than is possible with current alternatives; these conditions are attributes (i.e., multiple codes and free-text). As large-scale pre-trained language models (PLMs) offer excellent performance in free-form text generation, we explore efficient architectures and training schemes that can best leverage PLMs. Our framework, Friendly Conditional Text Generator (FCTG), introduces a multi-view attention (MVA) mechanism and two training tasks, Masked Attribute Modeling (MAM) and Attribute Linguistic Matching (ALM), to direct various PLMs via modalities between the text and its attributes. The motivation of FCTG is to map texts and attributes into a shared space, and bridge their modality gaps, as the texts and attributes reside in different regions of semantic space. To avoid catastrophic forgetting, modality-free embedded representations are learnt, and used to direct PLMs in this space, FCTG applies MAM to learn attribute representations, maps them in the same space as text through MVA, and optimizes their alignment in this space via ALM. Experiments on publicly available datasets show that FCTG outperforms baselines over higher level conditions at lower computation cost.",not available,not available,Kawamae N
10.1145/3539597.3570489,not available,not available,not available,Conference Paper,Proceedings of the Sixteenth ACM International Conference on Web Search and Data Mining,"Singapore, Singapore",2023,9781450394079.0,https://doi.org/10.1145/3539597.3570489;http://dx.doi.org/10.1145/3539597.3570489,"NLG, explainability, fact checking, product comparison",not available,WSDM '23,"New York, NY, USA",not available,not available,not available,not available,not available,not available,not available,not available,not available,949–957,not available,not available,not available,not available,not available,not available,not available,not available,not available,not available,not available,not available,not available,not available,not available,not available,not available,not available,not available,2023.0,not available,Association for Computing Machinery,not available,not available,not available,not available,not available,not available,not available,not available,not available,not available,not available,not available,not available,not available,not available,not available,Generating Explainable Product Comparisons for Online Shopping,not available,"An essential part of making shopping purchase decisions is to compare and contrast products based on key differentiating features, but doing this manually can be overwhelming. Prior methods offer limited product comparison capabilities, e.g., via pre-defined common attributes that may be difficult to understand, or irrelevant to a particular product or user. Automatically generating an informative, natural-sounding, and factually consistent comparative text for multiple product and attribute types is a challenging research problem. We describe HCPC (Human Centered Product Comparison), to tackle two kinds of comparisons for online shopping: (i) product-specific, to describe and compare products based on their key attributes; and (ii) attribute-specific comparisons, to compare similar products on a specific attribute. To ensure that comparison text is faithful to the input product data, we introduce a novel multi-decoder, multi-task generative language model. One decoder generates product comparison text, and a second one generates supportive, explanatory text in the form of product attribute names and values. The second task imitates a copy mechanism, improving the comparison generator, and its output is used to justify the factual accuracy of the generated comparison text, by training a factual consistency model to detect and correct errors in the generated comparative text. We release a new dataset (https://registry.opendata.aws/) of 15K human generated sentences, comparing products on one or more attributes (the first such data we know of for product comparison). We demonstrate on this data that HCPC significantly outperforms strong baselines, by 10% using automatic metrics, and 5% using human evaluation.",not available,not available,"Vedula N,Collins M,Agichtein E,Rokhlenko O"
10.1145/3544903.3544906,not available,not available,not available,Journal Article,not available,not available,2022-06,not available,https://doi.org/10.1145/3544903.3544906;http://dx.doi.org/10.1145/3544903.3544906,not available,not available,not available,"New York, NY, USA",SIGKDD Explor. Newsl.,not available,not available,not available,not available,not available,not available,not available,not available,14–45,not available,not available,not available,not available,not available,not available,not available,not available,not available,not available,not available,not available,not available,not available,not available,not available,not available,not available,not available,2022.0,1931-0145,Association for Computing Machinery,not available,not available,not available,not available,not available,not available,not available,not available,not available,not available,not available,not available,not available,not available,not available,not available,Text Style Transfer: A Review and Experimental Evaluation,not available,"The stylistic properties of text have intrigued computational linguistics researchers in recent years. Specifically, researchers have investigated the text style transfer task (TST), which aims to change the stylistic properties of the text while retaining its independent content of style. Over the last few years, many novel TST algorithms have been developed, while the industry has leveraged these algorithms to enable exciting TST applications. The field of TST research has developed because of this symbiosis. This article aims to provide a comprehensive review of recent research efforts on text style transfer. More concretely, we create a taxonomy to organize the TST models, and provide a comprehensive summary of the state of the art. We review existing evaluation methodologies for TST tasks and conduct a large-scale reproducibility study in which we experimentally benchmark 19 state-of-the-art TST algorithms on two publicly available datasets. Finally, we expand on current trends and provide new perspectives on the new and exciting developments in the TST field.",1.0,24.0,"Hu Z,Lee RK,Aggarwal CC,Zhang A"
10.1145/3548606.3563512,not available,not available,not available,Conference Paper,Proceedings of the 2022 ACM SIGSAC Conference on Computer and Communications Security,"Los Angeles, CA, USA",2022,9781450394505.0,https://doi.org/10.1145/3548606.3563512;http://dx.doi.org/10.1145/3548606.3563512,"stylometry, style transfer, privacy, authorship obfuscation",not available,CCS '22,"New York, NY, USA",not available,not available,not available,not available,not available,not available,not available,not available,not available,3435–3437,not available,not available,not available,not available,not available,not available,not available,not available,not available,not available,not available,not available,not available,not available,not available,not available,not available,not available,not available,2022.0,not available,Association for Computing Machinery,not available,not available,not available,not available,not available,not available,not available,not available,not available,not available,not available,not available,not available,not available,not available,not available,Poster  Towards Authorship Obfuscation with Language Models,not available,"Authorship obfuscation is the process of making changes to text such that identifying attributes (style, common words and phrases, tone) are masked. The goal of obfuscation is to retain the semantics of the text (i.e., the meaning) but rewrite it in such a way that the author cannot be identified. In this work, we investigate the effectiveness of language models for authorship obfuscation. More specifically, we examine the application of document summarization (a task where we learn to generate the summary of a text) as an authorship obfuscation method. Since summaries are shorter versions of text but which retain the significant points made in it, we hypothesize that summaries will be stripped off any stylistic identifying features of the text. Our experiments show that this is indeed the case; we were able to fool authorship classifiers and degrade their performance by as much as 70% However, this also significantly affected the semantics; there was a non-trivial loss of information and the produced text was not an accurate representation of the original.",not available,not available,Oak R
10.1145/3554727,not available,not available,not available,Journal Article,not available,not available,2022-12,not available,https://doi.org/10.1145/3554727;http://dx.doi.org/10.1145/3554727,"evaluation, deep learning, text-to-text generation, data-to-text generation, Natural language generation",not available,not available,"New York, NY, USA",ACM Comput. Surv.,not available,not available,not available,not available,not available,not available,not available,not available,not available,not available,not available,not available,not available,not available,not available,not available,not available,not available,not available,not available,not available,not available,not available,not available,not available,not available,not available,not available,2022.0,0360-0300,Association for Computing Machinery,not available,not available,not available,not available,not available,not available,not available,not available,not available,not available,not available,not available,not available,not available,not available,not available,A Survey of Natural Language Generation,not available,"This article offers a comprehensive review of the research on Natural Language Generation (NLG) over the past two decades, especially in relation to data-to-text generation and text-to-text generation deep learning methods, as well as new applications of NLG technology. This survey aims to (a) give the latest synthesis of deep learning research on the NLG core tasks, as well as the architectures adopted in the field; (b) detail meticulously and comprehensively various NLG tasks and datasets, and draw attention to the challenges in NLG evaluation, focusing on different evaluation methods and their relationships; (c) highlight some future emphasis and relatively recent research issues that arise due to the increasing synergy between NLG and other artificial intelligence areas, such as computer vision, text, and computational creativity.",8.0,55.0,"Dong C,Li Y,Gong H,Chen M,Li J,Shen Y,Yang M"
10.1145/3560815,not available,not available,not available,Journal Article,not available,not available,2023-01,not available,https://doi.org/10.1145/3560815;http://dx.doi.org/10.1145/3560815,"Pre-trained language models, prompting",not available,not available,"New York, NY, USA",ACM Comput. Surv.,not available,not available,not available,not available,not available,not available,not available,not available,not available,not available,not available,not available,not available,not available,not available,not available,not available,not available,not available,not available,not available,not available,not available,not available,not available,not available,not available,not available,2023.0,0360-0300,Association for Computing Machinery,not available,not available,not available,not available,not available,not available,not available,not available,not available,not available,not available,not available,not available,not available,not available,not available,"Pre-train, Prompt, and Predict: A Systematic Survey of Prompting Methods in Natural Language Processing",not available,"This article surveys and organizes research works in a new paradigm in natural language processing, which we dub “prompt-based learning.” Unlike traditional supervised learning, which trains a model to take in an input x and predict an output y as P(y|x), prompt-based learning is based on language models that model the probability of text directly. To use these models to perform prediction tasks, the original input x is modified using a template into a textual string prompt x′ that has some unfilled slots, and then the language model is used to probabilistically fill the unfilled information to obtain a final string x̂, from which the final output y can be derived. This framework is powerful and attractive for a number of reasons: It allows the language model to be pre-trained on massive amounts of raw text, and by defining a new prompting function the model is able to perform few-shot or even zero-shot learning, adapting to new scenarios with few or no labeled data. In this article, we introduce the basics of this promising paradigm, describe a unified set of mathematical notations that can cover a wide variety of existing work, and organize existing work along several dimensions, e.g., the choice of pre-trained language models, prompts, and tuning strategies. To make the field more accessible to interested beginners, we not only make a systematic review of existing works and a highly structured typology of prompt-based concepts but also release other resources, e.g., a website including constantly updated survey and paperlist.",9.0,55.0,"Liu P,Yuan W,Fu J,Jiang Z,Hayashi H,Neubig G"
10.1145/3561390,not available,not available,not available,Journal Article,not available,not available,2022-12,not available,https://doi.org/10.1145/3561390;http://dx.doi.org/10.1145/3561390,"conversational analysis, Toxicity detection",not available,not available,"New York, NY, USA",J. Data and Information Quality,not available,not available,not available,not available,not available,not available,not available,not available,not available,not available,not available,not available,not available,not available,not available,not available,not available,not available,not available,not available,not available,not available,not available,not available,not available,not available,not available,not available,2022.0,1936-1955,Association for Computing Machinery,not available,not available,not available,not available,not available,not available,not available,not available,not available,not available,not available,not available,not available,not available,not available,not available,Revisiting Contextual Toxicity Detection in Conversations,not available,"Understanding toxicity in user conversations is undoubtedly an important problem. Addressing “covert” or implicit cases of toxicity is particularly hard and requires context. Very few previous studies have analysed the influence of conversational context in human perception or in automated detection models. We dive deeper into both these directions. We start by analysing existing contextual datasets and find that toxicity labelling by humans is in general influenced by the conversational structure, polarity, and topic of the context. We then propose to bring these findings into computational detection models by introducing and evaluating (a) neural architectures for contextual toxicity detection that are aware of the conversational structure, and (b) data augmentation strategies that can help model contextual toxicity detection. Our results show the encouraging potential of neural architectures that are aware of the conversation structure. We also demonstrate that such models can benefit from synthetic data, especially in the social media domain.",1.0,15.0,"Anuchitanukul A,Ive J,Specia L"
10.1145/3576915.3623175,not available,not available,not available,Conference Paper,Proceedings of the 2023 ACM SIGSAC Conference on Computer and Communications Security,"Copenhagen, Denmark",2023,not available,https://doi.org/10.1145/3576915.3623175;http://dx.doi.org/10.1145/3576915.3623175,"ai safety, code generation, code security, large language models",not available,CCS '23,"New York, NY, USA",not available,not available,not available,not available,not available,not available,not available,not available,not available,1865–1879,not available,not available,not available,not available,not available,not available,not available,not available,not available,not available,not available,not available,not available,not available,not available,not available,not available,not available,not available,2023.0,not available,Association for Computing Machinery,not available,not available,not available,not available,not available,not available,not available,not available,not available,not available,not available,not available,not available,not available,not available,not available,Large Language Models for Code: Security Hardening and Adversarial Testing,not available,"Large language models (large LMs) are increasingly trained on massive codebases and used to generate code. However, LMs lack awareness of security and are found to frequently produce unsafe code. This work studies the security of LMs along two important axes: (i) security hardening, which aims to enhance LMs' reliability in generating secure code, and (ii) adversarial testing, which seeks to evaluate LMs' security at an adversarial standpoint. We address both of these by formulating a new security task called controlled code generation. The task is parametric and takes as input a binary property to guide the LM to generate secure or unsafe code, while preserving the LM's capability of generating functionally correct code. We propose a novel learning-based approach called SVEN to solve this task. SVEN leverages property-specific continuous vectors to guide program generation towards the given property, without modifying the LM's weights. Our training procedure optimizes these continuous vectors by enforcing specialized loss terms on different regions of code, using a high-quality dataset carefully curated by us. Our extensive evaluation shows that SVEN is highly effective in achieving strong security control. For instance, a state-of-the-art CodeGen LM with 2.7B parameters generates secure code for 59.1% of the time. When we employ SVEN to perform security hardening (or adversarial testing) on this LM, the ratio is significantly boosted to 92.3% (or degraded to 36.8%). Importantly, SVEN closely matches the original LMs in functional correctness.",not available,not available,"He J,Vechev M"
10.1145/3579654.3579667,not available,not available,not available,Conference Paper,"Proceedings of the 2022 5th International Conference on Algorithms, Computing and Artificial Intelligence","Sanya, China",2023,9781450398336.0,https://doi.org/10.1145/3579654.3579667;http://dx.doi.org/10.1145/3579654.3579667,"Logic generation, Logical type, NLG, Table-to-Text, Three-stage generation",not available,ACAI '22,"New York, NY, USA",not available,not available,not available,not available,not available,not available,not available,not available,not available,not available,not available,not available,not available,not available,not available,not available,not available,not available,not available,not available,not available,not available,not available,not available,not available,not available,not available,not available,not available,2023.0,not available,Association for Computing Machinery,not available,not available,not available,not available,not available,not available,not available,not available,not available,not available,not available,not available,not available,not available,not available,not available,Three-stage Logical Table-to-Text Generation based on Type Control,not available,"Table-to-Text generation is to express the information in the table in words. Considering the simplicity and logic of the statement, the task of logical Table-to-Text generation is derived. Logical Table-to-Text generation is to generate logically faithful and smooth text based on tables. However, there are few studies on this task at present, and the effect of related generative models is not ideal, which makes this task still very challenging. In this paper, we propose a three-stage generative model that conforms to the human thinking of generating logical texts. On the basis of generating surface fact texts from tables, coarse templates are generated first, and then logical texts are generated. At the same time, in order to enhance the rationality of generating texts of different logical types from the same table input, we propose to take the logical type of the reference text as a known premise and input it together with the table and table title to generate texts with higher similarity. Experiments on the LogicNLG dataset show that both ideas have their effectiveness, and the model outperforms the baseline model overall. Combining the two ideas for experiments, the overall effect of the model is better, especially in terms of text similarity.",not available,not available,"Shi W,Liu Y,Wu J,Liao J"
10.1145/3580305.3599249,not available,not available,not available,Conference Paper,Proceedings of the 29th ACM SIGKDD Conference on Knowledge Discovery and Data Mining,"Long Beach, CA, USA",2023,not available,https://doi.org/10.1145/3580305.3599249;http://dx.doi.org/10.1145/3580305.3599249,"peptide generation, generative model, drug discovery",not available,KDD '23,"New York, NY, USA",not available,not available,not available,not available,not available,not available,not available,not available,not available,2243–2255,not available,not available,not available,not available,not available,not available,not available,not available,not available,not available,not available,not available,not available,not available,not available,not available,not available,not available,not available,2023.0,not available,Association for Computing Machinery,not available,not available,not available,not available,not available,not available,not available,not available,not available,not available,not available,not available,not available,not available,not available,not available,Accelerating Antimicrobial Peptide Discovery with Latent Structure,not available,"Antimicrobial peptides (AMPs) are promising therapeutic approaches against drug-resistant pathogens. Recently, deep generative models are used to discover new AMPs. However, previous studies mainly focus on peptide sequence attributes and do not consider crucial structure information. In this paper, we propose a latent sequence-structure model for designing AMPs (LSSAMP). LSSAMP exploits multi-scale vector quantization in the latent space to represent secondary structures (e.g. alpha helix and beta sheet). By sampling in the latent space, LSSAMP can simultaneously generate peptides with ideal sequence attributes and secondary structures. Experimental results show that the peptides generated by LSSAMP have a high probability of antimicrobial activity. Our wet laboratory experiments verified that two of the 21 candidates exhibit strong antimicrobial activity. The code is released at https://github.com/dqwang122/LSSAMP.",not available,not available,"Wang D,Wen Z,Ye F,Li L,Zhou H"
10.1145/3581783.3612179,not available,not available,not available,Conference Paper,Proceedings of the 31st ACM International Conference on Multimedia,"Ottawa ON, Canada",2023,not available,https://doi.org/10.1145/3581783.3612179;http://dx.doi.org/10.1145/3581783.3612179,"story planning, text-only training, visual storytelling",not available,MM '23,"New York, NY, USA",not available,not available,not available,not available,not available,not available,not available,not available,not available,3686–3695,not available,not available,not available,not available,not available,not available,not available,not available,not available,not available,not available,not available,not available,not available,not available,not available,not available,not available,not available,2023.0,not available,Association for Computing Machinery,not available,not available,not available,not available,not available,not available,not available,not available,not available,not available,not available,not available,not available,not available,not available,not available,Text-Only Training for Visual Storytelling,not available,"Visual storytelling aims to generate a narrative based on a sequence of images, necessitating both vision-language alignment and coherent story generation. Most existing solutions predominantly depend on paired image-text training data, which can be costly to collect and challenging to scale. To address this, we formulate visual storytelling as a visual-conditioned story generation problem and propose a text-only training method that separates the learning of cross-modality alignment and story generation. Our approach specifically leverages the cross-modality pre-trained CLIP model to integrate visual control into a story generator, trained exclusively on text data. Moreover, we devise a training-free visual condition planner that accounts for the temporal structure of the input image sequence while balancing global and local visual content. The distinctive advantage of requiring only text data for training enables our method to learn from external text story data, enhancing the generalization capability of visual storytelling. We conduct extensive experiments on the VIST benchmark, showcasing the effectiveness of our approach in both in-domain and cross-domain settings. Further evaluations on expression diversity and human assessment underscore the superiority of our method in terms of informativeness and robustness.",not available,not available,"Wang Y,Zhou W,Lu Z,Li H"
10.1145/3583780.3615189,not available,not available,not available,Conference Paper,Proceedings of the 32nd ACM International Conference on Information and Knowledge Management,"Birmingham, United Kingdom",2023,not available,https://doi.org/10.1145/3583780.3615189;http://dx.doi.org/10.1145/3583780.3615189,"query performance prediction, information retrieval, disentanglement",not available,CIKM '23,"New York, NY, USA",not available,not available,not available,not available,not available,not available,not available,not available,not available,4264–4268,not available,not available,not available,not available,not available,not available,not available,not available,not available,not available,not available,not available,not available,not available,not available,not available,not available,not available,not available,2023.0,not available,Association for Computing Machinery,not available,not available,not available,not available,not available,not available,not available,not available,not available,not available,not available,not available,not available,not available,not available,not available,Neural Disentanglement of Query Difficulty and Semantics,not available,"Researchers have shown that the retrieval effectiveness of queries may depend on other factors in addition to the semantics of the query. In other words, several queries expressed with the same intent, and even using overlapping keywords, may exhibit completely different degrees of retrieval effectiveness. As such, the objective of our work in this paper is to propose a neural disentanglement method that is able to disentangle query semantics from query difficulty. The disentangled query semantics representation provides the means to determine semantic association between queries whereas the disentangled query difficulty representation would allow for the estimation of query effectiveness. We show through our experiments on the query performance prediction; and, query similarity calculation tasks that our proposed disentanglement method is able to show better performance compared to the state of the art.",not available,not available,"Salamat S,Arabzadeh N,Seyedsalehi S,Bigdeli A,Zihayat M,Bagheri E"
10.1145/3589334.3645408,not available,not available,not available,Conference Paper,Proceedings of the ACM Web Conference 2024,"Singapore, Singapore",2024,not available,https://doi.org/10.1145/3589334.3645408;http://dx.doi.org/10.1145/3589334.3645408,"large language models, personalized text generation, prompt rewrite",not available,WWW '24,"New York, NY, USA",not available,not available,not available,not available,not available,not available,not available,not available,not available,3367–3378,not available,not available,not available,not available,not available,not available,not available,not available,not available,not available,not available,not available,not available,not available,not available,not available,not available,not available,not available,2024.0,not available,Association for Computing Machinery,not available,not available,not available,not available,not available,not available,not available,not available,not available,not available,not available,not available,not available,not available,not available,not available,Learning to Rewrite Prompts for Personalized Text Generation,not available,"Facilitated by large language models (LLMs), personalized text generation has become a rapidly growing research direction. Most existing studies focus on designing specialized models for a particular domain, or they require fine-tuning the LLMs to generate personalized text. We consider a typical scenario in which the large language model, which generates personalized output, is frozen and can only be accessed through APIs. Under this constraint, all one can do is to improve the input text (i.e., text prompts) sent to the LLM, a procedure that is usually done manually. In this paper, we propose a novel method to automatically revise prompts for personalized text generation. The proposed method takes the initial prompts generated by a state-of-the-art, multistage framework for personalized generation and rewrites a few critical components that summarize and synthesize the personal context. The prompt rewriter employs a training paradigm that chains together supervised learning (SL) and reinforcement learning (RL), where SL reduces the search space of RL and RL facilitates end-to-end training of the rewriter. Using datasets from three representative domains, we demonstrate that the rewritten prompts outperform both the original prompts and the prompts optimized via supervised learning or reinforcement learning alone. In-depth analysis of the rewritten prompts shows that they are not only human readable, but also able to guide manual revision of prompts when there is limited resource to employ reinforcement learning to train the prompt rewriter, or when it is costly to deploy an automatic prompt rewriter for inference.",not available,not available,"Li C,Zhang M,Mei Q,Kong W,Bendersky M"
10.1145/3605390.3610821,not available,not available,not available,Conference Paper,Proceedings of the 15th Biannual Conference of the Italian SIGCHI Chapter,"Torino, Italy",2023,not available,https://doi.org/10.1145/3605390.3610821;http://dx.doi.org/10.1145/3605390.3610821,"Large Language Models, Interdisciplinary Collaboration, Generative Artificial Intelligence, Ethical Issues in AI, AI Explainability",not available,CHItaly '23,"New York, NY, USA",not available,not available,not available,not available,not available,not available,not available,not available,not available,not available,not available,not available,not available,not available,not available,not available,not available,not available,not available,not available,not available,not available,not available,not available,not available,not available,not available,not available,not available,2023.0,not available,Association for Computing Machinery,not available,not available,not available,not available,not available,not available,not available,not available,not available,not available,not available,not available,not available,not available,not available,not available,"GENERAL: GENerative, Explainable and Reasonable Artificial Learning",not available,"The GENERAL (GENerative, Explainable and Reasonable Artificial Learning) workshop, held at CHITALY 2023, delves into the advancements in General and Generative Artificial Intelligence (GGAI), with a focus on breakthroughs in natural language processing (NLP) and computer vision (CV). The workshop highlights the capabilities of Large Language Models (LLMs) and Latent Diffusion Models (LDMs) in generating human-like content across text and images. It emphasizes the importance of AI explainability, aiming to understand, explain, and control the complexities of these AI systems in terms of fairness, accountability, and transparency. The workshop encourages interdisciplinary collaboration across fields like HCI, psychology, social studies, and the arts to better understand AI’s societal and cultural impacts. Topics of interest include user perceptions of generative AIs, machine psychology, AI assistants, ethical issues in Generative AI, and safety and control mechanisms for large language models.",not available,not available,"Di Caro L,Rapp A,Torrielli F"
10.1145/3617680,not available,not available,not available,Journal Article,not available,not available,2023-10,not available,https://doi.org/10.1145/3617680;http://dx.doi.org/10.1145/3617680,"systematic review, controllability, Transformer, pre-trained language models, Controllable text generation",not available,not available,"New York, NY, USA",ACM Comput. Surv.,not available,not available,not available,not available,not available,not available,not available,not available,not available,not available,not available,not available,not available,not available,not available,not available,not available,not available,not available,not available,not available,not available,not available,not available,not available,not available,not available,not available,2023.0,0360-0300,Association for Computing Machinery,not available,not available,not available,not available,not available,not available,not available,not available,not available,not available,not available,not available,not available,not available,not available,not available,A Survey of Controllable Text Generation Using Transformer-based Pre-trained Language Models,not available,"Controllable Text Generation (CTG) is an emerging area in the field of natural language generation (NLG). It is regarded as crucial for the development of advanced text generation technologies that better meet the specific constraints in practical applications. In recent years, methods using large-scale pre-trained language models (PLMs), in particular the widely used Transformer-based PLMs, have become a new paradigm of NLG, allowing generation of more diverse and fluent text. However, due to the limited level of interpretability of deep neural networks, the controllability of these methods needs to be guaranteed. To this end, controllable text generation using Transformer-based PLMs has become a rapidly growing yet challenging new research hotspot. A diverse range of approaches have emerged in the past 3 to 4 years, targeting different CTG tasks that require different types of controlled constraints. In this article, we present a systematic critical review on the common tasks, main approaches, and evaluation methods in this area. Finally, we discuss the challenges that the field is facing, and put forward various promising future directions. To the best of our knowledge, this is the first survey article to summarize the state-of-the-art CTG techniques from the perspective of Transformer-based PLMs. We hope it can help researchers and practitioners in the related fields to quickly track the academic and technological frontier, providing them with a landscape of the area and a roadmap for future research.",3.0,56.0,"Zhang H,Song H,Li S,Zhou M,Song D"
10.1145/3626772.3657779,not available,not available,not available,Conference Paper,Proceedings of the 47th International ACM SIGIR Conference on Research and Development in Information Retrieval,"Washington DC, USA",2024,not available,https://doi.org/10.1145/3626772.3657779;http://dx.doi.org/10.1145/3626772.3657779,"auto-completion, large language models, optimal transport, query detoxification, reinforcement learning",not available,SIGIR '24,"New York, NY, USA",not available,not available,not available,not available,not available,not available,not available,not available,not available,608–618,not available,not available,not available,not available,not available,not available,not available,not available,not available,not available,not available,not available,not available,not available,not available,not available,not available,not available,not available,2024.0,not available,Association for Computing Machinery,not available,not available,not available,not available,not available,not available,not available,not available,not available,not available,not available,not available,not available,not available,not available,not available,DAC: Quantized Optimal Transport Reward-based Reinforcement Learning Approach to Detoxify Query Auto-Completion,not available,"Modern Query Auto-Completion (QAC) systems utilize natural language generation (NLG) using large language models (LLM) to achieve remarkable performance. However, these systems are prone to generating biased and toxic completions due to inherent learning biases. Existing detoxification approaches exhibit two key limitations: (1) They primarily focus on mitigating toxicity for grammatically well-formed long sentences but struggle to adapt to the QAC task, where queries are short and structurally different (include spelling errors, do not follow grammatical rules and have relatively flexible word order). (2) These approaches often view detoxification through a binary lens where all text labeled as toxic is undesirable, and non-toxic is considered desirable. To address these limitations, we propose DAC, an intuitive and efficient reinforcement learning-based model to detoxify QAC. With DAC, we introduce an additional perspective of considering the third query class of addressable toxicity. These queries can encompass implicit toxicity, subjective toxicity, or non-toxic queries containing toxic words. We incorporate this three-class query behavior perspective into the proposed model through quantized optimal transport to learn distinctions and generate truly non-toxic completions. We evaluate toxicity levels in the generated completions by DAC across two real-world QAC datasets (Bing and AOL) using two classifiers: a publicly available generic classifier (Detoxify) and a search query-specific classifier, which we develop (TClassify). We find that DAC consistently outperforms all existing baselines on the Bing dataset and achieves competitive performance on the AOL dataset for query detoxification. % providing high quality and low toxicity. We make the code publicly available.",not available,not available,"Maheswaran A,Maurya KK,Gupta M,Desarkar MS"
10.1145/3639479.3639488,not available,not available,not available,Conference Paper,Proceedings of the 2023 6th International Conference on Machine Learning and Natural Language Processing,"Sanya, China",2024,not available,https://doi.org/10.1145/3639479.3639488;http://dx.doi.org/10.1145/3639479.3639488,"Backdoor Adjustment, Causal Inference, Out-Of-Distribution Generalization, Sentiment Classification",not available,MLNLP '23,"New York, NY, USA",not available,not available,not available,not available,not available,not available,not available,not available,not available,41–47,not available,not available,not available,not available,not available,not available,not available,not available,not available,not available,not available,not available,not available,not available,not available,not available,not available,not available,not available,2024.0,not available,Association for Computing Machinery,not available,not available,not available,not available,not available,not available,not available,not available,not available,not available,not available,not available,not available,not available,not available,not available,Robust Sentiment Classification Based on the Backdoor Adjustment,not available,"Deep NLP models are correlation-based learning, which has a critical limitation of over-fitting over spurious features and shows poor generalization capability in the out-of-distribution (OOD) setting. Existing methods encourage the model to exploit causal features and exclude spurious correlations through Counterfactually Augmented Data (CAD) and feature regularization. However, those methods still face challenges due to the low quality of counterfactual generation and the high cost of annotation. This paper proposes an improved method for OOD generalization motivated by causal inference tools. Specifically, taking the topic of the text as the confounder of the input and the label, the model fits the causal correlation between the representations and the label through the backdoor adjustment to alleviate the exploitation of the spurious correlations. The proposed method is evaluated on the counterfactual adversarial test set (movie review text) and the challenging test set with synonym perturbation (financial news text) provided in the previous work. The experimental results show that this method improves the OOD generalization capability of the sentiment classification models in these two attacks while preserving the predictive ability, especially in the case of long text.",not available,not available,"Dai L,Han M"
10.1145/3649158.3657034,not available,not available,not available,Conference Paper,Proceedings of the 29th ACM Symposium on Access Control Models and Technologies,"San Antonio, TX, USA",2024,not available,https://doi.org/10.1145/3649158.3657034;http://dx.doi.org/10.1145/3649158.3657034,"activity-centric access control, deep learning based access control, humanoid robots, large language models, neuro-symbolic access control, robot task planning",not available,SACMAT 2024,"New York, NY, USA",not available,not available,not available,not available,not available,not available,not available,not available,not available,117–125,not available,not available,not available,not available,not available,not available,not available,not available,not available,not available,not available,not available,not available,not available,not available,not available,not available,not available,not available,2024.0,not available,Association for Computing Machinery,not available,not available,not available,not available,not available,not available,not available,not available,not available,not available,not available,not available,not available,not available,not available,not available,BlueSky: How to Raise a Robot - A Case for Neuro-Symbolic AI in Constrained Task Planning for Humanoid Assistive Robots,not available,"Humanoid robots will be able to assist humans in their daily life, in particular due to their versatile action capabilities. However, while these robots need a certain degree of autonomy to learn and explore, they also should respect various constraints, for access control and beyond. We explore the novel field of incorporating privacy, security, and access control constraints with robot task planning approaches. We report preliminary results on the classical symbolic approach, deep-learned neural networks, and modern ideas using large language models as knowledge base. From analyzing their trade-offs, we conclude that a hybrid approach is necessary, and thereby present a new use case for the emerging field of neuro-symbolic artificial intelligence.",not available,not available,"Hemken N,Jacob F,Tërnava F,Kartmann R,Asfour T,Hartenstein H"
10.1145/3649449,not available,not available,not available,Journal Article,not available,not available,2024-04,not available,https://doi.org/10.1145/3649449;http://dx.doi.org/10.1145/3649449,"Pre-trained language models, natural language processing",not available,not available,"New York, NY, USA",ACM Comput. Surv.,not available,not available,not available,not available,not available,not available,not available,not available,not available,not available,not available,not available,not available,not available,not available,not available,not available,not available,not available,not available,not available,not available,not available,not available,not available,not available,not available,not available,2024.0,0360-0300,Association for Computing Machinery,not available,not available,not available,not available,not available,not available,not available,not available,not available,not available,not available,not available,not available,not available,not available,not available,Pre-Trained Language Models for Text Generation: A Survey,not available,"Text Generation aims to produce plausible and readable text in human language from input data. The resurgence of deep learning has greatly advanced this field, in particular, with the help of neural generation models based on pre-trained language models (PLMs). Text generation based on PLMs is viewed as a promising approach in both academia and industry. In this article, we provide a survey on the utilization of PLMs in text generation. We begin with introducing two key aspects of applying PLMs to text generation: (1) how to design an effective PLM to serve as the generation model; and (2) how to effectively optimize PLMs given the reference text and to ensure that the generated texts satisfy special text properties. Then, we show the major challenges that have arisen in these aspects, as well as possible solutions for them. We also include a summary of various useful resources and typical text generation applications based on PLMs. Finally, we highlight the future research directions which will further improve these PLMs for text generation. This comprehensive survey is intended to help researchers interested in text generation problems to learn the core concepts, the main techniques and the latest developments in this area based on PLMs.",9.0,56.0,"Li J,Tang T,Zhao WX,Nie JY,Wen JR"
10.1145/3650041,not available,not available,not available,Journal Article,not available,not available,2024-05,not available,https://doi.org/10.1145/3650041;http://dx.doi.org/10.1145/3650041,"User simulation, conversational search, mixed-initiative",not available,not available,"New York, NY, USA",ACM Trans. Intell. Syst. Technol.,not available,not available,not available,not available,not available,not available,not available,not available,not available,not available,not available,not available,not available,not available,not available,not available,not available,not available,not available,not available,not available,not available,not available,not available,not available,not available,not available,not available,2024.0,2157-6904,Association for Computing Machinery,not available,not available,not available,not available,not available,not available,not available,not available,not available,not available,not available,not available,not available,not available,not available,not available,Analysing Utterances in LLM-Based User Simulation for Conversational Search,not available,"Clarifying underlying user information needs by asking clarifying questions is an important feature of modern conversational search systems. However, evaluation of such systems through answering prompted clarifying questions requires significant human effort, which can be time-consuming and expensive. In our recent work, we proposed an approach to tackle these issues with a user simulator, USi. Given a description of an information need, USi is capable of automatically answering clarifying questions about the topic throughout the search session. However, while the answers generated by USi are both in line with the underlying information need and in natural language, a deeper understanding of such utterances is lacking. Thus, in this work, we explore utterance formulation of large language model (LLM)–based user simulators. To this end, we first analyze the differences between USi, based on GPT-2, and the next generation of generative LLMs, such as GPT-3. Then, to gain a deeper understanding of LLM-based utterance generation, we compare the generated answers to the recently proposed set of patterns of human-based query reformulations. Finally, we discuss potential applications as well as limitations of LLM-based user simulators and outline promising directions for future work on the topic.",3.0,15.0,"Sekulić I,Alinannejadi M,Crestani F"
10.1145/3652028,not available,not available,not available,Journal Article,not available,not available,2024-06,not available,https://doi.org/10.1145/3652028;http://dx.doi.org/10.1145/3652028,"Large language models, beam search tree, natural language generation, explainability, language transformers, visual analytics",not available,not available,"New York, NY, USA",ACM Trans. Interact. Intell. Syst.,not available,not available,not available,not available,not available,not available,not available,not available,not available,not available,not available,not available,not available,not available,not available,not available,not available,not available,not available,not available,not available,not available,not available,not available,not available,not available,not available,not available,2024.0,2160-6455,Association for Computing Machinery,not available,not available,not available,not available,not available,not available,not available,not available,not available,not available,not available,not available,not available,not available,not available,not available,-generAItor: Tree-in-the-loop Text Generation for Language Model Explainability and Adaptation,not available,"Large language models (LLMs) are widely deployed in various downstream tasks, e.g., auto-completion, aided writing, or chat-based text generation. However, the considered output candidates of the underlying search algorithm are under-explored and under-explained. We tackle this shortcoming by proposing a tree-in-the-loop approach, where a visual representation of the beam search tree is the central component for analyzing, explaining, and adapting the generated outputs. To support these tasks, we present generAItor, a visual analytics technique, augmenting the central beam search tree with various task-specific widgets, providing targeted visualizations and interaction possibilities. Our approach allows interactions on multiple levels and offers an iterative pipeline that encompasses generating, exploring, and comparing output candidates, as well as fine-tuning the model based on adapted data. Our case study shows that our tool generates new insights in gender bias analysis beyond state-of-the-art template-based methods. Additionally, we demonstrate the applicability of our approach in a qualitative user study. Finally, we quantitatively evaluate the adaptability of the model to few samples, as occurring in text-generation use cases.",2.0,14.0,"Spinner T,Kehlbeck R,Sevastjanova R,Stähle T,Keim DA,Deussen O,El-Assady M"
10.1145/3664595,not available,not available,not available,Journal Article,not available,not available,2024-06,not available,https://doi.org/10.1145/3664595;http://dx.doi.org/10.1145/3664595,"Computational creativity, machine learning, generative deep learning, creativity evaluation methods",not available,not available,"New York, NY, USA",ACM Comput. Surv.,not available,not available,not available,not available,not available,not available,not available,not available,not available,not available,not available,not available,not available,not available,not available,not available,not available,not available,not available,not available,not available,not available,not available,not available,not available,not available,not available,not available,2024.0,0360-0300,Association for Computing Machinery,not available,not available,not available,not available,not available,not available,not available,not available,not available,not available,not available,not available,not available,not available,not available,not available,Creativity and Machine Learning: A Survey,not available,"There is a growing interest in the area of machine learning and creativity. This survey presents an overview of the history and the state of the art of computational creativity theories, key machine learning techniques (including generative deep learning), and corresponding automatic evaluation methods. After presenting a critical discussion of the key contributions in this area, we outline the current research challenges and emerging opportunities in this field.",11.0,56.0,"Franceschelli G,Musolesi M"
10.1145/3676581.3676593,not available,not available,not available,Conference Paper,"Proceedings of the 2024 2nd International Conference on Communications, Computing and Artificial Intelligence","Jeju, Republic of Korea",2024,not available,https://doi.org/10.1145/3676581.3676593;http://dx.doi.org/10.1145/3676581.3676593,"dependency chain mining, relationship extraction, sample generation",not available,CCCAI '24,"New York, NY, USA",not available,not available,not available,not available,not available,not available,not available,not available,not available,64–70,not available,not available,not available,not available,not available,not available,not available,not available,not available,not available,not available,not available,not available,not available,not available,not available,not available,not available,not available,2024.0,not available,Association for Computing Machinery,not available,not available,not available,not available,not available,not available,not available,not available,not available,not available,not available,not available,not available,not available,not available,not available,Techniques for Fine-Grained Analysis of Scientific and Technological Intelligence,not available,"In today's world, scientific and technological intelligence information presents challenges such as insufficient annotated samples in interdisciplinary and specialized fields, the continuous emergence of new technologies, and complex interwoven dependencies of technical points. These aspects pose significant obstacles for the fine-grained acquisition and analysis of scientific and technological intelligence. To address these issues, this paper focuses on three areas: domain-aware generation of scientific and technological intelligence samples, extraction of intelligence entity relationships based on continual learning, and mining of technological dependency chains using causal graphs. This research aims to provide foundational techniques and algorithms for the acquisition and analysis of fine-grained scientific and technological intelligence, thereby enhancing our nation's capability in technological trend assessment and development planning in the context of global competition.",not available,not available,"Zhao X,He Y,Gao Y,Luo X,Ke W"
10.1145/3687273.3687289,not available,not available,not available,Journal Article,not available,not available,2024-08,not available,https://doi.org/10.1145/3687273.3687289;http://dx.doi.org/10.1145/3687273.3687289,not available,not available,not available,"New York, NY, USA",SIGIR Forum,not available,not available,not available,not available,not available,not available,not available,not available,1–11,not available,not available,not available,not available,not available,not available,not available,not available,not available,not available,not available,not available,not available,not available,not available,not available,not available,not available,not available,2024.0,0163-5840,Association for Computing Machinery,not available,not available,not available,not available,not available,not available,not available,not available,not available,not available,not available,not available,not available,not available,not available,not available,Report on the 7th International Workshop on Narrative Extraction from Texts (Text2Story 2024) at ECIR 2024,not available,"The Seventh International Workshop on Narrative Extraction from Texts (Text2Story'24) was held on March 24th, 2024, in conjunction with the 46th European Conference on Information Retrieval (ECIR 2024) in Glasgow, Scotland. Over the day, more than 50 attendees engaged in discussions and presentations focused on recent advancements in narrative representation, extraction, and generation. The workshop featured two invited keynote addresses, fourteen research paper presentations, and a poster session. The workshop proceedings are available online.1Date: 24 March 2024.Website: https://text2story24.inesctec.pt/.",1.0,58.0,"Campos R,Jorge AM,Jatowt A,Bhatia S,Litvak M,Cordeiro JP,Rocha C,Sousa H,Mansouri B"
10.1145/3689236.3696049,not available,not available,not available,Conference Paper,Proceedings of the 2024 9th International Conference on Cyber Security and Information Engineering,not available,2024,not available,https://doi.org/10.1145/3689236.3696049;http://dx.doi.org/10.1145/3689236.3696049,"Deep Learning, Generative Adversarial Network, Intelligence, Intelligent Editing and Publishing, Multi-Dimensional Cross-Encoding",not available,ICCSIE '24,"New York, NY, USA",not available,not available,not available,not available,not available,not available,not available,not available,not available,923–930,not available,not available,not available,not available,not available,not available,not available,not available,not available,not available,not available,not available,not available,not available,not available,not available,not available,not available,not available,2024.0,not available,Association for Computing Machinery,not available,not available,not available,not available,not available,not available,not available,not available,not available,not available,not available,not available,not available,not available,not available,not available,Intelligent Editing and Publishing System Based on Deep Learning and Multi-Dimensional Cross-Encoding,not available,"Abstract: With the rapid development of intelligent technologies in recent years, to enhance the level of intelligence in semantic modeling and automated processing of editing and publishing systems, this paper designs an intelligent editing and publishing system based on deep learning and multidimensional cross-encoding. The system's multidimensional cross-encoder performs semantic modeling of user-input keywords and achieves precise control over topics in the editing process through a weighted concatenation attention mechanism. To further optimize system performance, this study introduces a Generative Adversarial Network (GAN) to optimize the semantic representation of the generator. Experimental validation shows that the system performs excellently on evaluation metrics such as BLEU-3, BLEU-4, and Correlation, particularly with significant improvements in the consistency between keywords and text semantics. The research results indicate that the application of this system in intelligent editing and publishing processes offers significant technical advantages, effectively supporting topic planning and content proofreading in intelligent publishing workflows and providing technical support for the development of the intelligent publishing field.",not available,not available,"Shi J,Yan J,Zhang H,Liu T"
10.1145/3700297.3700342,not available,not available,not available,Conference Paper,Proceedings of the 2024 International Symposium on Artificial Intelligence for Education,not available,2024,not available,https://doi.org/10.1145/3700297.3700342;http://dx.doi.org/10.1145/3700297.3700342,"Cultivation, Educational Reform, Large Language Models, Personalized Learning, Software Development Professionals",not available,ISAIE '24,"New York, NY, USA",not available,not available,not available,not available,not available,not available,not available,not available,not available,259–267,not available,not available,not available,not available,not available,not available,not available,not available,not available,not available,not available,not available,not available,not available,not available,not available,not available,not available,not available,2024.0,not available,Association for Computing Machinery,not available,not available,not available,not available,not available,not available,not available,not available,not available,not available,not available,not available,not available,not available,not available,not available,Opportunities and Challenges in the Cultivation of Software Development Professionals in the Context of Large Language Models,not available,"In the context of the rapid development of Large Language Models (LLMs), the field of software development has undergone significant transformations presenting both opportunities and challenges for software development professional cultivation. This study systematically analyzes the applications of LLMs in software development and their impact on this cultivation, exploring the opportunities and challenges in enhancing programming efficiency, promoting personalized learning, improving interdisciplinary skills, and addressing over-reliance on LLMs and related tools. Through literature analysis, this study reviews the impact of LLMs on programming efficiency, code quality, and project management and evaluates the requirements and directions for professional cultivation in response to these changes. The research results indicate that while LLMs bring numerous opportunities, they also pose challenges such as rapid technological updates and a tendency toward over-reliance on tools. Therefore, this study proposes a series of optimized professional cultivation strategies to adapt to the technological developments and industry demands of the new era, thereby enhancing the capability of higher education institutions to cultivate software professionals who meet future needs.",not available,not available,"Chen P,Alias SB"
10.1145/3706598.3713491,not available,not available,not available,Conference Paper,Proceedings of the 2025 CHI Conference on Human Factors in Computing Systems,not available,2025,not available,https://doi.org/10.1145/3706598.3713491;http://dx.doi.org/10.1145/3706598.3713491,"Human-in-the-loop data augmentation, interactive visualization, data diversity, sparse autoencoders, language models",not available,CHI '25,"New York, NY, USA",not available,not available,not available,not available,not available,not available,not available,not available,not available,not available,not available,not available,not available,not available,not available,not available,not available,not available,not available,not available,not available,not available,not available,not available,not available,not available,not available,not available,not available,2025.0,not available,Association for Computing Machinery,not available,not available,not available,not available,not available,not available,not available,not available,not available,not available,not available,not available,not available,not available,not available,not available,Exploring Empty Spaces: Human-in-the-Loop Data Augmentation,not available,"Data augmentation is crucial to make machine learning models more robust and safe. However, augmenting data can be challenging as it requires generating diverse data points to rigorously evaluate model behavior on edge cases and mitigate potential harms. Creating high-quality augmentations that cover these “unknown unknowns” is a time- and creativity-intensive task. In this work, we introduce Amplio, an interactive tool to help practitioners navigate “unknown unknowns” in unstructured text datasets and improve data diversity by systematically identifying empty data spaces to explore. Amplio includes three human-in-the-loop data augmentation techniques: Augment with Concepts, Augment by Interpolation, and Augment with Large Language Model. In a user study with 18 professional red teamers, we demonstrate the utility of our augmentation methods in helping generate high-quality, diverse, and relevant model safety prompts. We find that Amplio enabled red teamers to augment data quickly and creatively, highlighting the transformative potential of interactive augmentation workflows.",not available,not available,"Yeh C,Ren D,Assogba Y,Moritz D,Hohman F"
10.1145/3706598.3713554,not available,not available,not available,Conference Paper,Proceedings of the 2025 CHI Conference on Human Factors in Computing Systems,not available,2025,not available,https://doi.org/10.1145/3706598.3713554;http://dx.doi.org/10.1145/3706598.3713554,"Writing assistance, Large language models, Human-AI interaction, Mobile interaction, Touch interaction, Direct manipulation",not available,CHI '25,"New York, NY, USA",not available,not available,not available,not available,not available,not available,not available,not available,not available,not available,not available,not available,not available,not available,not available,not available,not available,not available,not available,not available,not available,not available,not available,not available,not available,not available,not available,not available,not available,2025.0,not available,Association for Computing Machinery,not available,not available,not available,not available,not available,not available,not available,not available,not available,not available,not available,not available,not available,not available,not available,not available,Exploring Mobile Touch Interaction with Large Language Models,not available,"Interacting with Large Language Models (LLMs) for text editing on mobile devices currently requires users to break out of their writing environment and switch to a conversational AI interface. In this paper, we propose to control the LLM via touch gestures performed directly on the text. We first chart a design space that covers fundamental touch input and text transformations. In this space, we then concretely explore two control mappings: spread-to-generate and pinch-to-shorten, with visual feedback loops. We evaluate this concept in a user study (N=14) that compares three feedback designs: no visualisation, text length indicator, and length + word indicator. The results demonstrate that touch-based control of LLMs is both feasible and user-friendly, with the length + word indicator proving most effective for managing text generation. This work lays the foundation for further research into gesture-based interaction with LLMs on touch devices.",not available,not available,"Zindulka T,Sekowski JM,Lehmann F,Buschek D"
10.1145/3711856,not available,not available,not available,Journal Article,not available,not available,2025-02,not available,https://doi.org/10.1145/3711856;http://dx.doi.org/10.1145/3711856,"Explainable recommender system, natural language generation, counterfactual data augmentation",not available,not available,"New York, NY, USA",ACM Trans. Inf. Syst.,not available,not available,not available,not available,not available,not available,not available,not available,not available,not available,not available,not available,not available,not available,not available,not available,not available,not available,not available,not available,not available,not available,not available,not available,not available,not available,not available,not available,2025.0,1046-8188,Association for Computing Machinery,not available,not available,not available,not available,not available,not available,not available,not available,not available,not available,not available,not available,not available,not available,not available,not available,Domain Counterfactual Data Augmentation for Explainable Recommendation,not available,"Providing explanations for recommendation decisions is crucial for enhancing user trust and satisfaction in recommender systems. However, existing generative methods often produce generic, repetitive explanation texts that fail to reflect the true reasons behind user interests and item attributes. Thus, it is important to address this degeneration issue in recommendation explanations. This work tackles a key problem in explainable recommendation: understanding how explanation degeneration occurs and improving explanation quality by mitigating it. We argue that examining the causal mechanism underlying the data generation process is key to addressing this problem. Along this line, we identify a neglected hidden variable, which we refer to as textual attributes. Textual attributes encompass various aspects, such as text style, word frequency distributions, and more. Just like user persona and item attributes in traditional recommender systems, textual attributes also shape the nature of explanations. Our analysis of the causal graph reveals the underlying cause of the model’s degeneration. To address this issue, we propose a novel learning method called Domain for Counterfactual Reasoning (D4C). By using the auxiliary domain to generate counterfactual data and combining it with factual data, this approach helps the model focus more on the causal contributions of users and items during training. Extensive experiments on five real-world datasets from various platforms demonstrate the effectiveness of our approach.",3.0,43.0,"Yu Y,Sugiyama K,Jatowt A"
10.1145/3717867.3717914,not available,not available,not available,Conference Paper,Proceedings of the 17th ACM Web Science Conference 2025,not available,2025,not available,https://doi.org/10.1145/3717867.3717914;http://dx.doi.org/10.1145/3717867.3717914,"large language models, deception detection, text generation, natural language processing, bias analysis",not available,Websci '25,"New York, NY, USA",not available,not available,not available,not available,not available,not available,not available,not available,not available,189–198,not available,not available,not available,not available,not available,not available,not available,not available,not available,not available,not available,not available,not available,not available,not available,not available,not available,not available,not available,2025.0,not available,Association for Computing Machinery,not available,not available,not available,not available,not available,not available,not available,not available,not available,not available,not available,not available,not available,not available,not available,not available,Master of Deceit: Comparative Analysis of Human and Machine-Generated Deceptive Text,not available,"Deception, the intentional act of creating false impressions, has long been studied in human interactions. With the emergence of AI and large language models (LLMs), deception now extends to machine-generated content, raising concerns about distinguishing between human and AI-created content. In this study, we compare deceptive and truthful texts produced by humans and LLMs (GPT-3.5 and GPT-4o) using two datasets; a crowdsourced online Review Dataset and a transcribed interview dataset (MU3D). We replicate the data generation process with LLMs, introducing personas into prompts to examine linguistic differences and potential biases. Using LIWC, we analyze word choice, complexity, and cognitive patterns across human- and LLM-generated deception and truthful texts. Our findings show that LLM-generated deception differs significantly from human deception, exhibiting greater verbosity, formality, and lexical sophistication, while human deception is more socially driven, relying more on social references, interpersonal cues, and natural conversational patterns. Despite improvements in LLMs, context-dependent biases remain embedded in LLM-generated texts, emphasizing the need for stronger bias mitigation strategies and responsible AI deployment. Our study identifies key linguistic markers that differentiate LLM-generated from human deception and highlights the importance of assessing hidden biases and potential risks in AI-generated deceptive text and misinformation.",not available,not available,"Trinh QM,Zarin S,Rezapour R"
10.1145/3722552,not available,not available,not available,Journal Article,not available,not available,2025-05,not available,https://doi.org/10.1145/3722552;http://dx.doi.org/10.1145/3722552,"Generative Information Retrieval, Generative Document Retrieval, Reliable Response Generation",not available,not available,"New York, NY, USA",ACM Trans. Inf. Syst.,not available,not available,not available,not available,not available,not available,not available,not available,not available,not available,not available,not available,not available,not available,not available,not available,not available,not available,not available,not available,not available,not available,not available,not available,not available,not available,not available,not available,2025.0,1046-8188,Association for Computing Machinery,not available,not available,not available,not available,not available,not available,not available,not available,not available,not available,not available,not available,not available,not available,not available,not available,From Matching to Generation: A Survey on Generative Information Retrieval,not available,"Information Retrieval (IR) systems are crucial tools for users to access information, which have long been dominated by traditional methods relying on similarity matching. With the advancement of pre-trained language models, Generative Information Retrieval (GenIR) emerges as a novel paradigm, attracting increasing attention. Based on the form of information provided to users, current research in GenIR can be categorized into two aspects: (1) Generative Retrieval (GR) leverages the generative model’s parameters for memorizing documents, enabling retrieval by directly generating relevant document identifiers without explicit indexing. (2) Reliable Response Generation employs language models to directly generate information users seek, breaking the limitations of traditional IR in terms of document granularity and relevance matching while offering flexibility, efficiency, and creativity to meet practical needs. This article aims to systematically review the latest research progress in GenIR. We will summarize the advancements in GR regarding model training and structure, document identifier, incremental learning, and so on, as well as progress in reliable response generation in aspects of internal knowledge memorization, external knowledge augmentation, and so on. We also review the evaluation, challenges, and future developments in GenIR systems. This review aims to offer a comprehensive reference for researchers, encouraging further development in the GenIR field (Github Repository: ).",3.0,43.0,"Li X,Jin J,Zhou Y,Zhang Y,Zhang P,Zhu Y,Dou Z"
10.1145/3731715.3733322,not available,not available,not available,not available,not available,not available,not available,not available,not available,not available,not available,not available,not available,not available,ICMR,Conference and Workshop Papers,closed,conf/mir/DaiFCCZ025,https://doi.org/10.1145/3731715.3733322,https://dblp.org/rec/conf/mir/DaiFCCZ025,not available,7.0,145-154,not available,not available,not available,not available,not available,not available,not available,not available,not available,not available,not available,not available,not available,not available,not available,not available,not available,not available,not available,not available,not available,not available,not available,not available,not available,not available,not available,not available,not available,not available,not available,not available,not available,not available,not available,not available,not available,2025.0,EmoHuman: Fine-Grained Emotion-Controlled Talking Head Generation via Audio-Text Multimodal Detangling.,not available,not available,not available,not available,"Qifeng Dai, Huidong Feng, Wendi Cui, Xinqi Cai, Yinglin Zheng, Ming Zeng 0008"
10.1145/3733567.3735571,not available,not available,not available,Conference Paper,Proceedings of the 4th ACM International Workshop on Multimedia AI against Disinformation,not available,2025,not available,https://doi.org/10.1145/3733567.3735571;http://dx.doi.org/10.1145/3733567.3735571,"Disinformation, fake news, disinformation detection, fact checking, class imbalance, data augmentation, synthetic data generation, large language models, transformer models",not available,MAD' 25,"New York, NY, USA",not available,not available,not available,not available,not available,not available,not available,not available,not available,73–80,not available,not available,not available,not available,not available,not available,not available,not available,not available,not available,not available,not available,not available,not available,not available,not available,not available,not available,not available,2025.0,not available,Association for Computing Machinery,not available,not available,not available,not available,not available,not available,not available,not available,not available,not available,not available,not available,not available,not available,not available,not available,Mitigating Class Imbalance in Fact-Checking Datasets Through LLM-Based Synthetic Data Generation,not available,"The proliferation of disinformation in digital media has prompted significant advances in automated systems for verifying content veracity. Evidence-based fact-checking leverages natural language processing (NLP) and deep learning to assess the veracity of textual claims by comparing them against relevant evidence. However, fact-checking datasets frequently exhibit class imbalance, which can cause machine learning models to favor the majority class and perform poorly on the minority class. In this paper, we address the class imbalance issue in fact-checking tasks by using large language models (LLMs), such as LLaMA 3 and Mistral-7B, to generate additional samples for the minority class. We evaluate our approach by training fact-checking models on both the original dataset and several augmented datasets, then comparing their performance. Experimental results demonstrate that LLM-generated data significantly enhances the precision, recall, and F1 score for the minority class, without compromising overall accuracy. This approach offers a promising solution to the class imbalance problem in training fact-checking models. Our work contributes to enhancing the robustness of automated disinformation detection systems and improving the effectiveness of automated fact-checking in real-world applications.",not available,not available,"Moe L,Nguyen UT,Luu BT"
10.1146/annurev-biodatasci-103123-095202,not available,not available,not available,not available,not available,not available,not available,not available,not available,not available,not available,not available,not available,not available,not available,not available,not available,not available,not available,not available,not available,not available,not available,not available,not available,not available,not available,not available,not available,not available,not available,not available,not available,not available,not available,not available,not available,not available,not available,not available,not available,not available,not available,not available,not available,"Hiebel, Nicolas (58024169800); Ferret, Olivier (14832680800); Fort, Karën (35236644800); Névéol, Aurélie (23474844600)",58024169800; 14832680800; 35236644800; 23474844600,Annual Review of Biomedical Data Science,not available,173.0,198.0,0.0,0.0,https://www.scopus.com/inward/record.uri?eid=2-s2.0-105013319006&doi=10.1146%2Fannurev-biodatasci-103123-095202&partnerID=40&md5=f38fe4c7c9795f7693a2ffb1317a669c,artificial intelligence; data mining; human; natural language processing; procedures; Artificial Intelligence; Data Mining; Humans; Natural Language Processing,Review,Final,not available,Scopus,2-s2.0-105013319006,2025.0,Clinical Text Generation: Are We There Yet?,Controlled Text Generation; Domain Adaptation; Evaluation; Large Language Models; Natural Language Processing; Artificial Intelligence; Data Mining; Human; Natural Language Processing; Procedures; Artificial Intelligence; Data Mining; Humans; Natural Language Processing,"Generative artificial intelligence (AI), operationalized as large language models, is increasingly used in the biomedical field to assist with a range of text processing tasks including text classification, information extraction, and decision support. In this article, we focus on the primary purpose of generative language models, namely the production of unstructured text. We review past and current methods used to generate text as well as methods for evaluating open text generation, i.e., in contexts where no reference text is available for comparison. We discuss clinical applications that can benefit from high quality, ethically designed text generation, such as clinical note generation and synthetic text generation in support of secondary use of health data. We also raise awareness of the risks involved with generative AI such as overconfidence in outputs due to anthropomorphism and the risk of representational and allocation harms due to biases. © 2025 Elsevier B.V., All rights reserved.",1.0,8,"N., Hiebel, Nicolas; O., Ferret, Olivier; K., Fort, Karën; A., Névéol, Aurélie"
10.1162/tacl_a_00318,not available,1,2020.tacl,not available,not available,not available,not available,not available,not available,not available,not available,not available,"Cambridge, MA",not available,not available,not available,not available,not available,not available,not available,not available,3.0,329–345,not available,not available,not available,not available,not available,not available,not available,not available,not available,not available,not available,not available,not available,not available,not available,not available,not available,not available,not available,not available,not available,MIT Press,"Kumar, Ashutosh (57215315326); Ahuja, Kabir (57605451500); Vadapalli, Raghuram (57204940811); Talukdar, Partha Pratim (25652280700)",57215315326; 57605451500; 57204940811; 25652280700,Transactions of the Association for Computational Linguistics,not available,330.0,345.0,0.0,81.0,https://www.scopus.com/inward/record.uri?eid=2-s2.0-85101702215&doi=10.1162%2Ftacl_a_00318&partnerID=40&md5=99034e85e07e43bae3bcf4225f6fc64d,Computational linguistics; Automated evaluation; End to end; English languages; Human evaluation; Parse trees; Real-world; Simple++; State of the art; Syntactic information; Text generations; Syntactics,Article,Final,All Open Access; Gold Open Access; Green Accepted Open Access; Green Open Access,Scopus,2-s2.0-85101702215,2020.0,Syntax-Guided Controlled Generation of Paraphrases,Computational Linguistics; Automated Evaluation; End To End; English Languages; Human Evaluation; Parse Trees; Real-world; Simple++; State Of The Art; Syntactic Information; Text Generations; Syntactics,"Given a sentence (e.g., “I like mangoes”) and a constraint (e.g., sentiment flip), the goal of controlled text generation is to produce a sentence that adapts the input sentence to meet the requirements of the constraint (e.g., “I hate mangoes”). Going beyond such simple constraints, recent work has started exploring the incorporation of complex syntactic-guidance as constraints in the task of controlled paraphrase generation. In these methods, syntactic-guidance is sourced from a separate exemplar sentence. However, this prior work has only utilized limited syntactic information available in the parse tree of the exemplar sentence. We address this limitation in the paper and propose Syntax Guided Controlled Paraphraser (SGCP), an end-to-end framework for syntactic paraphrase generation. We find that Sgcp can generate syntax-conforming sentences while not compromising on relevance. We perform extensive automated and human evaluations over multiple real-world English language datasets to demonstrate the efficacy of Sgcp over state-of-the-art baselines. To drive future research, we have made Sgcp’s source code available.1",not available,8,"Ashutosh Kumar, Kabir Ahuja, Raghuram Vadapalli, Partha Talukdar"
10.1613/jair.1.12918,not available,not available,not available,Journal Article,not available,not available,2022-05,not available,https://doi.org/10.1613/jair.1.12918;http://dx.doi.org/10.1613/jair.1.12918,"neural networks, natural language",not available,not available,"El Segundo, CA, USA",J. Artif. Int. Res.,not available,not available,not available,not available,not available,not available,not available,not available,not available,not available,not available,not available,not available,not available,not available,not available,not available,not available,not available,not available,not available,not available,not available,not available,not available,not available,not available,not available,2022.0,1076-9757,AI Access Foundation,not available,not available,not available,not available,not available,not available,not available,not available,not available,not available,not available,not available,not available,not available,not available,not available,"Neural Natural Language Generation: A Survey on Multilinguality, Multimodality, Controllability and Learning",not available,"Developing artificial learning systems that can understand and generate natural language has been one of the long-standing goals of artificial intelligence. Recent decades have witnessed an impressive progress on both of these problems, giving rise to a new family of approaches. Especially, the advances in deep learning over the past couple of years have led to neural approaches to natural language generation (NLG). These methods combine generative language learning techniques with neural-networks based frameworks. With a wide range of applications in natural language processing, neural NLG (NNLG) is a new and fast growing field of research. In this state-of-the-art report, we investigate the recent developments and applications of NNLG in its full extent from a multidimensional view, covering critical perspectives such as multimodality, multilinguality, controllability and learning strategies. We summarize the fundamental building blocks of NNLG approaches from these aspects and provide detailed reviews of commonly used preprocessing steps and basic neural architectures. This report also focuses on the seminal applications of these NNLG models such as machine translation, description generation, automatic speech recognition, abstractive summarization, text simplification, question answering and generation, and dialogue generation. Finally, we conclude with a thorough discussion of the described frameworks by pointing out some open research directions.",not available,73.0,"Erdem E,Kuyu M,Yagcioglu S,Frank A,Parcalabescu L,Plank B,Babii A,Turuta O,Erdem A,Calixto I,Lloret E,Apostol ES,Truică CO,Šandrih B,Martinčić-Ipšić S,Berend G,Gatt A,Korvel G"
10.1613/jair.1.15280,not available,not available,not available,Journal Article,not available,not available,2024-01,not available,https://doi.org/10.1613/jair.1.15280;http://dx.doi.org/10.1613/jair.1.15280,not available,not available,not available,"El Segundo, CA, USA",J. Artif. Int. Res.,not available,not available,not available,not available,not available,not available,not available,not available,not available,not available,not available,not available,not available,not available,not available,not available,not available,not available,not available,not available,not available,not available,not available,not available,not available,not available,not available,not available,2024.0,1076-9757,AI Access Foundation,not available,not available,not available,not available,not available,not available,not available,not available,not available,not available,not available,not available,not available,not available,not available,not available,Graphmax for Text Generation,not available,"In text generation, a large language model (LM) makes a choice of each new word based only on the former selection of its context using the softmax function. Nevertheless, the link statistics information of concurrent words based on a scene-specific corpus is valuable in choosing the next word, which can help to ensure the topic of the generated text to be aligned with the current task. To fully explore the co-occurrence information, we propose a graphmax function for task-specific text generation. Using the graph-based regularization, graphmax enables the final word choice to be determined by both the global knowledge from the LM and the local knowledge from the scene-specific corpus. The traditional softmax function is regularized with a graph total variation (GTV) term, which incorporates the local knowledge into the LM and encourages the model to consider the statistical relationships between words in a scene-specific corpus. The proposed graphmax is versatile and can be readily plugged into any large pre-trained LM for text generation and machine translation. Through extensive experiments, we demonstrate that the new GTV-based regularization can improve performances in various natural language processing (NLP) tasks in comparison with existing methods. Moreover, through human experiments, we observe that participants can easily distinguish the text generated by graphmax or softmax.",not available,78.0,"Liu B,Yin G"
10.18653/v1/2020.acl-main.68,July,main,2020.acl,not available,not available,not available,not available,not available,not available,not available,not available,not available,Online,not available,not available,not available,not available,not available,not available,not available,not available,0.0,742–751,not available,not available,not available,not available,not available,not available,not available,not available,not available,not available,not available,not available,not available,not available,not available,not available,not available,not available,not available,not available,not available,Association for Computational Linguistics,not available,not available,not available,not available,not available,not available,not available,not available,not available,not available,not available,not available,not available,not available,not available,2020.0,Rigid Formats Controlled Text Generation,not available,"Neural text generation has made tremendous progress in various tasks. One common characteristic of most of the tasks is that the texts are not restricted to some rigid formats when generating. However, we may confront some special text paradigms such as Lyrics (assume the music score is given), Sonnet, SongCi (classical Chinese poetry of the Song dynasty), etc. The typical characteristics of these texts are in three folds: (1) They must comply fully with the rigid predefined formats. (2) They must obey some rhyming schemes. (3) Although they are restricted to some formats, the sentence integrity must be guaranteed. To the best of our knowledge, text generation based on the predefined rigid formats has not been well investigated. Therefore, we propose a simple and elegant framework named SongNet to tackle this problem. The backbone of the framework is a Transformer-based auto-regressive language model. Sets of symbols are tailor-designed to improve the modeling performance especially on format, rhyme, and sentence integrity. We improve the attention mechanism to impel the model to capture some future information on the format. A pre-training and fine-tuning framework is designed to further improve the generation quality. Extensive experiments conducted on two collected corpora demonstrate that our proposed framework generates significantly better results in terms of both automatic metrics and the human evaluation.",not available,not available,"Piji Li, Haisong Zhang, Xiaojiang Liu, Shuming Shi"
10.18653/v1/2020.emnlp-main.57,November,main,2020.emnlp,not available,not available,not available,not available,not available,not available,not available,not available,not available,Online,not available,not available,not available,not available,not available,not available,not available,not available,1.0,781–793,not available,not available,not available,not available,not available,not available,not available,not available,not available,not available,not available,not available,not available,not available,not available,not available,not available,not available,not available,not available,not available,Association for Computational Linguistics,"Hua, Xinyu (57200271296); Wang, Lu (56304420000)",57200271296; 56304420000,not available,not available,781.0,793.0,0.0,48.0,https://www.scopus.com/inward/record.uri?eid=2-s2.0-85106422555&doi=10.18653%2Fv1%2F2020.emnlp-main.57&partnerID=40&md5=39277685f3a1df2ff270af93528b2c9d,Computational linguistics; Quality control; Automatic metrics; Content plan; Fluents; Iterative refinement; Key-phrase; Large models; Refinement algorithms; Sentence level; System output; Text generations; Iterative methods,Conference paper,Final,All Open Access; Green Accepted Open Access; Green Open Access; Hybrid Gold Open Access,Scopus,2-s2.0-85106422555,2020.0,PAIR: Planning and Iterative Refinement in Pre-trained Transformers for Long Text Generation,Computational Linguistics; Quality Control; Automatic Metrics; Content Plan; Fluents; Iterative Refinement; Key-phrase; Large Models; Refinement Algorithms; Sentence Level; System Output; Text Generations; Iterative Methods,"Pre-trained Transformers have enabled impressive breakthroughs in generating long and fluent text, yet their outputs are often “rambling” without coherently arranged content. In this work, we present a novel content-controlled text generation framework, PAIR, with planning and iterative refinement, which is built upon a large model, BART. We first adapt the BERT model to automatically construct the content plans, consisting of keyphrase assignments and their corresponding sentence-level positions. The BART model is employed for generation without modifying its structure. We then propose a refinement algorithm to gradually enhance the generation quality within the sequence-to-sequence framework. Evaluation with automatic metrics shows that adding planning consistently improves the generation quality on three distinct domains, with an average of 20 BLEU points and 12 METEOR points improvements. In addition, human judges rate our system outputs to be more relevant and coherent than comparisons without planning.",not available,not available,"Xinyu Hua, Lu Wang"
10.18653/v1/2020.inlg-1.5,December,1,2020.inlg,not available,not available,not available,not available,not available,not available,not available,not available,not available,"Dublin, Ireland",not available,not available,not available,not available,not available,not available,not available,not available,2.0,29–34,not available,not available,not available,not available,not available,not available,not available,not available,not available,not available,not available,not available,not available,not available,not available,not available,not available,not available,not available,not available,not available,Association for Computational Linguistics,not available,not available,not available,not available,not available,not available,not available,not available,not available,not available,not available,not available,not available,not available,not available,2020.0,Controlled Text Generation with Adversarial Learning,not available,"In recent years, generative adversarial networks (GANs) have started to attain promising results also in natural language generation. However, the existing models have paid limited attention to the semantic coherence of the generated sentences. For this reason, in this paper we propose a novel network – the Controlled TExt generation Relational Memory GAN (CTERM-GAN) – that uses an external input to influence the coherence of sentence generation. The network is composed of three main components: a generator based on a Relational Memory conditioned on the external input; a syntactic discriminator which learns to discriminate between real and generated sentences; and a semantic discriminator which assesses the coherence with the external conditioning. Our experiments on six probing datasets have showed that the model has been able to achieve interesting results, retaining or improving the syntactic quality of the generated sentences while significantly improving their semantic coherence with the given input.",not available,not available,"Federico Betti, Giorgia Ramponi, Massimo Piccardi"
10.18653/v1/2021.acl-long.522,August,long,2021.acl,not available,not available,not available,not available,not available,not available,not available,not available,not available,Online,not available,not available,not available,not available,not available,not available,not available,not available,4.0,6691–6706,not available,not available,not available,not available,not available,not available,not available,not available,not available,not available,not available,not available,not available,not available,not available,not available,not available,not available,not available,not available,not available,Association for Computational Linguistics,"Liu, Alisa (57224667074); Sap, Maarten (56419784900); Lu, Ximing (57222033823); Swayamdipta, Swabha (55513212500); Bhagavatula, Chandra Sekhar (57216430904); Smith, Noah A. (37044239600); Choi, Yejin (36172231400)",57224667074; 56419784900; 57222033823; 55513212500; 57216430904; 37044239600; 36172231400,not available,not available,6691.0,6706.0,0.0,220.0,https://www.scopus.com/inward/record.uri?eid=2-s2.0-85115700027&doi=10.18653%2Fv1%2F2021.acl-long.522&partnerID=40&md5=b4b016ccdd89ce876591a4b8d6c43ab6,Computational linguistics; Decoding; Natural language processing systems; Automatic evaluation; Generation method; High probability; Human evaluation; Language model; Natural language generation; Product of experts; Text generations; Time-controlled; Detoxification,Conference paper,Final,All Open Access; Green Accepted Open Access; Green Open Access; Hybrid Gold Open Access,Scopus,2-s2.0-85115700027,2021.0,DExperts: Decoding-Time Controlled Text Generation with Experts and Anti-Experts,Computational Linguistics; Decoding; Natural Language Processing Systems; Automatic Evaluation; Generation Method; High Probability; Human Evaluation; Language Model; Natural Language Generation; Product Of Experts; Text Generations; Time-controlled; Detoxification,"Despite recent advances in natural language generation, it remains challenging to control attributes of generated text. We propose DExperts: Decoding-time Experts, a decoding-time method for controlled text generation that combines a pretrained language model with “expert” LMs and/or “anti-expert” LMs in a product of experts. Intuitively, under the ensemble, tokens only get high probability if they are considered likely by the experts, and unlikely by the anti-experts. We apply DExperts to language detoxification and sentiment-controlled generation, where we outperform existing controllable generation methods on both automatic and human evaluations. Moreover, because DExperts operates only on the output of the pretrained LM, it is effective with (anti-)experts of smaller size, including when operating on GPT-3. Our work highlights the promise of tuning small LMs on text with (un)desirable attributes for efficient decoding-time steering.",not available,1,"Alisa Liu, Maarten Sap, Ximing Lu, Swabha Swayamdipta, Chandra Bhagavatula, Noah A. Smith, Yejin Choi"
10.18653/v1/2021.findings-emnlp.107,November,emnlp,2021.findings,not available,not available,not available,not available,not available,not available,not available,not available,not available,"Punta Cana, Dominican Republic",not available,EMNLP,Conference and Workshop Papers,open,conf/emnlp/LiFLL21,https://doi.org/10.18653/v1/2021.findings-emnlp.107,https://dblp.org/rec/conf/emnlp/LiFLL21,not available,5.0,1244–1254,not available,not available,not available,not available,not available,not available,not available,not available,not available,not available,not available,not available,not available,not available,not available,not available,not available,not available,not available,not available,not available,Association for Computational Linguistics,"Li, Tongliang (57222531333); Fang, Lei (57214418038); Lou, Jianguang (16245827600); Li, Zhoujun (56024684400)",57222531333; 57214418038; 16245827600; 56024684400,not available,not available,1244.0,1254.0,0.0,12.0,https://www.scopus.com/inward/record.uri?eid=2-s2.0-85129152349&doi=10.18653%2Fv1%2F2021.findings-emnlp.107&partnerID=40&md5=e9710100db39ee8a651ab279cd316a5a,Automatic evaluation; Data tables; Logical statements; Neural modelling; Repurposing; State-of-the-art methods; Structured data; Text generations; User control; Written texts,Conference paper,Final,All Open Access; Hybrid Gold Open Access,Scopus,2-s2.0-85129152349,2021.0,TWT: Table with Written Text for Controlled Data-to-Text Generation,Automatic Evaluation; Data Tables; Logical Statements; Neural Modelling; Repurposing; State-of-the-art Methods; Structured Data; Text Generations; User Control; Written Texts,"Large pre-trained neural models have recently shown remarkable progress in text generation. In this paper, we propose to generate text conditioned on the structured data (table) and a prefix (the written text) by leveraging the pre-trained models. We present a new data-to-text dataset, Table with Written Text (TWT), by repurposing two existing datasets: ToTTo and TabFact. TWT contains both factual and logical statements that are faithful to the structured data, aiming to serve as a useful benchmark for controlled text generation. Compared with existing data-to-text task settings, TWT is more intuitive, the prefix (usually provided by the user) controls the topic of the generated text. Existing methods usually output hallucinated text that is not faithful on TWT. Therefore, we design a novel approach with table-aware attention visibility and copy mechanism over the table. Experimental results show that our approach outperforms state-of-the-art methods under both automatic and human evaluation metrics.",not available,not available,"Tongliang Li, Lei Fang, Jian-Guang Lou, Zhoujun Li"
10.18653/v1/2021.findings-emnlp.334,November,emnlp,2021.findings,not available,not available,not available,not available,not available,not available,not available,not available,not available,"Punta Cana, Dominican Republic",not available,not available,not available,not available,not available,not available,not available,not available,6.0,3973–3997,not available,not available,not available,not available,not available,not available,not available,not available,not available,not available,not available,not available,not available,not available,not available,not available,not available,not available,not available,not available,not available,Association for Computational Linguistics,"Pascual, Damián (57209135423); Egressy, Béni (57221141640); Meister, Clara (57219625674); Cotterell, Ryan D. (56350054200); Wattenhofer, Roger P. (6701529043)",57209135423; 57221141640; 57219625674; 56350054200; 6701529043,not available,not available,3973.0,3997.0,0.0,61.0,https://www.scopus.com/inward/record.uri?eid=2-s2.0-85123397992&doi=10.18653%2Fv1%2F2021.findings-emnlp.334&partnerID=40&md5=b051e8a8b2cf83c3f71b9459c0456630,Computational linguistics; Decoding; 'current; Decoding methods; Fine tuning; Fluents; Language generation; Language model; Model tuning; Plug-and-play; Story generations; Text generations; Probability distributions,Conference paper,Final,All Open Access; Green Accepted Open Access; Green Final Open Access; Green Open Access; Hybrid Gold Open Access,Scopus,2-s2.0-85123397992,2021.0,A Plug-and-Play Method for Controlled Text Generation,Computational Linguistics; Decoding; 'current; Decoding Methods; Fine Tuning; Fluents; Language Generation; Language Model; Model Tuning; Plug-and-play; Story Generations; Text Generations; Probability Distributions,"Large pre-trained language models have repeatedly shown their ability to produce fluent text. Yet even when starting from a prompt, generation can continue in many plausible directions. Current decoding methods with the goal of controlling generation, e.g., to ensure specific words are included, either require additional models or fine-tuning, or work poorly when the task at hand is semantically unconstrained, e.g., story generation. In this work, we present a plug-and-play decoding method for controlled language generation that is so simple and intuitive, it can be described in a single sentence: given a topic or keyword, we add a shift to the probability distribution over our vocabulary towards semantically similar words. We show how annealing this distribution can be used to impose hard constraints on language generation, something no other plug-and-play method is currently able to do with SOTA language generators. Despite the simplicity of this approach, we see it works incredibly well in practice: decoding from GPT-2 leads to diverse and fluent sentences while guaranteeing the appearance of given guide words. We perform two user studies, revealing that (1) our method outperforms competing methods in human evaluations; and (2) forcing the guide words to appear in the generated text has no impact on the fluency of the generated text.",not available,not available,"Damian Pascual, Beni Egressy, Clara Meister, Ryan Cotterell, Roger Wattenhofer"
10.18653/v1/2021.naacl-main.276,June,main,2021.naacl,not available,not available,not available,not available,not available,not available,not available,not available,not available,Online,not available,not available,not available,not available,not available,not available,not available,not available,7.0,3511–3535,not available,not available,not available,not available,not available,not available,not available,not available,not available,not available,not available,not available,not available,not available,not available,not available,not available,not available,not available,not available,not available,Association for Computational Linguistics,"Yang, Kevin (57219557280); Klein, Dan (23009040500)",57219557280; 23009040500,not available,not available,3511.0,3535.0,0.0,189.0,https://www.scopus.com/inward/record.uri?eid=2-s2.0-85108137105&doi=10.18653%2Fv1%2F2021.naacl-main.276&partnerID=40&md5=a2538d032c32fa4bd67380ed97682c18,Computational linguistics; Bayesian; Conditional distribution; Language generation; Learn+; Machine translations; Modular methods; Partial sequences; Text generations; Discriminators,Conference paper,Final,All Open Access; Green Accepted Open Access; Green Open Access; Hybrid Gold Open Access,Scopus,2-s2.0-85108137105,2021.0,FUDGE: Controlled Text Generation With Future Discriminators,Computational Linguistics; Bayesian; Conditional Distribution; Language Generation; Learn+; Machine Translations; Modular Methods; Partial Sequences; Text Generations; Discriminators,"We propose Future Discriminators for Generation (FUDGE), a flexible and modular method for controlled text generation. Given a pre-existing model G for generating text from a distribution of interest, FUDGE enables conditioning on a desired attribute a (for example, formality) while requiring access only to G’s output logits. FUDGE learns an attribute predictor operating on a partial sequence, and uses this predictor’s outputs to adjust G’s original probabilities. We show that FUDGE models terms corresponding to a Bayesian decomposition of the conditional distribution of G given attribute a. Moreover, FUDGE can easily compose predictors for multiple desired attributes. We evaluate FUDGE on three tasks — couplet completion in poetry, topic control in language generation, and formality change in machine translation — and observe gains in all three tasks.",not available,not available,"Kevin Yang, Dan Klein"
10.18653/v1/2022.acl-long.164,May,long,2022.acl,not available,not available,not available,not available,not available,not available,not available,not available,not available,"Dublin, Ireland",not available,not available,not available,not available,not available,not available,not available,not available,9.0,2306-2319,not available,not available,not available,not available,not available,not available,not available,not available,not available,not available,not available,not available,not available,not available,not available,not available,not available,not available,not available,not available,not available,Association for Computational Linguistics,"Ke, Pei (57207855637); Zhou, Hao (56898234800); Lin, Yankai (57155321900); Li, Peng (57211755481); Zhou, Jie (57211746430); Zhu, Xiaoyan (7406185137); Huang, Minlie (7404260571)",57207855637; 56898234800; 57155321900; 57211755481; 57211746430; 7406185137; 7404260571,Proceedings of the Annual Meeting of the Association for Computational Linguistics,not available,2306.0,2319.0,0.0,20.0,https://www.scopus.com/inward/record.uri?eid=2-s2.0-85144855411&doi=10.18653%2Fv1%2F2022.acl-long.164&partnerID=40&md5=dd9e4d65ae923f2683a0b6c344641d15,Evaluation results; Generalisation; Generalization ability; Human judgments; Infilling; Language model; Model training; Reference-free; Text generations,Conference paper,Final,All Open Access; Green Accepted Open Access; Green Open Access; Hybrid Gold Open Access,Scopus,2-s2.0-85144855411,2022.0,CTRLEval: An Unsupervised Reference-Free Metric for Evaluating Controlled Text Generation,Evaluation Results; Generalisation; Generalization Ability; Human Judgments; Infilling; Language Model; Model Training; Reference-free; Text Generations,"Existing reference-free metrics have obvious limitations for evaluating controlled text generation models. Unsupervised metrics can only provide a task-agnostic evaluation result which correlates weakly with human judgments, whereas supervised ones may overfit task-specific data with poor generalization ability to other datasets. In this paper, we propose an unsupervised reference-free metric called CTRLEval, which evaluates controlled text generation from different aspects by formulating each aspect into multiple text infilling tasks. On top of these tasks, the metric assembles the generation probabilities from a pre-trained language model without any model training. Experimental results show that our metric has higher correlations with human judgments than other baselines, while obtaining better generalization of evaluating generated texts from different models and with different qualities.",not available,1,"Pei Ke, Hao Zhou, Yankai Lin, Peng Li, Jie Zhou, Xiaoyan Zhu, Minlie Huang"
10.18653/v1/2022.acl-long.228,May,long,2022.acl,not available,not available,not available,not available,not available,not available,not available,not available,not available,"Dublin, Ireland",not available,not available,not available,not available,not available,not available,not available,not available,10.0,3194-3213,not available,not available,not available,not available,not available,not available,not available,not available,not available,not available,not available,not available,not available,not available,not available,not available,not available,not available,not available,not available,not available,Association for Computational Linguistics,"Ross, Alexis (57216689810); Wu, Tongshuang (57209360952); Peng, Hao (57020485300); Peters, Matthew E. (57200338146); Gardner, Matt (56577280400)",57216689810; 57209360952; 57020485300; 57200338146; 56577280400,Proceedings of the Annual Meeting of the Association for Computational Linguistics,not available,3194.0,3213.0,0.0,37.0,https://www.scopus.com/inward/record.uri?eid=2-s2.0-85131572980&doi=10.18653%2Fv1%2F2022.acl-long.228&partnerID=40&md5=3d5147c9dae2123a4e510e78a27cab83,Codes (symbols); Computational linguistics; Natural language processing systems; 'current; Control codes; Generation systems; High quality; Language processing; Model generalization; Multiple applications; Natural languages; Semantic representation; Text generations; Semantics,Conference paper,Final,All Open Access; Green Accepted Open Access; Green Open Access; Hybrid Gold Open Access,Scopus,2-s2.0-85131572980,2022.0,Tailor: Generating and Perturbing Text with Semantic Controls,Codes (symbols); Computational Linguistics; Natural Language Processing Systems; 'current; Control Codes; Generation Systems; High Quality; Language Processing; Model Generalization; Multiple Applications; Natural Languages; Semantic Representation; Text Generations; Semantics,"Controlled text perturbation is useful for evaluating and improving model generalizability. However, current techniques rely on training a model for every target perturbation, which is expensive and hard to generalize. We present Tailor, a semantically-controlled text generation system. Tailor builds on a pretrained seq2seq model and produces textual outputs conditioned on control codes derived from semantic representations. We craft a set of operations to modify the control codes, which in turn steer generation towards targeted attributes. These operations can be further composed into higher-level ones, allowing for flexible perturbation strategies. We demonstrate the effectiveness of these perturbations in multiple applications. First, we use Tailor to automatically create high-quality contrast sets for four distinct natural language processing (NLP) tasks. These contrast sets contain fewer spurious artifacts and are complementary to manually annotated ones in their lexical diversity. Second, we show that Tailor perturbations can improve model generalization through data augmentation. Perturbing just ∼2% of training data leads to a 5.8-point gain on an NLI challenge set measuring reliance on syntactic heuristics.",not available,1,"Alexis Ross, Tongshuang Wu, Hao Peng, Matthew Peters, Matt Gardner"
10.18653/v1/2022.acl-long.31,May,long,2022.acl,not available,not available,not available,not available,not available,not available,not available,not available,not available,"Dublin, Ireland",not available,not available,not available,not available,not available,not available,not available,not available,8.0,401-415,not available,not available,not available,not available,not available,not available,not available,not available,not available,not available,not available,not available,not available,not available,not available,not available,not available,not available,not available,not available,not available,Association for Computational Linguistics,"Mireshghallah, Fatemehsadat (57208646053); Goyal, Kartik (55546639700); Berg-Kirkpatrick, Taylor (51664457900)",57208646053; 55546639700; 51664457900,Proceedings of the Annual Meeting of the Association for Computational Linguistics,not available,401.0,415.0,0.0,46.0,https://www.scopus.com/inward/record.uri?eid=2-s2.0-85130996433&doi=10.18653%2Fv1%2F2022.acl-long.31&partnerID=40&md5=3564e1abbf63500d706e23b03ad3b3ec,Attribute-based; Base language; Black box modelling; Energy; Energy-based models; Fine tuning; Language model; Mix and match; Required attribute; Text generations; Computational linguistics,Conference paper,Final,All Open Access; Green Accepted Open Access; Green Open Access; Hybrid Gold Open Access,Scopus,2-s2.0-85130996433,2022.0,Mix and Match: Learning-free Controllable Text Generationusing Energy Language Models,Attribute-based; Base Language; Black Box Modelling; Energy; Energy-based Models; Fine Tuning; Language Model; Mix And Match; Required Attribute; Text Generations; Computational Linguistics,"Recent work on controlled text generation has either required attribute-based fine-tuning of the base language model (LM), or has restricted the parameterization of the attribute discriminator to be compatible with the base autoregressive LM. In this work, we propose Mix and Match LM, a global score-based alternative for controllable text generation that combines arbitrary pre-trained black-box models for achieving the desired attributes in the generated text without involving any fine-tuning or structural assumptions about the black-box models. We interpret the task of controllable generation as drawing samples from an energy-based model whose energy values are a linear combination of scores from black-box models that are separately responsible for fluency, the control attribute, and faithfulness to any conditioning context. We use a Metropolis-Hastings sampling scheme to sample from this energy-based model using bidirectional context and global attribute features. We validate the effectiveness of our approach on various controlled generation and style-based text revision tasks by outperforming recently proposed methods that involve extra training, fine-tuning, or restrictive assumptions over the form of models.",not available,1,"Fatemehsadat Mireshghallah, Kartik Goyal, Taylor Berg-Kirkpatrick"
10.18653/v1/2022.findings-acl.10,May,acl,2022.findings,not available,not available,not available,not available,not available,not available,not available,not available,not available,"Dublin, Ireland",not available,not available,not available,not available,not available,not available,not available,not available,12.0,97-111,not available,not available,not available,not available,not available,not available,not available,not available,not available,not available,not available,not available,not available,not available,not available,not available,not available,not available,not available,not available,not available,Association for Computational Linguistics,"Fang, Xianghong (57196025686); Li, Jian (59786950200); Shang, Lifeng (14018724700); Jiang, Xin (55960978700); Liu, Qun (56181387900); Yeung, Dit Yan (7103391392)",57196025686; 59786950200; 14018724700; 55960978700; 56181387900; 7103391392,Proceedings of the Annual Meeting of the Association for Computational Linguistics,not available,97.0,111.0,0.0,7.0,https://www.scopus.com/inward/record.uri?eid=2-s2.0-85142909034&doi=10.18653%2Fv1%2F2022.findings-acl.10&partnerID=40&md5=66328d05a2e4a3c5e6f6c63ab376ccaa,Computational linguistics; Learning systems; Modeling languages; Auto encoders; Data driven; Interpretability; Language model; Latent variable; Text generations; Controllability,Conference paper,Final,All Open Access; Hybrid Gold Open Access,Scopus,2-s2.0-85142909034,2022.0,Controlled Text Generation Using Dictionary Prior in Variational Autoencoders,Computational Linguistics; Learning Systems; Modeling Languages; Auto Encoders; Data Driven; Interpretability; Language Model; Latent Variable; Text Generations; Controllability,"While variational autoencoders (VAEs) have been widely applied in text generation tasks, they are troubled by two challenges: insufficient representation capacity and poor controllability. The former results from the posterior collapse and restrictive assumption, which impede better representation learning. The latter arises as continuous latent variables in traditional formulations hinder VAEs from interpretability and controllability. In this paper, we propose Dictionary Prior (DPrior), a new data-driven prior that enjoys the merits of expressivity and controllability. To facilitate controlled text generation with DPrior, we propose to employ contrastive learning to separate the latent space into several parts. Extensive experiments on both language modeling and controlled text generation demonstrate the effectiveness of the proposed approach.",not available,not available,"Xianghong Fang, Jian Li, Lifeng Shang, Xin Jiang, Qun Liu, Dit-Yan Yeung"
10.18653/v1/2022.findings-acl.204,May,acl,2022.findings,not available,not available,not available,not available,not available,not available,not available,not available,not available,"Dublin, Ireland",not available,not available,not available,not available,not available,not available,not available,not available,13.0,2591-2601,not available,not available,not available,not available,not available,not available,not available,not available,not available,not available,not available,not available,not available,not available,not available,not available,not available,not available,not available,not available,not available,Association for Computational Linguistics,"Lu, Hongyuan (57361101000); Lam, Wai (57203073460); Cheng, Hong (7404284983); Meng, Helen Mei Ling (7202279063)",57361101000; 57203073460; 7404284983; 7202279063,Proceedings of the Annual Meeting of the Association for Computational Linguistics,not available,2591.0,2601.0,0.0,2.0,https://www.scopus.com/inward/record.uri?eid=2-s2.0-85149135660&doi=10.18653%2Fv1%2F2022.findings-acl.204&partnerID=40&md5=8a9315884a7146f33620f5bf74c2777c,Computational linguistics; Automatic evaluation; Dialogue generations; End to end; Evaluation results; High quality; Human evaluation; Informativeness; Text generations; User's intentions; Knowledge management,Conference paper,Final,All Open Access; Hybrid Gold Open Access,Scopus,2-s2.0-85149135660,2022.0,On Controlling Fallback Responses for Grounded Dialogue Generation,Computational Linguistics; Automatic Evaluation; Dialogue Generations; End To End; Evaluation Results; High Quality; Human Evaluation; Informativeness; Text Generations; User's Intentions; Knowledge Management,"Dialogue agents can leverage external textual knowledge to generate responses of a higher quality. To our best knowledge, most existing works on knowledge grounded dialogue settings assume that the user intention is always answerable. Unfortunately, this is impractical as there is no guarantee that the knowledge retrievers could always retrieve the desired knowledge. Therefore, this is crucial to incorporate fallback responses to respond to unanswerable contexts appropriately while responding to the answerable contexts in an informative manner. We propose a novel framework that automatically generates a control token with the generator to bias the succeeding response towards informativeness for answerable contexts and fallback for unanswerable contexts in an end-to-end manner. Since no existing knowledge grounded dialogue dataset considers this aim, we augment the existing dataset with unanswerable contexts to conduct our experiments. Automatic and human evaluation results indicate that naively incorporating fallback responses with controlled text generation still hurts informativeness for answerable context. In contrast, our proposed framework effectively mitigates this problem while still appropriately presenting fallback responses to unanswerable contexts. Such a framework also reduces the extra burden of the additional classifier and the overheads introduced in the previous works, which operates in a pipeline manner.",not available,not available,"Hongyuan Lu, Wai Lam, Hong Cheng, Helen Meng"
10.18653/v1/2022.findings-emnlp.509,December,emnlp,2022.findings,not available,not available,not available,not available,not available,not available,not available,not available,not available,"Abu Dhabi, United Arab Emirates",not available,not available,not available,not available,not available,not available,not available,not available,14.0,6848-6866,not available,not available,not available,not available,not available,not available,not available,not available,not available,not available,not available,not available,not available,not available,not available,not available,not available,not available,not available,not available,not available,Association for Computational Linguistics,not available,not available,not available,not available,not available,not available,not available,not available,not available,not available,not available,not available,not available,not available,not available,2022.0,Sequentially Controlled Text Generation,not available,"While GPT-2 generates sentences that are remarkably human-like, longer documents can ramble and do not follow human-like writing structure. We study the problem of imposing structure on long-range text. We propose a novel controlled text generation task, sequentially controlled text generation, and identify a dataset, NewsDiscourse as a starting point for this task. We develop a sequential controlled text generation pipeline with generation and editing. We test different degrees of structural awareness and show that, in general, more structural awareness results in higher control- accuracy, grammaticality, coherency and topicality, approaching human-level writing performance.",not available,not available,"Alexander Spangher, Yao Ming, Xinyu Hua, Nanyun Peng"
10.18653/v1/2022.findings-emnlp.89,not available,not available,not available,not available,not available,not available,not available,not available,not available,not available,not available,not available,not available,not available,not available,not available,not available,not available,not available,not available,not available,not available,not available,not available,not available,not available,not available,not available,not available,not available,not available,not available,not available,not available,not available,not available,not available,not available,not available,not available,not available,not available,not available,not available,not available,"Spangher, Alexander (57206656310); Hua, Xinyu (57200271296); Ming, Yao (57196148798); Peng, Nanyun (57204466260)",57206656310; 57200271296; 57196148798; 57204466260,not available,not available,6877.0,6895.0,0.0,6.0,https://www.scopus.com/inward/record.uri?eid=2-s2.0-85142039622&doi=10.18653%2Fv1%2F2022.findings-emnlp.89&partnerID=40&md5=348c1fa2b74389a50401f8c0d65c9c99,Control accuracy; Human levels; Human like; Text generations; Writing performance,Conference paper,Final,All Open Access; Green Accepted Open Access; Green Open Access; Hybrid Gold Open Access,Scopus,2-s2.0-85142039622,2022.0,Sequentially Controlled Text Generation,Control Accuracy; Human Levels; Human Like; Text Generations; Writing Performance,"While GPT-2 generates sentences that are remarkably human-like, longer documents can ramble and do not follow human-like writing structure. We study the problem of imposing structure on long-range text. We propose a novel controlled text generation task, sequentially controlled text generation, and identify a dataset, NewsDiscourse as a starting point for this task. We develop a sequential controlled text generation pipeline with generation and editing. We test different degrees of structural awareness and show that, in general, more structural awareness results in higher control-accuracy, grammaticality, coherency and topicality, approaching human-level writing performance. © 2025 Elsevier B.V., All rights reserved.",not available,not available,"A., Spangher, Alexander; X., Hua, Xinyu; Y., Ming, Yao; N., Peng, Nanyun"
10.18653/v1/2022.gem-1.19,December,1,2022.gem,not available,not available,not available,not available,not available,not available,not available,not available,not available,"Abu Dhabi, United Arab Emirates (Hybrid)",not available,not available,not available,not available,not available,not available,not available,not available,15.0,223-234,not available,not available,not available,not available,not available,not available,not available,not available,not available,not available,not available,not available,not available,not available,not available,not available,not available,not available,not available,not available,not available,Association for Computational Linguistics,not available,not available,not available,not available,not available,not available,not available,not available,not available,not available,not available,not available,not available,not available,not available,2022.0,Plug-and-Play Recipe Generation with Content Planning,not available,"Recent pre-trained language models have shown promising capability to generate fluent and realistic natural text. However, generating multi-sentence text with global content planning has been a long-existing research question. The current controlled text generation models cannot directly address this issue, as they usually condition on single known control attribute. We propose a low-cost yet effective framework that explicitly models content plans and optimizes the joint distribution of the natural sequence and the content plans in a plug-and-play post-processing manner. We evaluate our model with extensive automatic metrics and human evaluations and show that it achieves the state-of-the-art performance on the recipe generation task on Recipe1M+ dataset.",not available,not available,"Yinhong Liu, Yixuan Su, Ehsan Shareghi, Nigel Collier"
10.18653/v1/2022.gem-1.31,December,1,2022.gem,not available,not available,not available,not available,not available,not available,not available,not available,not available,"Abu Dhabi, United Arab Emirates (Hybrid)",not available,not available,not available,not available,not available,not available,not available,not available,16.0,363-382,not available,not available,not available,not available,not available,not available,not available,not available,not available,not available,not available,not available,not available,not available,not available,not available,not available,not available,not available,not available,not available,Association for Computational Linguistics,"Clive, Jordan (57787665300); Cao, Kris (57194692070); Rei, Marek (55312693200)",57787665300; 57194692070; 55312693200,not available,not available,363.0,382.0,0.0,19.0,https://www.scopus.com/inward/record.uri?eid=2-s2.0-85152944652&doi=10.18653%2Fv1%2F2022.gem-1.31&partnerID=40&md5=170628a64a41efa2f50d6a25a6d0bf07,Computational linguistics; Attribute levels; Different layers; Downstream applications; Dynamic method; Fine-tuning methods; Language model; Natural language generation; State of the art; Systematic evaluation; Text generations; Natural language processing systems,Conference paper,Final,All Open Access; Green Accepted Open Access; Green Open Access; Hybrid Gold Open Access,Scopus,2-s2.0-85152944652,2022.0,Control Prefixes for Parameter-Efficient Text Generation,Computational Linguistics; Attribute Levels; Different Layers; Downstream Applications; Dynamic Method; Fine-tuning Methods; Language Model; Natural Language Generation; State Of The Art; Systematic Evaluation; Text Generations; Natural Language Processing Systems,"Prefix-tuning is a parameter-efficient and powerful technique for adapting a pre-trained language model to a downstream application. However, it uses the same dataset-level tuned set of parameters for all examples in the dataset. We extend the framework with a dynamic method, Control Prefixes, which allows for the effective inclusion of input-dependent information, thereby demonstrating how prefix-tuning can be used for controlled text generation tasks. The method incorporates attribute-level learnable representations into different layers of a pre-trained Transformer, enabling the generated text to be guided in a particular direction. We provide a systematic evaluation of the technique and apply it to five datasets from the GEM benchmark for natural language generation (NLG). Using only 0.1–2% additional trainable parameters, we show Control Prefixes can even outperform full fine-tuning methods, and present state-of-the-art results on several data-to-text datasets, including WebNLG. We also examine the common case where input-dependent information is unavailable at test time and show Control Prefixes can excel in this setting also.",not available,not available,"Jordan Clive, Kris Cao, Marek Rei"
10.18653/v1/2023.acl-long.179,July,long,2023.acl,not available,not available,not available,not available,not available,not available,not available,not available,not available,"Toronto, Canada",not available,not available,not available,not available,not available,not available,not available,not available,19.0,3186-3206,not available,not available,not available,not available,not available,not available,not available,not available,not available,not available,not available,not available,not available,not available,not available,not available,not available,not available,not available,not available,not available,Association for Computational Linguistics,"Zheng, Carolina (59630945600); Shi, Claudia (57218715906); Vafa, Keyon (57210640474); Feder, Amir (57219688007); Blei, David M. (55914504500)",59630945600; 57218715906; 57210640474; 57219688007; 55914504500,Proceedings of the Annual Meeting of the Association for Computational Linguistics,not available,3186.0,3206.0,0.0,1.0,https://www.scopus.com/inward/record.uri?eid=2-s2.0-85174411150&doi=10.18653%2Fv1%2F2023.acl-long.179&partnerID=40&md5=9d4dbd2be5d57bf3e02b65300aa6c916,Computational linguistics; Invariant learning; Language model; Learning problem; Natural environments; Non-toxic; Performance; Semantic attribute; Synthetic and real data; Text generations; Semantics,Conference paper,Final,All Open Access; Green Accepted Open Access; Green Open Access; Hybrid Gold Open Access,Scopus,2-s2.0-85174411150,2023.0,An Invariant Learning Characterization of Controlled Text Generation,Computational Linguistics; Invariant Learning; Language Model; Learning Problem; Natural Environments; Non-toxic; Performance; Semantic Attribute; Synthetic And Real Data; Text Generations; Semantics,"Controlled generation refers to the problem of creating text that contains stylistic or semantic attributes of interest. Many approaches reduce this problem to training a predictor of the desired attribute. For example, researchers hoping to deploy a large language model to produce non-toxic content may use a toxicity classifier to filter generated text. In practice, the generated text to classify, which is determined by user prompts, may come from a wide range of distributions. In this paper, we show that the performance of controlled generation may be poor if the distributions of text in response to user prompts differ from the distribution the predictor was trained on. To address this problem, we cast controlled generation under distribution shift as an invariant learning problem: the most effective predictor should be invariant across multiple text environments. We then discuss a natural solution that arises from this characterization and propose heuristics for selecting natural environments. We study this characterization and the proposed method empirically using both synthetic and real data. Experiments demonstrate both the challenge of distribution shift in controlled generation and the potential of invariance methods in this setting.",not available,1,"Carolina Zheng, Claudia Shi, Keyon Vafa, Amir Feder, David Blei"
10.18653/v1/2023.acl-long.25,July,long,2023.acl,not available,not available,not available,not available,not available,not available,not available,not available,not available,"Toronto, Canada",not available,not available,not available,not available,not available,not available,not available,not available,18.0,410-427,not available,not available,not available,not available,not available,not available,not available,not available,not available,not available,not available,not available,not available,not available,not available,not available,not available,not available,not available,not available,not available,Association for Computational Linguistics,"Yang, Kexin (57214896400); Liu, Dayiheng (57192670630); Lei, Wengqiang (57667856900); Yang, Baosong (57211074326); Xue, Mingfeng (57682535700); Chen, Boxing (59888938000); Xie, Jun (57705919300)",57214896400; 57192670630; 57667856900; 57211074326; 57682535700; 59888938000; 57705919300,Proceedings of the Annual Meeting of the Association for Computational Linguistics,not available,410.0,427.0,0.0,24.0,https://www.scopus.com/inward/record.uri?eid=2-s2.0-85174388568&doi=10.18653%2Fv1%2F2023.acl-long.25&partnerID=40&md5=729268b266776dbac9277f3ae1a23de7,Attribute-based; Fine tuning; Language model; Multi-attributes; Position sensitivity; Re-indexing; Text generations; Training parameters,Conference paper,Final,All Open Access; Hybrid Gold Open Access,Scopus,2-s2.0-85174388568,2023.0,Tailor: A Soft-Prompt-Based Approach to Attribute-Based Controlled Text Generation,Attribute-based; Fine Tuning; Language Model; Multi-attributes; Position Sensitivity; Re-indexing; Text Generations; Training Parameters,"Attribute-based Controlled Text Generation (CTG) refers to generating sentences that satisfy desirable attributes (e.g., emotions and topics). Existing work usually utilize fine-tuning or resort to extra attribute classifiers, yet suffer from increases in storage and inference time. To address these concerns, we explore attribute-based CTG in a parameter-efficient manner. In short, the proposed Tailor represents each attribute as a pre-trained continuous vector i.e., single-attribute prompt), which guides the generation of a fixed pre-trained language model (PLM) to satisfy a pre-specified attribute. These prompts can be simply concatenated as a whole for multi-attribute CTG without any re-training. Nevertheless, this may raise problems of fluency downgrading and position sensitivity. To solve this, Tailor provides two solutions to enhance the combination. The former contains a multi-attribute prompt mask and a re-indexing position sequence to bridge the gap between the training (one single-attribute prompt for each task) and the testing stage (concatenating two prompts). The latter introduces a trainable prompt connector to further enhance the combinations. Experiments demonstrate that, only requiring 0.08% extra training parameters of the GPT-2, Tailor can achieve effective and general improvements on eleven attribute-specific generation tasks.",not available,1,"Kexin Yang, Dayiheng Liu, Wenqiang Lei, Baosong Yang, Mingfeng Xue, Boxing Chen, Jun Xie"
10.18653/v1/2023.acl-long.567,July,long,2023.acl,not available,not available,not available,not available,not available,not available,not available,not available,not available,"Toronto, Canada",not available,not available,not available,not available,not available,not available,not available,not available,20.0,10184-10198,not available,not available,not available,not available,not available,not available,not available,not available,not available,not available,not available,not available,not available,not available,not available,not available,not available,not available,not available,not available,not available,Association for Computational Linguistics,"Cui, Peng (58096625800); Sachan, Mrinmaya (36094978300)",58096625800; 36094978300,Proceedings of the Annual Meeting of the Association for Computational Linguistics,not available,10184.0,10198.0,0.0,11.0,https://www.scopus.com/inward/record.uri?eid=2-s2.0-85174417945&doi=10.18653%2Fv1%2F2023.acl-long.567&partnerID=40&md5=84fe36c13fa99a72a46d248e903b093a,Computational linguistics; Domain Knowledge; E-learning; Natural language processing systems; Adaptive learning; Educational activities; Exercise generations; Individual learning; Knowledge state; Knowledge tracings; Language learning; Novel task; Online languages; Tracing model; Students,Conference paper,Final,All Open Access; Green Accepted Open Access; Green Open Access; Hybrid Gold Open Access,Scopus,2-s2.0-85174417945,2023.0,Adaptive and Personalized Exercise Generation for Online Language Learning,Computational Linguistics; Domain Knowledge; E-learning; Natural Language Processing Systems; Adaptive Learning; Educational Activities; Exercise Generations; Individual Learning; Knowledge State; Knowledge Tracings; Language Learning; Novel Task; Online Languages; Tracing Model; Students,"Adaptive learning aims to provide customized educational activities (e.g., exercises) to address individual learning needs. However, manual construction and delivery of such activities is a laborious process. Thus, in this paper, we study a novel task of adaptive and personalized exercise generation for online language learning. To this end, we combine a knowledge tracing model that estimates each student’s evolving knowledge states from their learning history and a controlled text generation model that generates exercise sentences based on the student’s current estimated knowledge state and instructor requirements of desired properties (e.g., domain knowledge and difficulty). We train and evaluate our model on real-world learner interaction data from Duolingo and demonstrate that LMs guided by student states can generate superior exercises. Then, we discuss the potential use of our model in educational applications using various simulations. These simulations show that our model can adapt to students’ individual abilities and can facilitate their learning efficiency by personalizing learning sequences.",not available,1,"Peng Cui, Mrinmaya Sachan"
10.18653/v1/2023.acl-long.647,July,long,2023.acl,not available,not available,not available,not available,not available,not available,not available,not available,not available,"Toronto, Canada",not available,not available,not available,not available,not available,not available,not available,not available,21.0,11575-11596,not available,not available,not available,not available,not available,not available,not available,not available,not available,not available,not available,not available,not available,not available,not available,not available,not available,not available,not available,not available,not available,Association for Computational Linguistics,"Han, Xiaochuang (57205247253); Kumar, Sachin (58568445600); Tsvetkov, Yulia (51665958500)",57205247253; 58568445600; 51665958500,Proceedings of the Annual Meeting of the Association for Computational Linguistics,not available,11575.0,11596.0,0.0,18.0,https://www.scopus.com/inward/record.uri?eid=2-s2.0-85174394539&doi=10.18653%2Fv1%2F2023.acl-long.647&partnerID=40&md5=666cb5dabccc26784e533af1a2e4fb12,Benchmarking; Computational linguistics; Iterative decoding; Quality control; Auto-regressive; Bi-directional contexts; Diffusion model; Discrete domains; Generation controls; Language model; Modular control; Performance; Simplex- based; Text generations; Diffusion,Conference paper,Final,All Open Access; Green Accepted Open Access; Green Open Access; Hybrid Gold Open Access,Scopus,2-s2.0-85174394539,2023.0,SSD-LM: Semi-autoregressive Simplex-based Diffusion Language Model for Text Generation and Modular Control,Benchmarking; Computational Linguistics; Iterative Decoding; Quality Control; Auto-regressive; Bi-directional Contexts; Diffusion Model; Discrete Domains; Generation Controls; Language Model; Modular Control; Performance; Simplex- Based; Text Generations; Diffusion,"Despite the growing success of diffusion models in continuous-valued domains (e.g., images), similar efforts for discrete domains such as text have yet to match the performance of autoregressive language models. In this work, we present SSD-LM—a diffusion-based language model with two key design choices. First, SSD-LM is semi-autoregressive, iteratively generating blocks of text, allowing for flexible output length at decoding time while enabling local bidirectional context updates. Second, it is simplex-based, performing diffusion on the natural vocabulary space rather than a learned latent space, allowing us to incorporate classifier guidance and modular control using off-the-shelf classifiers without any adaptation. We evaluate SSD-LM on unconstrained text generation benchmarks, and show that it matches or outperforms strong autoregressive GPT-2 models across standard quality and diversity metrics, while vastly outperforming diffusion-based baselines. On controlled text generation, SSD-LM also outperforms competitive baselines, with an extra advantage in modularity.",not available,1,"Xiaochuang Han, Sachin Kumar, Yulia Tsvetkov"
10.18653/v1/2023.acl-short.18,July,short,2023.acl,not available,not available,not available,not available,not available,not available,not available,not available,not available,"Toronto, Canada",not available,not available,not available,not available,not available,not available,not available,not available,22.0,186-200,not available,not available,not available,not available,not available,not available,not available,not available,not available,not available,not available,not available,not available,not available,not available,not available,not available,not available,not available,not available,not available,Association for Computational Linguistics,"Liu, Xin (58388969400); Khalifa, Muhammad (57219759549); Wang, Lu (56304420000)",58388969400; 57219759549; 56304420000,Proceedings of the Annual Meeting of the Association for Computational Linguistics,not available,186.0,200.0,0.0,13.0,https://www.scopus.com/inward/record.uri?eid=2-s2.0-85172213130&doi=10.18653%2Fv1%2F2023.acl-short.18&partnerID=40&md5=03af79f82d023761e032c5c05869790c,Bolts; Auto-regressive; Decoding process; Energy-based; Energy-based models; Language model; Non-trivial; Number of iterations; Real-world; Text generations; Tunables; Computational linguistics,Conference paper,Final,All Open Access; Green Accepted Open Access; Green Open Access; Hybrid Gold Open Access,Scopus,2-s2.0-85172213130,2023.0,BOLT: Fast Energy-based Controlled Text Generation with Tunable Biases,Bolts; Auto-regressive; Decoding Process; Energy-based; Energy-based Models; Language Model; Non-trivial; Number Of Iterations; Real-world; Text Generations; Tunables; Computational Linguistics,"Energy-based models (EBMs) have gained popularity for controlled text generation due to their high applicability to a wide range of constraints. However, sampling from EBMs is non-trivial, as it often requires a large number of iterations to converge to plausible text, which slows down the decoding process and makes it less practical for real-world applications. In this work, we propose BOLT, which relies on tunable biases to directly adjust the language model’s output logits. Unlike prior work, BOLT maintains the generator’s autoregressive nature to assert a strong control on token-wise conditional dependencies and overall fluency, and thus converges faster. When compared with state-of-the-arts on controlled generation tasks using both soft constraints (e.g., sentiment control) and hard constraints (e.g., keyword-guided topic control), BOLT demonstrates significantly improved efficiency and fluency. On sentiment control, BOLT is 7x faster than competitive baselines, and more fluent in 74.4% of the evaluation samples according to human judges.",not available,2,"Xin Liu, Muhammad Khalifa, Lu Wang"
10.18653/v1/2023.eacl-main.79,May,main,2023.eacl,not available,not available,not available,not available,not available,not available,not available,not available,not available,"Dubrovnik, Croatia",not available,not available,not available,not available,not available,not available,not available,not available,23.0,1112-1124,not available,not available,not available,not available,not available,not available,not available,not available,not available,not available,not available,not available,not available,not available,not available,not available,not available,not available,not available,not available,not available,Association for Computational Linguistics,not available,not available,not available,not available,not available,not available,not available,not available,not available,not available,not available,not available,not available,not available,not available,2023.0,Semi-supervised Relation Extraction via Data Augmentation and Consistency-training,not available,"Due to the semantic complexity of the Relation extraction (RE) task, obtaining high-quality human labelled data is an expensive and noisy process. To improve the sample efficiency of the models, semi-supervised learning (SSL) methods aim to leverage unlabelled data in addition to learning from limited labelled data points. Recently, strong data augmentation combined with consistency-based semi-supervised learning methods have advanced the state of the art in several SSL tasks. However, adapting these methods to the RE task has been challenging due to the difficulty of data augmentation for RE. In this work, we leverage the recent advances in controlled text generation to perform high-quality data augmentation for the RE task. We further introduce small but significant changes to model architecture that allows for generation of more training data by interpolating different data points in their latent space. These data augmentations along with consistency training result in very competitive results for semi-supervised relation extraction on four benchmark datasets.",not available,not available,Komal Teru
10.18653/v1/2023.emnlp-main.721,December,main,2023.emnlp,not available,not available,not available,not available,not available,not available,not available,not available,not available,Singapore,not available,not available,not available,not available,not available,not available,not available,not available,24.0,11781-11791,not available,not available,not available,not available,not available,not available,not available,not available,not available,not available,not available,not available,not available,not available,not available,not available,not available,not available,not available,not available,not available,Association for Computational Linguistics,"Deng, Haikang (57987877900); Raffel, Colin (55354986300)",57987877900; 55354986300,not available,not available,11781.0,11791.0,0.0,10.0,https://www.scopus.com/inward/record.uri?eid=2-s2.0-85183345414&doi=10.18653%2Fv1%2F2023.emnlp-main.721&partnerID=40&md5=ae3fdb07496210acafef4852cec05da2,Computational linguistics; Computational overheads; Downstream applications; Language model; Non-toxic; Performance; Property; State-of-the-art methods; Text generations; Decoding,Conference paper,Final,All Open Access; Green Accepted Open Access; Green Open Access; Hybrid Gold Open Access,Scopus,2-s2.0-85183345414,2023.0,Reward-Augmented Decoding: Efficient Controlled Text Generation With a Unidirectional Reward Model,Computational Linguistics; Computational Overheads; Downstream Applications; Language Model; Non-toxic; Performance; Property; State-of-the-art Methods; Text Generations; Decoding,"While large language models have proven effective in a huge range of downstream applications, they often generate text that is problematic or lacks a desired attribute. In this paper, we introduce Reward-Augmented Decoding (RAD), a text generation procedure that uses a small unidirectional reward model to encourage a language model to generate text that has certain properties. Specifically, RAD uses the reward model to score generations as they are produced and rescales sampling probabilities to favor high-reward tokens. By using a unidirectional reward model, RAD can cache activations from prior generation steps to decrease computational overhead. Through experiments on generating non-toxic and sentiment-controlled text, we demonstrate that RAD performs best among methods that change only the generation procedure and matches the performance of state-of-the-art methods that involve re-training the language model. We further validate that RAD is effective on very large language models while incurring a minimal computational overhead.",not available,not available,"Haikang Deng, Colin Raffel"
10.18653/v1/2023.findings-acl.281,July,acl,2023.findings,not available,not available,not available,not available,not available,not available,not available,not available,not available,"Toronto, Canada",not available,not available,not available,not available,not available,not available,not available,not available,25.0,4598-4612,not available,not available,not available,not available,not available,not available,not available,not available,not available,not available,not available,not available,not available,not available,not available,not available,not available,not available,not available,not available,not available,Association for Computational Linguistics,"Kim, Minbeom (57537100300); Lee, Hwanhee (57218924821); Yoo, Kang-min (57187643800); Park, Joonsuk (57853712800); Lee, Hwaran (57143363900); Jung, Kyomin (12242006300)",57537100300; 57218924821; 57187643800; 57853712800; 57143363900; 12242006300,Proceedings of the Annual Meeting of the Association for Computational Linguistics,not available,4598.0,4612.0,0.0,17.0,https://www.scopus.com/inward/record.uri?eid=2-s2.0-85172844857&doi=10.18653%2Fv1%2F2023.findings-acl.281&partnerID=40&md5=a5b80a18e52c793324431bc0917171c3,Computational linguistics; Decoding; Natural language processing systems; Petroleum reservoir evaluation; Quality control; Zero-shot learning; Actor critic; Decoding methods; Effective approaches; Generalization ability; Human evaluation; Language generation; Language model; Reinforcement learnings; Text generations; Training efficiency; Reinforcement learning,Conference paper,Final,All Open Access; Green Accepted Open Access; Green Open Access; Hybrid Gold Open Access,Scopus,2-s2.0-85172844857,2023.0,Critic-Guided Decoding for Controlled Text Generation,Computational Linguistics; Decoding; Natural Language Processing Systems; Petroleum Reservoir Evaluation; Quality Control; Zero-shot Learning; Actor Critic; Decoding Methods; Effective Approaches; Generalization Ability; Human Evaluation; Language Generation; Language Model; Reinforcement Learnings; Text Generations; Training Efficiency; Reinforcement Learning,"Steering language generation towards objectives or away from undesired content has been a long-standing goal in utilizing language models (LM). Recent work has demonstrated reinforcement learning and weighted decoding as effective approaches to achieve a higher level of language control and quality with pros and cons. In this work, we propose a novel critic decoding method for controlled language generation (CriticControl) that combines the strengths of reinforcement learning and weighted decoding. Specifically, we adopt the actor-critic framework and train an LM-steering critic from reward models. Similar to weighted decoding, our method freezes the language model and manipulates the output token distribution using a critic to improve training efficiency and stability. Evaluation of our method on three controlled generation tasks, topic control, sentiment control, and detoxification, shows that our approach generates more coherent and well-controlled texts than previous methods. In addition, CriticControl demonstrates superior generalization ability in zero-shot settings. Human evaluation studies also corroborate our findings.",not available,not available,"Minbeom Kim, Hwanhee Lee, Kang Min Yoo, Joonsuk Park, Hwaran Lee, Kyomin Jung"
10.18653/v1/2023.findings-acl.602,July,acl,2023.findings,not available,not available,not available,not available,not available,not available,not available,not available,not available,"Toronto, Canada",not available,not available,not available,not available,not available,not available,not available,not available,26.0,9440-9455,not available,not available,not available,not available,not available,not available,not available,not available,not available,not available,not available,not available,not available,not available,not available,not available,not available,not available,not available,not available,not available,Association for Computational Linguistics,"Kumar, Vaibhav (58266051800); Koorehdavoudi, Hana (56598090900); Moshtaghi, Masud (35795995900); Misra, Amita (35478842800); Chadha, Ankit (57384107600); Ferrara, Emilio (42661257200)",58266051800; 56598090900; 35795995900; 35478842800; 57384107600; 42661257200,Proceedings of the Annual Meeting of the Association for Computational Linguistics,not available,9440.0,9455.0,0.0,1.0,https://www.scopus.com/inward/record.uri?eid=2-s2.0-85175428063&doi=10.18653%2Fv1%2F2023.findings-acl.602&partnerID=40&md5=39c61689a9eb311b3445449fd1cf6771,Computational linguistics; Open systems; Base models; Language generation; Language model; Learn+; Learning frameworks; Model-making; Multi-attributes; Performance; Production environments; Text generations; Detoxification,Conference paper,Final,All Open Access; Green Accepted Open Access; Green Open Access; Hybrid Gold Open Access,Scopus,2-s2.0-85175428063,2023.0,Controlled Text Generation with Hidden Representation Transformations,Computational Linguistics; Open Systems; Base Models; Language Generation; Language Model; Learn+; Learning Frameworks; Model-making; Multi-attributes; Performance; Production Environments; Text Generations; Detoxification,"We propose CHRT (Control HiddenRepresentation Transformation) – a con-trolled language generation framework thatsteers large language models to generatetext pertaining to certain attributes (such astoxicity). CHRT gains attribute control bymodifying the hidden representation of thebase model through learned transformations. We employ a contrastive-learning frameworkto learn these transformations that can becombined to gain multi-attribute control. Theeffectiveness of CHRT is experimentallyshown by comparing it with seven baselinesover three attributes. CHRT outperforms all thebaselines in the task of detoxification, positivesentiment steering, and text simplificationwhile minimizing the loss in linguistic qualities. Further, our approach has the lowest inferencelatency of only 0.01 seconds more than thebase model, making it the most suitable forhigh-performance production environments. We open-source our code and release two noveldatasets to further propel controlled languagegeneration research",not available,not available,"Vaibhav Kumar, Hana Koorehdavoudi, Masud Moshtaghi, Amita Misra, Ankit Chadha, Emilio Ferrara"
10.18653/v1/2023.findings-acl.636,July,acl,2023.findings,not available,not available,not available,not available,not available,not available,not available,not available,not available,"Toronto, Canada",not available,not available,not available,not available,not available,not available,not available,not available,27.0,10018-10037,not available,not available,not available,not available,not available,not available,not available,not available,not available,not available,not available,not available,not available,not available,not available,not available,not available,not available,not available,not available,not available,Association for Computational Linguistics,"Pei, Jonathan (58504609400); Yang, Kevin (57219557280); Klein, Dan (23009040500)",58504609400; 57219557280; 23009040500,Proceedings of the Annual Meeting of the Association for Computational Linguistics,not available,10018.0,10037.0,0.0,8.0,https://www.scopus.com/inward/record.uri?eid=2-s2.0-85175436156&doi=10.18653%2Fv1%2F2023.findings-acl.636&partnerID=40&md5=e34b456a3bf658ac71aa734fbb364b27,Computational linguistics; Adaptive decoding; Bias reduction; Control methods; Expert control; Expert modeling; Gender bias; Negative control; Text generations; Decoding,Conference paper,Final,All Open Access; Green Accepted Open Access; Green Open Access; Hybrid Gold Open Access,Scopus,2-s2.0-85175436156,2023.0,PREADD: Prefix-Adaptive Decoding for Controlled Text Generation,Computational Linguistics; Adaptive Decoding; Bias Reduction; Control Methods; Expert Control; Expert Modeling; Gender Bias; Negative Control; Text Generations; Decoding,"We propose Prefix-Adaptive Decoding (PREADD), a flexible method for controlled text generation. Unlike existing methods that use auxiliary expert models to control for attributes, PREADD does not require an external model, instead relying on linearly combining output logits from multiple prompts. Specifically, PREADD contrasts the output logits generated using a raw prompt against those generated using a prefix-prepended prompt, enabling both positive and negative control with respect to any attribute encapsulated by the prefix. We evaluate PREADD on three tasks—toxic output mitigation, gender bias reduction, and sentiment control—and find that PREADD outperforms not only prompting baselines, but also an auxiliary-expert control method, by 12% or more in relative gain on our main metrics for each task.",not available,not available,"Jonathan Pei, Kevin Yang, Dan Klein"
10.18653/v1/2023.findings-acl.794,July,acl,2023.findings,not available,not available,not available,not available,not available,not available,not available,not available,not available,"Toronto, Canada",not available,not available,not available,not available,not available,not available,not available,not available,28.0,12532-12555,not available,not available,not available,not available,not available,not available,not available,not available,not available,not available,not available,not available,not available,not available,not available,not available,not available,not available,not available,not available,not available,Association for Computational Linguistics,"Tang, Liyan (57699779600); Peng, Yifan (55561453200); Wang, Yanshan (55246542700); Ding, Ying (35229200000); Durrett, Greg (6504004627); Rousseau, Justin F. (57150150300)",57699779600; 55561453200; 55246542700; 35229200000; 6504004627; 57150150300,Proceedings of the Annual Meeting of the Association for Computational Linguistics,not available,12532.0,12555.0,0.0,7.0,https://www.scopus.com/inward/record.uri?eid=2-s2.0-85175442213&doi=10.18653%2Fv1%2F2023.findings-acl.794&partnerID=40&md5=fc364e752d0a1ffb02c84ff4011a1a3d,Diagnosis; Learning systems; Magnetic resonance imaging; Alternative hypothesis; Decision makers; Differential diagnosis; Human decision-making; Human decisions; Language model; Modeling to generate alternatives; Most likely; Radiology reports; Text generations; Decision making,Conference paper,Final,All Open Access; Green Accepted Open Access; Green Open Access; Hybrid Gold Open Access,Scopus,2-s2.0-85175442213,2023.0,Less Likely Brainstorming: Using Language Models to Generate Alternative Hypotheses,Diagnosis; Learning Systems; Magnetic Resonance Imaging; Alternative Hypothesis; Decision Makers; Differential Diagnosis; Human Decision-making; Human Decisions; Language Model; Modeling To Generate Alternatives; Most Likely; Radiology Reports; Text Generations; Decision Making,"A human decision-maker benefits the most from an AI assistant that corrects for their biases. For problems such as generating interpretation of a radiology report given findings, a system predicting only highly likely outcomes may be less useful, where such outcomes are already obvious to the user. To alleviate biases in human decision-making, it is worth considering a broad differential diagnosis, going beyond the most likely options. We introduce a new task, “less likely brainstorming,” that asks a model to generate outputs that humans think are relevant but less likely to happen. We explore the task in two settings: a brain MRI interpretation generation setting and an everyday commonsense reasoning setting. We found that a baseline approach of training with less likely hypotheses as targets generates outputs that humans evaluate as either likely or irrelevant nearly half of the time; standard MLE training is not effective. To tackle this problem, we propose a controlled text generation method that uses a novel contrastive learning strategy to encourage models to differentiate between generating likely and less likely outputs according to humans. We compare our method with several state-of-the-art controlled text generation models via automatic and human evaluations and show that our models’ capability of generating less likely outputs is improved.",not available,not available,"Liyan Tang, Yifan Peng, Yanshan Wang, Ying Ding, Greg Durrett, Justin Rousseau"
10.18653/v1/2023.findings-emnlp.339,December,emnlp,2023.findings,not available,not available,not available,not available,not available,not available,not available,not available,not available,Singapore,not available,not available,not available,not available,not available,not available,not available,not available,29.0,5108-5125,not available,not available,not available,not available,not available,not available,not available,not available,not available,not available,not available,not available,not available,not available,not available,not available,not available,not available,not available,not available,not available,Association for Computational Linguistics,"Pozzobon, Luiza (58259917900); Ermiš, Beyza (55807682500); Lewis, Patrick (57215720007); Hooker, Sara (57211158884)",58259917900; 55807682500; 57215720007; 57211158884,not available,not available,5108.0,5125.0,0.0,9.0,https://www.scopus.com/inward/record.uri?eid=2-s2.0-85183307353&doi=10.18653%2Fv1%2F2023.findings-emnlp.339&partnerID=40&md5=ec537cd76dbeb4e173966c7ae8675538,Computational linguistics; 'current; Auxiliary models; Computationally efficient; Drift model; Latency reduction; Mitigating toxicities; Mitigation techniques; Modeling parameters; State of the art; Text generations; Toxicity,Conference paper,Final,All Open Access; Green Accepted Open Access; Green Open Access; Hybrid Gold Open Access,Scopus,2-s2.0-85183307353,2023.0,Goodtriever: Adaptive Toxicity Mitigation with Retrieval-augmented Models,Computational Linguistics; 'current; Auxiliary Models; Computationally Efficient; Drift Model; Latency Reduction; Mitigating Toxicities; Mitigation Techniques; Modeling Parameters; State Of The Art; Text Generations; Toxicity,"Considerable effort has been dedicated to mitigating toxicity, but existing methods often require drastic modifications to model parameters or the use of computationally intensive auxiliary models. Furthermore, previous approaches have often neglected the crucial factor of language’s evolving nature over time. In this work, we present a comprehensive perspective on toxicity mitigation that takes into account its changing nature. We introduce Goodtriever, a flexible methodology that matches the current state-of-the-art toxicity mitigation while achieving 43% relative latency reduction during inference and being more computationally efficient. By incorporating a retrieval-based approach at decoding time, Goodtriever enables toxicity-controlled text generation. Our research advocates for an increased focus on adaptable mitigation techniques, which better reflect the data drift models face when deployed in the wild.",not available,not available,"Luiza Pozzobon, Beyza Ermis, Patrick Lewis, Sara Hooker"
10.18653/v1/2023.newsum-1.6,December,1,2023.newsum,not available,not available,not available,not available,not available,not available,not available,not available,not available,Singapore,not available,not available,not available,not available,not available,not available,not available,not available,31.0,56-67,not available,not available,not available,not available,not available,not available,not available,not available,not available,not available,not available,not available,not available,not available,not available,not available,not available,not available,not available,not available,not available,Association for Computational Linguistics,not available,not available,not available,not available,not available,not available,not available,not available,not available,not available,not available,not available,not available,not available,not available,2023.0,In-context Learning of Large Language Models for Controlled Dialogue Summarization: A Holistic Benchmark and Empirical Analysis,not available,"Large Language Models (LLMs) have shown significant performance in numerous NLP tasks, including summarization and controlled text generation. A notable capability of LLMs is in-context learning (ICL), where the model learns new tasks using input-output pairs in the prompt without any parameter update. However, the performance of LLMs in the context of few-shot abstractive dialogue summarization remains underexplored. This study evaluates various state-of-the-art LLMs on the SAMSum dataset within a few-shot framework. We assess these models in both controlled (entity control, length control, and person-focused planning) and uncontrolled settings, establishing a comprehensive benchmark in few-shot dialogue summarization. Our findings provide insights into summary quality and model controllability, offering a crucial reference for future research in dialogue summarization.",not available,not available,"Yuting Tang, Ratish Puduppully, Zhengyuan Liu, Nancy Chen"
10.18653/v1/2023.starsem-1.27,July,1,2023.starsem,not available,not available,not available,not available,not available,not available,not available,not available,not available,"Toronto, Canada",not available,not available,not available,not available,not available,not available,not available,not available,32.0,295-313,not available,not available,not available,not available,not available,not available,not available,not available,not available,not available,not available,not available,not available,not available,not available,not available,not available,not available,not available,not available,not available,Association for Computational Linguistics,"Zhang, Jingyu (57907770300); Glass, James R. (7201603693); He, Tianxing (57218450994)",57907770300; 7201603693; 57218450994,Proceedings of the Annual Meeting of the Association for Computational Linguistics,not available,295.0,313.0,0.0,1.0,https://www.scopus.com/inward/record.uri?eid=2-s2.0-85175401738&doi=10.18653%2Fv1%2F2023.starsem-1.27&partnerID=40&md5=5499595695393229c84ee2430f51c682,Natural language processing systems; Categorical attributes; Command generation; Control interfaces; Generalisation; Generalization ability; Model generalization; Natural language interfaces; Natural language model; Natural languages; Text generations; Computational linguistics,Conference paper,Final,All Open Access; Green Accepted Open Access; Green Open Access; Hybrid Gold Open Access,Scopus,2-s2.0-85175401738,2023.0,PCFG-Based Natural Language Interface Improves Generalization for Controlled Text Generation,Natural Language Processing Systems; Categorical Attributes; Command Generation; Control Interfaces; Generalisation; Generalization Ability; Model Generalization; Natural Language Interfaces; Natural Language Model; Natural Languages; Text Generations; Computational Linguistics,"Existing work on controlled text generation (CTG) assumes a control interface of categorical attributes. In this work, we propose a natural language (NL) interface, where we craft a PCFG to embed the control attributes into natural language commands, and propose variants of existing CTG models that take commands as input. In our experiments, we design tailored setups to test the model’s generalization abilities. We find our PCFG-based command generation approach is effective for handling unseen commands compared to fix-set templates. Further, our proposed NL models can effectively generalize to unseen attributes (a new ability enabled by the NL interface), as well as unseen attribute combinations. Interestingly, in model comparisons, the simple conditional generation approach, enhanced with our proposed NL interface, is shown to be a strong baseline in those challenging settings.",not available,not available,"Jingyu Zhang, James Glass, Tianxing He"
10.18653/v1/2023.wassa-1.30,July,1,2023.wassa,not available,not available,not available,not available,not available,not available,not available,not available,not available,"Toronto, Canada",not available,not available,not available,not available,not available,not available,not available,not available,33.0,341-353,not available,not available,not available,not available,not available,not available,not available,not available,not available,not available,not available,not available,not available,not available,not available,not available,not available,not available,not available,not available,not available,Association for Computational Linguistics,not available,not available,not available,not available,not available,not available,not available,not available,not available,not available,not available,not available,not available,not available,not available,2023.0,How to Control Sentiment in Text Generation: A Survey of the State-of-the-Art in Sentiment-Control Techniques,not available,"Recent advances in the development of large Pretrained Language Models, such as GPT, BERT and Bloom, have achieved remarkable performance on a wide range of different NLP tasks. However, when used for text generation tasks, these models still have limitations when it comes to controlling the content and style of the generated text, often producing content that is incorrect, irrelevant, or inappropriate in the context of a given task. In this survey paper, we explore methods for controllable text generation with a focus on sentiment control. We systematically collect papers from the ACL Anthology, create a categorisation scheme based on different control techniques and controlled attributes, and use the scheme to categorise and compare methods. The result is a detailed and comprehensive overview of state-of-the-art techniques for sentiment-controlled text generation categorised on the basis of how the control is implemented and what attributes are controlled and providing a clear idea of their relative strengths and weaknesses.",not available,not available,"Michela Lorandi, Anya Belz"
10.18653/v1/2024.acl-long.767,August,long,2024.acl,not available,not available,not available,not available,not available,not available,not available,not available,not available,"Bangkok, Thailand",not available,ACL,Conference and Workshop Papers,open,conf/acl/YuL0Y24,https://doi.org/10.18653/v1/2024.acl-long.767,https://dblp.org/rec/conf/acl/YuL0Y24,not available,34.0,14215-14237,not available,not available,not available,not available,not available,not available,not available,not available,not available,not available,not available,not available,not available,not available,not available,not available,not available,not available,not available,not available,not available,Association for Computational Linguistics,"Yu, Sangwon (57266984200); Lee, Changmin (58723740600); Lee, Hojin (57192499732); Yoon, Sungroh (58142622900)",57266984200; 58723740600; 57192499732; 58142622900,Proceedings of the Annual Meeting of the Association for Computational Linguistics,not available,14215.0,14237.0,0.0,0.0,https://www.scopus.com/inward/record.uri?eid=2-s2.0-85204137748&doi=10.18653%2Fv1%2F2024.acl-long.767&partnerID=40&md5=176ab05534ee739db66f72692884c6ae,Black box modelling; Black boxes; Generation process; Language model; Practical use; Text generations; Trade off; Computational linguistics,Conference paper,Final,All Open Access; Green Accepted Open Access; Green Open Access,Scopus,2-s2.0-85204137748,2024.0,Controlled Text Generation for Black-box Language Models via Score-based Progressive Editor,Black Box Modelling; Black Boxes; Generation Process; Language Model; Practical Use; Text Generations; Trade Off; Computational Linguistics,"Controlled text generation, aiming to ensure that language models produce text containing only the desired domain or corpus attributes, is immensely crucial in the practical application of language models. Existing methods, however, are inapplicable to black-box models or suffer a significant trade-off between control and fluency in text generation. This paper introduces the Score-based Progressive Editor (ScoPE), a novel approach designed to overcome these issues. ScoPE modifies the context at the token level during the generation process of a backbone language model. This modification guides the subsequent text to naturally include the target attributes. To facilitate this process, ScoPE employs a training objective that maximizes a target score, comprehensively considering both control and fluency. Experimental results on diverse controlled generation tasks demonstrate that ScoPE can effectively regulate the attributes of the generated text while effectively utilizing the capability of the backbone large language models.",not available,1,"Sangwon Yu, Changmin Lee, Hojin Lee, Sungroh Yoon"
10.18653/v1/2024.conll-1.11,November,1,2024.conll,not available,not available,not available,not available,not available,not available,not available,not available,not available,"Miami, FL, USA",not available,not available,not available,not available,not available,not available,not available,not available,35.0,130-142,not available,not available,not available,not available,not available,not available,not available,not available,not available,not available,not available,not available,not available,not available,not available,not available,not available,not available,not available,not available,not available,Association for Computational Linguistics,not available,not available,not available,not available,not available,not available,not available,not available,not available,not available,not available,not available,not available,not available,not available,2024.0,Causal ATE Mitigates Unintended Bias in Controlled Text Generation,not available,"We study attribute control in language models through the method of Causal Average Treatment Effect (Causal ATE). Existing methodsfor the attribute control task in Language Models(LMs) check for the co-occurrence of words in a sentence with the attribute of interest, and control for them. However, spurious correlation of the words with the attribute in the training dataset, can cause models to hallucinate the presence of the attribute when presented with the spurious correlate during inference. We show that the simple perturbation-based method of Causal ATE removes this unintended effect. Specifically, we ground it in the problem of toxicity mitigation, where a significant challenge lies in the inadvertent bias that often emerges towards protected groups post detoxification. We show that this unintended bias can be solved by the use of the Causal ATE metric. We provide experimental validations for our claims and release our code (anonymously) here: [github.com/causalate-mitigates-bias](https://github.com/causalate-mitigates-bias/causal-ate-mitigates-bias).",not available,not available,"Rahul Madhavan, Kahini Wadhawan"
10.18653/v1/2024.eacl-short.18,March,short,2024.eacl,not available,not available,not available,not available,not available,not available,not available,not available,not available,"St. Julian’s, Malta",not available,not available,not available,not available,not available,not available,not available,not available,36.0,193-203,not available,not available,not available,not available,not available,not available,not available,not available,not available,not available,not available,not available,not available,not available,not available,not available,not available,not available,not available,not available,not available,Association for Computational Linguistics,not available,not available,not available,not available,not available,not available,not available,not available,not available,not available,not available,not available,not available,not available,not available,2024.0,Language Model Sentence Completion with a Parser-Driven Rhetorical Control Method,not available,"Controlled text generation (CTG) seeks to guide large language model (LLM) output, that statistical language generation would conform to desired criteria. The current study presents a novel CTG algorithm that enforces adherence toward specific rhetorical relations in an LLM sentence-completion context by a parser-driven decoding scheme that requires no model fine-tuning. The method is validated both with automatic and human evaluation.",not available,not available,"Joshua Zingale, Jugal Kalita"
10.18653/v1/2024.findings-acl.345,August,acl,2024.findings,not available,not available,not available,not available,not available,not available,not available,not available,not available,"Bangkok, Thailand",not available,ACL,Conference and Workshop Papers,open,conf/acl/LiangWSHWLXT24,https://doi.org/10.18653/v1/2024.findings-acl.345,https://dblp.org/rec/conf/acl/LiangWSHWLXT24,not available,37.0,5797-5814,not available,not available,not available,not available,not available,not available,not available,not available,not available,not available,not available,not available,not available,not available,not available,not available,not available,not available,not available,not available,not available,Association for Computational Linguistics,"Liang, Xun (57219190169); Wang, Hanyu (58913237100); Song, Shichao (58750097500); Hu, Mengting (57216691737); Wang, Xunzhi (58913237200); Li, Zhiyu (57208229542); Xiong, Feiyu (57217171492); Tang, Bo (57641537100)",57219190169; 58913237100; 58750097500; 57216691737; 58913237200; 57208229542; 57217171492; 57641537100,Proceedings of the Annual Meeting of the Association for Computational Linguistics,not available,5797.0,5814.0,0.0,4.0,https://www.scopus.com/inward/record.uri?eid=2-s2.0-85204138130&doi=10.18653%2Fv1%2F2024.findings-acl.345&partnerID=40&md5=a9ecd13d9671316caae078607c40b555,Attribute graphs; Baseline methods; Control accuracy; Dynamic attributes; Graph-based; In-control; Key attributes; Language constructs; Language model; Text generations; Computational linguistics,Conference paper,Final,All Open Access; Green Accepted Open Access; Green Open Access,Scopus,2-s2.0-85204138130,2024.0,Controlled Text Generation for Large Language Model with Dynamic Attribute Graphs,Attribute Graphs; Baseline Methods; Control Accuracy; Dynamic Attributes; Graph-based; In-control; Key Attributes; Language Constructs; Language Model; Text Generations; Computational Linguistics,"Controlled Text Generation (CTG) aims to produce texts that exhibit specific desired attributes. In this study, we introduce a pluggable CTG framework for Large Language Models (LLMs) named Dynamic Attribute Graphs-based controlled text generation (DATG). This framework utilizes an attribute scorer to evaluate the attributes of sentences generated by LLMs and constructs dynamic attribute graphs. DATG modulates the occurrence of key attribute words and key anti-attribute words, achieving effective attribute control without compromising the original capabilities of the model. We conduct experiments across four datasets in two tasks: toxicity mitigation and sentiment transformation, employing five LLMs as foundational models. Our findings highlight a remarkable enhancement in control accuracy, achieving a peak improvement of 19.29% over baseline methods in the most favorable task across four datasets. Additionally, we observe a significant decrease in perplexity, markedly improving text fluency.",not available,not available,"Xun Liang, Hanyu Wang, Shichao Song, Mengting Hu, Xunzhi Wang, Zhiyu Li, Feiyu Xiong, Bo Tang"
10.18653/v1/2025.acl-long.125,July,long,2025.acl,not available,not available,not available,not available,not available,not available,not available,not available,not available,"Vienna, Austria",not available,not available,not available,not available,not available,not available,not available,not available,40.0,2493-2508,not available,not available,not available,not available,not available,not available,not available,not available,not available,not available,not available,not available,not available,not available,not available,not available,not available,not available,not available,not available,not available,Association for Computational Linguistics,not available,not available,not available,not available,not available,not available,not available,not available,not available,not available,not available,not available,not available,not available,not available,2025.0,Contrastive Perplexity for Controlled Generation: An Application in Detoxifying Large Language Models,not available,"The generation of toxic content by large language models (LLMs) remains a critical challenge for the safe deployment of language technology. We propose a novel framework for implicit knowledge editing and controlled text generation by fine-tuning LLMs with a prototype-based contrastive perplexity objective. Central to our method is the construction of hard negatives—toxic outputs that are generated through adversarial paraphrasing to be semantically similar and model probability to their non-toxic counterparts. By training on these challenging and realistic pairs, our approach ensures robust and stable contrastive optimization. Experimental results in the domain of detoxification demonstrate that our method significantly reduces toxic generation while maintaining strong performance on downstream tasks such as commonsense reasoning and reading comprehension. Our findings highlight the effectiveness of exploiting hard negatives for attribute-aware fine-tuning.",not available,not available,"Tassilo Klein, Moin Nabi"
10.18653/v1/2025.acl-long.393,July,long,2025.acl,not available,not available,not available,not available,not available,not available,not available,not available,not available,"Vienna, Austria",not available,not available,not available,not available,not available,not available,not available,not available,41.0,7977-7992,not available,not available,not available,not available,not available,not available,not available,not available,not available,not available,not available,not available,not available,not available,not available,not available,not available,not available,not available,not available,not available,Association for Computational Linguistics,not available,not available,not available,not available,not available,not available,not available,not available,not available,not available,not available,not available,not available,not available,not available,2025.0,LLM Braces: Straightening Out LLM Predictions with Relevant Sub-Updates,not available,"Recent findings reveal that much of the knowledge in a Transformer-based Large Language Model (LLM) is encoded in its feed-forward (FFN) layers, where each FNN layer can be interpreted as the summation of sub-updates, each corresponding to a weighted column vector from the FFN’s value parameter matrix that often encodes human-interpretable concepts. In light of this, we hypothesize that model performance and behaviors can be further enhanced and controlled by modulating the contributions of these sub-updates based on their relevance to the input or target output style, and propose LLMBraces, a novel and efficient method that computes relevance scores associated with value vectors in FFN layers and leverages these scores to dynamically adjust the contribution of sub-updates. By optimizing sub-update contributions, LLMBraces refines the prediction process, leading to more accurate and reliable outputs, much like a ‘brace’ providing support and stability. Moreover, LLMBraces can be extended to support conditional control over generation characteristics, such as sentiment, thereby offering fine-grained steering of LLM outputs. Extensive experiments on various LLMs—including Qwen2.5-1.5B, Llama2-7B, and Llama3-8B—demonstrate that LLMBraces outperforms baseline approaches in both fine-tuning and zero-shot settings while requiring significantly fewer tunable parameters, up to 75% fewer compared to LoRA. Furthermore, LLMBraces excels in sentiment-controlled generation and toxicity reduction, highlighting its potential for flexible, controlled text generation across applications.",not available,not available,"Ying Shen, Lifu Huang"
10.18653/v1/2025.bea-1.63,July,1,2025.bea,not available,not available,not available,not available,not available,not available,not available,not available,not available,"Vienna, Austria",not available,not available,not available,not available,not available,not available,not available,not available,42.0,860-872,not available,not available,not available,not available,not available,not available,not available,not available,not available,not available,not available,not available,not available,not available,not available,not available,not available,not available,not available,not available,not available,Association for Computational Linguistics,not available,not available,not available,not available,not available,not available,not available,not available,not available,not available,not available,not available,not available,not available,not available,2025.0,Intent Matters: Enhancing AI Tutoring with Fine-Grained Pedagogical Intent Annotation,not available,"Large language models (LLMs) hold great promise for educational applications, particularly in intelligent tutoring systems. However, effective tutoring requires alignment with pedagogical strategies – something current LLMs lack without task-specific adaptation. In this work, we explore whether fine-grained annotation of teacher intents can improve the quality of LLM-generated tutoring responses. We focus on MathDial, a dialog dataset for math instruction, and apply an automated annotation framework to re-annotate a portion of the dataset using a detailed taxonomy of eleven pedagogical intents. We then fine-tune an LLM using these new annotations and compare its performance to models trained on the original four-category taxonomy. Both automatic and qualitative evaluations show that the fine-grained model produces more pedagogically aligned and effective responses. Our findings highlight the value of intent specificity for controlled text generation in educational settings, and we release our annotated data and code to facilitate further research.",not available,not available,"Kseniia Petukhova, Ekaterina Kochmar"
10.18653/v1/2025.findings-naacl.34,April,naacl,2025.findings,not available,not available,not available,not available,not available,not available,not available,not available,not available,"Albuquerque, New Mexico",not available,not available,not available,not available,not available,not available,not available,not available,43.0,551-572,not available,not available,not available,not available,not available,not available,not available,not available,not available,not available,not available,not available,not available,not available,not available,not available,not available,not available,not available,not available,not available,Association for Computational Linguistics,not available,not available,not available,not available,not available,not available,not available,not available,not available,not available,not available,not available,not available,not available,not available,2025.0,Zero-Shot Strategies for Length-Controllable Summarization,not available,"Large language models (LLMs) struggle with precise length control, particularly in zero-shot settings. We conduct a comprehensive study evaluating LLMs’ length control capabilities across multiple measures and propose practical methods to improve controllability. Our experiments with LLaMA 3 reveal stark differences in length adherence across measures and highlight inherent biases of the model. To address these challenges, we introduce a set of methods: length approximation, target adjustment, sample filtering, and automated revisions. By combining these methods, we demonstrate substantial improvements in length compliance while maintaining or enhancing summary quality, providing highly effective zero-shot strategies for precise length control without the need for model fine-tuning or architectural changes. With our work, we not only advance our understanding of LLM behavior in controlled text generation but also pave the way for more reliable and adaptable summarization systems in real-world applications.",not available,not available,"Fabian Retkowski, Alexander Waibel"
10.18653/v1/2025.in2writing-1.3,May,1,2025.in2writing,not available,not available,not available,not available,not available,not available,not available,not available,not available,"Albuquerque, New Mexico, US",not available,not available,not available,not available,not available,not available,not available,not available,44.0,19-36,not available,not available,not available,not available,not available,not available,not available,not available,not available,not available,not available,not available,not available,not available,not available,not available,not available,not available,not available,not available,not available,Association for Computational Linguistics,not available,not available,not available,not available,not available,not available,not available,not available,not available,not available,not available,not available,not available,not available,not available,2025.0,ReadCtrl: Personalizing text generation with readability-controlled instruction learning,not available,"Content generation conditioning on users’ readability is an important application for personalization. In an era of large language models (LLMs), readability-controlled text generation based on LLMs has become increasingly important. This paper introduces a novel methodology called “Readability-Controlled Instruction Learning (ReadCtrl),” which aims to instruction-tune LLMs to tailor users’ readability levels. Unlike the traditional methods, which primarily focused on categorical readability adjustments—typically classified as high, medium, and low or expert and layperson levels—with limited success, ReadCtrl introduces a dynamic framework that enables LLMs to generate content at various (near continuous level) complexity levels, thereby enhancing their versatility across different applications. Our results show that the ReadCtrl-Mistral-7b models significantly outperformed strong baseline models such as GPT-4 and Claude-3, with a win rate of 52.1%:35.7% against GPT-4 in human evaluations. Furthermore, ReadCtrl has shown significant improvements in automatic evaluations, as evidenced by better readability metrics (e.g., FOG, FKGL) and generation quality metrics (e.g., BLEU, SARI, SummaC-Factuality, UniEval-Consistency and Coherence). These results underscore ReadCtrl’s effectiveness and tenacity in producing high-quality, contextually appropriate outputs that closely align with targeted readability levels, marking a significant advancement in personalized content generation using LLMs.",not available,not available,"Hieu Tran, Zonghai Yao, Lingxi Li, Hong Yu"
10.18653/v1/2025.l2m2-1.14,August,1,2025.l2m2,not available,not available,not available,not available,not available,not available,not available,not available,not available,"Vienna, Austria",not available,not available,not available,not available,not available,not available,not available,not available,45.0,183-189,not available,not available,not available,not available,not available,not available,not available,not available,not available,not available,not available,not available,not available,not available,not available,not available,not available,not available,not available,not available,not available,Association for Computational Linguistics,not available,not available,not available,not available,not available,not available,not available,not available,not available,not available,not available,not available,not available,not available,not available,2025.0,Memory Tokens: Large Language Models Can Generate Reversible Sentence Embeddings,not available,"In this work, we observe an interesting phenomenon: it is possible to generate reversible sentence embeddings that allow an LLM to reconstruct the original text exactly, without modifying the model’s weights. This is achieved by introducing a special memory token, whose embedding is optimized through training on a fixed sequence. When prompted with this embedding, the model reconstructs the fixed sequence exactly. We evaluate this phenomenon across English and Spanish datasets, sequences of up to approximately 240 tokens, and model scales ranging from 100M to 8B parameters. Notably, Llama 3.1 8B successfully reconstructs all tested sequences. Our findings highlight an interesting capability of LLMs and suggest potential applications in memory-based retrieval, compression, and controlled text generation.",not available,not available,"Ignacio Sastre, Aiala Rosá"
10.18653/v1/2025.naacl-long.497,April,long,2025.naacl,not available,not available,not available,not available,not available,not available,not available,not available,not available,"Albuquerque, New Mexico",not available,NAACL,Conference and Workshop Papers,open,conf/naacl/YangHCXFD25,https://doi.org/10.18653/v1/2025.naacl-long.497,https://dblp.org/rec/conf/naacl/YangHCXFD25,not available,46.0,9868-9881,not available,not available,not available,not available,not available,not available,not available,not available,not available,not available,not available,not available,not available,not available,not available,not available,not available,not available,not available,not available,not available,Association for Computational Linguistics,not available,not available,not available,not available,not available,not available,not available,not available,not available,not available,not available,not available,not available,not available,not available,2025.0,Palette of Language Models: A Solver for Controlled Text Generation,not available,"Recent advancements in large language models have revolutionized text generation with their remarkable capabilities. These models can produce controlled texts that closely adhere to specific requirements when prompted appropriately. However, designing an optimal prompt to control multiple attributes simultaneously can be challenging. A common approach is to linearly combine single-attribute models, but this strategy often overlooks attribute overlaps and can lead to conflicts. Therefore, we propose a novel combination strategy inspired by the Law of Total Probability and Conditional Mutual Information Minimization on generative language models. This method has been adapted for single-attribute control scenario and is termed the Palette of Language Models due to its theoretical linkage between attribute strength and generation style, akin to blending colors on an artist’s palette. Moreover, positive correlation and attribute enhancement are advanced as theoretical properties to guide a rational combination strategy design. We conduct experiments on both single control and multiple control settings, and achieve surpassing results.",not available,not available,"Zhe Yang, Yi Huang, Yaqin Chen, XiaotingWu XiaotingWu, Junlan Feng, Chao Deng"
10.18653/v1/2025.trustnlp-main.35,May,main,2025.trustnlp,not available,not available,not available,not available,not available,not available,not available,not available,not available,"Albuquerque, New Mexico",not available,not available,not available,not available,not available,not available,not available,not available,47.0,542-551,not available,not available,not available,not available,not available,not available,not available,not available,not available,not available,not available,not available,not available,not available,not available,not available,not available,not available,not available,not available,not available,Association for Computational Linguistics,not available,not available,not available,not available,not available,not available,not available,not available,not available,not available,not available,not available,not available,not available,not available,2025.0,A Lightweight Multi Aspect Controlled Text Generation Solution For Large Language Models,not available,"Multi-Aspect Controllable Text Generation (MCTG) introduces fine-grained multiple constraints in natural language generation, i.e. control attributes in topics, sentiments, and detoxification.MCTG demonstrates application prospects for trustworthy generation of Large Language Models (LLMs) but is limited by generalization issues.Existing work exploits additional structures and strategies for solutions, requiring LLMs’ modifications.To activate LLMs’ MCTG ability, we propose a lightweight MCTG pipeline based on data augmentation and instruction tuning.We analyze aspect bias and correlations in traditional datasets and address these concerns with augmented control attributes and sentences.Augmented datasets are feasible for instruction tuning.We conduct experiments for various LLMs backbone and parameter sizes, demonstrating general effectiveness on MCTG performance.",not available,not available,"Chenyang Zhang, Jiayi Lin, Haibo Tong, Bingxuan Hou, Dongyu Zhang, Jialin Li, Junli Wang"
10.18653/v1/2025.wnut-1.9,May,1,2025.wnut,not available,not available,not available,not available,not available,not available,not available,not available,not available,"Albuquerque, New Mexico, USA",not available,not available,not available,not available,not available,not available,not available,not available,48.0,78-84,not available,not available,not available,not available,not available,not available,not available,not available,not available,not available,not available,not available,not available,not available,not available,not available,not available,not available,not available,not available,not available,Association for Computational Linguistics,not available,not available,not available,not available,not available,not available,not available,not available,not available,not available,not available,not available,not available,not available,not available,2025.0,Prompt Guided Diffusion for Controllable Text Generation,not available,"Controlled text generation, originally a task to generate coherent, contextually relevant text with specified attributes such as sentiment, topic, or style, has seen a lot of development with methods that use PPLM, FUDGE, and diffusion-based models. However, most state-of-the-art methods balance control precision with fluency. Classifier-guided approaches, like PPLM, are well-known for unstable updates of gradients, yielding incoherent outputs, while autoregressive models, like FUDGE, depend on rigid templates that limit creativity. While recent diffusion models show promises in iterative refinement and diversity, they often lack mechanisms to explicitly incorporate task-specific knowledge and hence require various complicated auxiliary classifiers for training and inference.We now propose a prompt-guided diffusion framework that integrates structured prompts seamlessly into the process of diffusion for precise and flexible control of generated texts.Each prompt combines a target condition (e.g., sentiment label), an in-class example (e.g., a positive movie review), and a placeholder for the generated sentence. Explicit, human-readable guidance is thereby given, spanning high-level intent to low-level text generation.Our approach encodes prompts using large pre-trained language models, e.g., BART, fusing these in a cross-attention manner with the diffusion dynamics, achieves new state-of-the-art results for all benchmarks, including IMDB for sentiment, AG News for topic, and E2E for structured data-to-text generation.",not available,not available,"Mohaddeseh Mirbeygi, Hamid Beigy"
10.21437/interspeech.2022-200,not available,not available,not available,not available,not available,not available,not available,not available,not available,not available,not available,not available,not available,not available,not available,not available,not available,not available,not available,not available,not available,not available,not available,not available,not available,not available,not available,not available,not available,not available,not available,not available,not available,not available,not available,not available,not available,not available,not available,not available,not available,not available,not available,not available,not available,"Uchida, Naokazu (57193061668); Homma, Takeshi (57188980507); Iwayama, Makoto (6602730592); Sogawa, Yasuhiro (57881097500)",57193061668; 57188980507; 6602730592; 57881097500,"Proceedings of the Annual Conference of the International Speech Communication Association, INTERSPEECH",not available,1076.0,1080.0,0.0,1.0,https://www.scopus.com/inward/record.uri?eid=2-s2.0-85140081753&doi=10.21437%2FInterspeech.2022-200&partnerID=40&md5=a4823f47362ea03326b8710a2a602364,Speech communication; Bias; Controled text generation; Dialogpt; Dialogue models; Dialogue systems; Language model; Large-scales; State of the art; Suppressing methods; Text generations; Speech processing,Conference paper,Final,not available,Scopus,2-s2.0-85140081753,2022.0,Reducing Offensive Replies in Open Domain Dialogue Systems,Bias; Controlled Text Generation; Dialogpt; Dialogue System; Toxicity; Speech Communication; Bias; Controled Text Generation; Dialogpt; Dialogue Models; Dialogue Systems; Language Model; Large-scales; State Of The Art; Suppressing Methods; Text Generations; Speech Processing,"In recent years, a series of open-domain dialogue systems using large-scale language models have been proposed. These dialogue systems are attracting business attention because these do significantly natural and diverse dialogues with humans. However, it has been noted that these dialogue systems reflect gender, race, and other biases inherent in the data and may generate offensive replies or replies that agree with offensive utterances. This study examined a dialogue system that outputs appropriate replies to offensive utterances. Specifically, our system incorporates multiple dialogue models, each of which is specialized to suppress offensive replies in a specific category, then selects the most non-offensive reply from the outputs of the models. We evaluated the utility of our system when suppressing offensive replies of DialoGPT. We confirmed ours reduces the offensive replies to less than 1%, whereas one of the state-of-the-art suppressing methods reduces to 9.8%. © 2025 Elsevier B.V., All rights reserved.",not available,2022-September,"N., Uchida, Naokazu; T., Homma, Takeshi; M., Iwayama, Makoto; Y., Sogawa, Yasuhiro"
10.23919/icn.2024.0016,not available,not available,not available,not available,not available,not available,not available,not available,not available,not available,not available,not available,not available,not available,not available,not available,not available,not available,not available,not available,not available,not available,not available,Automated and Controlled Patch Generation for Enhanced Fixing of Communication Software Vulnerabilities,"School of Control and Computer Engineering, North China Electric Power University, Beijing, China; Department of Finance, Operations, and Information Systems, Brock University, St. Catharines, Canada; School of Control and Computer Engineering, North China Electric Power University, Beijing, China; Department of Electrical and Computer Engineering, Stevens Institute of Technology, Hoboken, NJ, USA",Intelligent and Converged Networks,7 Oct 2024,222.0,236.0,not available,National Natural Science Foundation of China(grant numbers:62372173); ,https://ieeexplore.ieee.org/stamp/stamp.jsp?arnumber=10706762,Computer languages;Communication systems;Syntactics;Maintenance engineering;Benchmark testing;Software;Security,not available,not available,not available,33.0,not available,7 Oct 2024,not available,not available,TUP Journals,2024.0,2708-6240,TUP,"Feng, Shuo (58663274600); Yuan, Shuai (56178202400); Guan, Zhitao (22634312300); Du, Xiaojiang James (8371278000)",58663274600; 56178202400; 22634312300; 8371278000,Intelligent and Converged Networks,not available,222.0,236.0,0.0,0.0,https://www.scopus.com/inward/record.uri?eid=2-s2.0-85207101627&doi=10.23919%2FICN.2024.0016&partnerID=40&md5=8a6743d5c0bcd8d311ca9e5f3118408b,Automatic program repair; Automatic programs; Communication software; Communication software security; Controled text generation; Language model; Program language; Program language model; Software security; Text generations; Automatic programming,Article,Final,All Open Access; Gold Open Access,Scopus,2-s2.0-85207101627,2024.0,Automated and Controlled Patch Generation for Enhanced Fixing of Communication Software Vulnerabilities,automatic program repair;controlled text generation;communication software security;program language model,"Software is a crucial component in the communication systems, and its security is of paramount importance. However, it is susceptible to different types of attacks due to potential vulnerabilities. Meanwhile, significant time and effort is required to fix such vulnerabilities. We propose an automated program repair method based on controlled text generation techniques. Specifically, we utilize a fine-tuned language model for patch generation and introduce a discriminator to evaluate the generation process, selecting results that contribute most to vulnerability fixes. Additionally, we perform static syntax analysis to expedite the patch verification process. The effectiveness of the proposed approach is validated using QuixBugs and Defects4J datasets, demonstrating significant improvements in generating correct patches compared to other existing methods.",3.0,5.0,S. Feng; S. Yuan; Z. Guan; X. Du
10.24963/ijcai.2023/567,not available,not available,not available,not available,not available,not available,not available,not available,not available,not available,not available,not available,not available,not available,not available,not available,not available,not available,not available,not available,not available,not available,not available,not available,not available,not available,not available,not available,not available,not available,not available,not available,not available,not available,not available,not available,not available,not available,not available,not available,not available,not available,not available,not available,not available,"Ke, Wenjun (57193995075); Tian, Zongkai (57215871296); Liu, Qi (58460565600); Wang, Peng (56182131700); Gao, Jinhua (57194043641); Qi, Rui (57451277600)",57193995075; 57215871296; 58460565600; 56182131700; 57194043641; 57451277600,IJCAI International Joint Conference on Artificial Intelligence,not available,5104.0,5112.0,0.0,5.0,https://www.scopus.com/inward/record.uri?eid=2-s2.0-85170355986&doi=10.24963%2Fijcai.2023%2F567&partnerID=40&md5=84fb765160c30c2452b480d587caa7e1,Artificial intelligence; Benchmarking; Natural language processing systems; Semantics; Data augmentation; End to end; Hard constraints; High quality; Labelings; Named entities; Named entity recognition; Natural languages texts; Performance; Recognition models; Syntactics,Conference paper,Final,All Open Access; Bronze Open Access,Scopus,2-s2.0-85170355986,2023.0,Towards Incremental NER Data Augmentation via Syntactic-aware Insertion Transformer,Artificial Intelligence; Benchmarking; Natural Language Processing Systems; Semantics; Data Augmentation; End To End; Hard Constraints; High Quality; Labelings; Named Entities; Named Entity Recognition; Natural Languages Texts; Performance; Recognition Models; Syntactics,"Named entity recognition (NER) aims to locate and classify named entities in natural language texts. Most existing high-performance NER models employ a supervised paradigm, which requires a large quantity of high-quality annotated data during training. In order to help NER models perform well in few-shot scenarios, data augmentation approaches attempt to build extra data by means of random editing or by using end-to-end generation with PLMs. However, these methods focus on only the fluency of generated sentences, ignoring the syntactic correlation between the new and raw sentences. Such uncorrelation also brings low diversity and inconsistent labeling of synthetic samples. To fill this gap, we present SAINT (Syntactic-Aware InsertioN Transformer), a hard-constraint controlled text generation model that incorporates syntactic information. The proposed method operates by inserting new tokens between existing entities in a parallel manner. During insertion procedure, new tokens will be added taking both semantic and syntactic factors into account. Hence the resulting sentence can retain the syntactic correctness with respect to the raw data. Experimental results on two benchmark datasets, i.e., Ontonotes and Wikiann, demonstrate the comparable performance of SAINT over the state-of-the-art baselines. © 2025 Elsevier B.V., All rights reserved.",not available,2023-August,"W., Ke, Wenjun; Z., Tian, Zongkai; Q., Liu, Qi; P., Wang, Peng; J., Gao, Jinhua; R., Qi, Rui"
10.28995/2075-7182-2023-22-117-129,not available,not available,not available,not available,not available,not available,not available,not available,not available,not available,not available,not available,not available,not available,not available,not available,not available,not available,not available,not available,not available,not available,not available,not available,not available,not available,not available,not available,not available,not available,not available,not available,not available,not available,not available,not available,not available,not available,not available,not available,not available,not available,not available,not available,not available,"Goloviznina, V. S. (57226070147); Peskisheva, Tatiana A. (57194511997); Fishcheva, Irina (57188641131); Kotelnikov, Evgeny V. (56004884100)",57226070147; 57194511997; 57188641131; 56004884100,Komp'juternaja Lingvistika i Intellektual'nye Tehnologii,not available,130.0,141.0,0.0,1.0,https://www.scopus.com/inward/record.uri?eid=2-s2.0-85175567399&doi=10.28995%2F2075-7182-2023-22-117-129&partnerID=40&md5=669f90e68cf2d3b9fc18eb6f2b7c53cb,not available,Conference paper,Final,not available,Scopus,2-s2.0-85175567399,2023.0,Aspect-based Argument Generation in Russian; Аспектно-ориентированная генерация аргументов на русском языке,Argumentation Mining; Controlled Texts Generation; Few-shot Learning; Fine-tuning; Gpt; Prompt-tuning,"The paper explores the argument generation in Russian based on given aspects. An aspect refers to one of the sides or property of the target object. Five aspects were considered: ""Safety"", ""Impact on health"", ""Reliability"", ""Money"", ""Convenience and comfort"". Various approaches were used for aspect-based generation: fine-tuning, prompt-tuning and few-shot learning. The ruGPT-3Large model was used for experiments. The results show that traditionally trained model (with fine-tuning) generates 51.6% of the arguments on given aspects, with the prompt-tuning approach – 33.9%, and with few-shot learning – 10.6%. The model also demonstrated the ability to generate arguments on new, previously unknown aspects. © 2023 Elsevier B.V., All rights reserved.",22.0,not available,"V.S., Goloviznina, V. S.; T.A., Peskisheva, Tatiana A.; I., Fishcheva, Irina; E.V., Kotelnikov, Evgeny V."
10.3390/app13010264,not available,not available,not available,not available,not available,not available,not available,not available,not available,not available,not available,not available,not available,not available,not available,not available,not available,not available,not available,not available,not available,not available,not available,not available,not available,not available,not available,not available,not available,not available,not available,not available,not available,not available,not available,not available,not available,not available,not available,not available,not available,not available,not available,not available,not available,"Zhu, Li'nan (56229590400); Xu, Yifei (57451149900); Zhu, Zhechao (57451150000); Bao, Yinwei (57842268500); Kong, Xiangjie (55350731800)",56229590400; 57451149900; 57451150000; 57842268500; 55350731800,Applied Sciences (Switzerland),264.0,not available,not available,0.0,3.0,https://www.scopus.com/inward/record.uri?eid=2-s2.0-85145752348&doi=10.3390%2Fapp13010264&partnerID=40&md5=afcb3c48b45da59ae9acb615333732d1,not available,Article,Final,All Open Access; Gold Open Access,Scopus,2-s2.0-85145752348,2023.0,Fine-Grained Sentiment-Controlled Text Generation Approach Based on Pre-Trained Language Model,Artificial Intelligence; Controllable Text Generation; Fine-grained Sentiment; Natural Language Processing; Pre-trained Language Model; Review Generation,"Sentiment-controlled text generation aims to generate texts according to the given sentiment. However, most of the existing studies focus only on the document- or sentence-level sentiment control, leaving a gap for finer-grained control over the content of generated results. Fine-grained control allows a generated review to express different opinions toward multiple aspects. Some previous works attempted to generate reviews conditioned on aspect-level sentiments, but they usually suffer from low adaptability and the lack of an annotated dataset. To alleviate these problems, we propose a novel pre-trained extended generative model that can dynamically refer to the prompt sentiment, together with an auxiliary classifier that extracts the fine-grained sentiments from the unannotated sentences, thus we conducted training on both annotated and unannotated datasets. We also propose a query-hint mechanism to further guide the generation process toward the aspect-level sentiments at every time step. Experimental results from real-world datasets demonstrated that our model has excellent adaptability in generating aspect-level sentiment-controllable review texts with high sentiment coverage and stable quality since, on both datasets, our model steadily outperforms other baseline models in the metrics of BLEU-4, METETOR, and ROUGE-L etc. The limitation of this work is that we only focus on fine-grained sentiments that are explicitly expressed. Moreover, the implicitly expressed fine-grained sentiment-controllable text generation will be an important puzzle for future work. © 2023 Elsevier B.V., All rights reserved.",1.0,13,"L., Zhu, Li'nan; Y., Xu, Yifei; Z., Zhu, Zhechao; Y., Bao, Yinwei; X., Kong, Xiangjie"
10.3390/app142411925,not available,not available,not available,not available,not available,not available,not available,not available,not available,not available,not available,not available,not available,not available,not available,not available,not available,not available,not available,not available,not available,not available,not available,not available,not available,not available,not available,not available,not available,not available,not available,not available,not available,not available,not available,not available,not available,not available,not available,not available,not available,not available,not available,not available,not available,"Dang, Xiaochao (24831746400); Zhao, Zhengzhang (59072858600); Li, Fenfang (57834456600)",24831746400; 59072858600; 57834456600,Applied Sciences (Switzerland),11925.0,not available,not available,0.0,0.0,https://www.scopus.com/inward/record.uri?eid=2-s2.0-85213256822&doi=10.3390%2Fapp142411925&partnerID=40&md5=67205661d1bbaebc2a24d699d8f9e7bd,Data expansion; Language processing; Lung Cancer; Lung neoplasm data research; Malignant tumors; Natural language processing; Natural languages; Sample data; Small samples; Text generations; Lung cancer,Article,Final,All Open Access; Gold Open Access,Scopus,2-s2.0-85213256822,2024.0,Controlled Text Generation of Lung Cancer Descriptions for Small Sample Data,Data Expansion; Lung Neoplasms Data Research; Natural Language Processing; Text Generation; Unsupervised Learning; Data Expansion; Language Processing; Lung Cancer; Lung Neoplasm Data Research; Malignant Tumors; Natural Language Processing; Natural Languages; Sample Data; Small Samples; Text Generations; Lung Cancer,"Lung cancer represents one of the most significant malignant tumors in terms of its threat to the health and life of the population, exhibiting the fastest growing incidence and mortality rates. The utilization of natural language processing methodologies for the analysis of lung cancer data can facilitate the detection, diagnosis and treatment of this disease. Given the sensitive nature of patient data and the difficulty in obtaining a substantial quantity of reliable information, the majority of previous studies have utilized publicly accessible datasets on lung cancer. However, publicly available datasets lack detailed descriptions of patients’ symptoms and personal information. Furthermore, the quality and authenticity of the generated text are difficult to ensure, which presents challenges for lung cancer-related research. To address the aforementioned issues, this paper proposes a controlled text generation method for lung cancer symptom descriptions in the context of small sample data. The method involves two key steps: firstly, the small sample dataset is expanded through an unsupervised learning approach, and secondly, compliant texts are generated by a generator. The method was found to be superior to other unsupervised methods in terms of ROUGE value and other indexes through experimental comparison. Furthermore, the generated text was found to be more closely aligned with the symptom descriptions of patients in real cases through manual evaluation, which provides valuable insights for lung cancer and related research. © 2024 Elsevier B.V., All rights reserved.",24.0,14,"X., Dang, Xiaochao; Z., Zhao, Zhengzhang; F., Li, Fenfang"
10.3390/math13050713,not available,not available,not available,not available,not available,not available,not available,not available,not available,not available,not available,not available,not available,not available,not available,not available,not available,not available,not available,not available,not available,not available,not available,not available,not available,not available,not available,not available,not available,not available,not available,not available,not available,not available,not available,not available,not available,not available,not available,not available,not available,not available,not available,not available,not available,"Zou, Jincheng (58727835200); Chen, Guorong (57140996800); Wang, Jian (59680191000); Zhang, Bao (59679540700); Hu, Hong (59556618300); Liu, Cong (59679980200)",58727835200; 57140996800; 59680191000; 59679540700; 59556618300; 59679980200,Mathematics,713.0,not available,not available,0.0,0.0,https://www.scopus.com/inward/record.uri?eid=2-s2.0-86000598358&doi=10.3390%2Fmath13050713&partnerID=40&md5=8a55aeca624ab21a255ec64a114b1e78,not available,Article,Final,All Open Access; Gold Open Access,Scopus,2-s2.0-86000598358,2025.0,A Hierarchical Latent Modulation Approach for Controlled Text Generation,Conditional Modulation Parameters; Controllable Text Generation; Hierarchical Latent Modulation; Latent Variables,"Generative models based on Variational Autoencoders (VAEs) represent an important area of research in Controllable Text Generation (CTG). However, existing approaches often do not fully exploit the potential of latent variables, leading to limitations in both the diversity and thematic consistency of the generated text. To overcome these challenges, this paper introduces a new framework based on Hierarchical Latent Modulation (HLM). The framework incorporates a hierarchical latent space modulation module for the generation and embedding of conditional modulation parameters. By using low-rank tensor factorization (LMF), the approach combines multi-layer latent variables and generates modulation parameters based on conditional labels, enabling precise control over the features during text generation. Additionally, layer-by-layer normalization and random dropout mechanisms are employed to address issues such as the under-utilization of conditional information and the collapse of generative patterns. We performed experiments on five baseline models based on VAEs for conditional generation, and the results demonstrate the effectiveness of the proposed framework. © 2025 Elsevier B.V., All rights reserved.",5.0,13,"J., Zou, Jincheng; G., Chen, Guorong; J., Wang, Jian; B., Zhang, Bao; H., Hu, Hong; C., Liu, Cong"
10.48550/arxiv.2212.02924,not available,not available,not available,not available,not available,not available,not available,not available,not available,not available,not available,not available,not available,not available,CoRR,Informal and Other Publications,open,journals/corr/abs-2212-02924,https://doi.org/10.48550/arXiv.2212.02924,https://dblp.org/rec/journals/corr/abs-2212-02924,not available,2.0,not available,not available,not available,not available,not available,not available,not available,not available,not available,not available,not available,not available,not available,not available,not available,not available,not available,not available,not available,not available,not available,not available,not available,not available,not available,not available,not available,not available,not available,not available,not available,not available,not available,not available,not available,not available,not available,not available,2022.0,Controlled Text Generation using T5 based Encoder-Decoder Soft Prompt Tuning and Analysis of the Utility of Generated Text in AI.,not available,not available,not available,abs/2212.02924,"Damith Chamalke Senadeera, Julia Ive"
10.48550/arxiv.2402.06930,not available,not available,not available,not available,not available,not available,not available,not available,not available,not available,not available,not available,not available,not available,CoRR,Informal and Other Publications,open,journals/corr/abs-2402-06930,https://doi.org/10.48550/arXiv.2402.06930,https://dblp.org/rec/journals/corr/abs-2402-06930,not available,26.0,not available,not available,not available,not available,not available,not available,not available,not available,not available,not available,not available,not available,not available,not available,not available,not available,not available,not available,not available,not available,not available,not available,not available,not available,not available,not available,not available,not available,not available,not available,not available,not available,not available,not available,not available,not available,not available,not available,2024.0,LiFi: Lightweight Controlled Text Generation with Fine-Grained Control Codes.,not available,not available,not available,abs/2402.06930,"Chufan Shi, Deng Cai 0002, Yujiu Yang 0001"
10.48550/arxiv.2402.11218,not available,not available,not available,not available,not available,not available,not available,not available,not available,not available,not available,not available,not available,not available,CoRR,Informal and Other Publications,open,journals/corr/abs-2402-11218,https://doi.org/10.48550/arXiv.2402.11218,https://dblp.org/rec/journals/corr/abs-2402-11218,not available,27.0,not available,not available,not available,not available,not available,not available,not available,not available,not available,not available,not available,not available,not available,not available,not available,not available,not available,not available,not available,not available,not available,not available,not available,not available,not available,not available,not available,not available,not available,not available,not available,not available,not available,not available,not available,not available,not available,not available,2024.0,Controlled Text Generation for Large Language Model with Dynamic Attribute Graphs.,not available,not available,not available,abs/2402.11218,"Xun Liang 0001, Hanyu Wang, Shichao Song, Mengting Hu, Xunzhi Wang, Zhiyu Li, Feiyu Xiong, Bo Tang 0011"
10.48550/arxiv.2406.09205,not available,not available,not available,not available,not available,not available,not available,not available,not available,not available,not available,not available,not available,not available,CoRR,Informal and Other Publications,open,journals/corr/abs-2406-09205,https://doi.org/10.48550/arXiv.2406.09205,https://dblp.org/rec/journals/corr/abs-2406-09205,not available,28.0,not available,not available,not available,not available,not available,not available,not available,not available,not available,not available,not available,not available,not available,not available,not available,not available,not available,not available,not available,not available,not available,not available,not available,not available,not available,not available,not available,not available,not available,not available,not available,not available,not available,not available,not available,not available,not available,not available,2024.0,ReadCtrl: Personalizing text generation with readability-controlled instruction learning.,not available,not available,not available,abs/2406.09205,"Hieu Tran, Zonghai Yao, Lingxi Li, Hong Yu 0001"
10.48550/arxiv.2406.10970,not available,not available,not available,not available,not available,not available,not available,not available,not available,not available,not available,not available,not available,not available,CoRR,Informal and Other Publications,open,journals/corr/abs-2406-10970,https://doi.org/10.48550/arXiv.2406.10970,https://dblp.org/rec/journals/corr/abs-2406-10970,not available,29.0,not available,not available,not available,not available,not available,not available,not available,not available,not available,not available,not available,not available,not available,not available,not available,not available,not available,not available,not available,not available,not available,not available,not available,not available,not available,not available,not available,not available,not available,not available,not available,not available,not available,not available,not available,not available,not available,not available,2024.0,Joint Audio and Symbolic Conditioning for Temporally Controlled Text-to-Music Generation.,not available,not available,not available,abs/2406.10970,"Or Tal, Alon Ziv, Itai Gat, Felix Kreuk, Yossi Adi"
10.48550/arxiv.2407.00740,not available,not available,not available,not available,not available,not available,not available,not available,not available,not available,not available,not available,not available,not available,CoRR,Informal and Other Publications,open,journals/corr/abs-2407-00740,https://doi.org/10.48550/arXiv.2407.00740,https://dblp.org/rec/journals/corr/abs-2407-00740,not available,0.0,not available,not available,not available,not available,not available,not available,not available,not available,not available,not available,not available,not available,not available,not available,not available,not available,not available,not available,not available,not available,not available,not available,not available,not available,not available,not available,not available,not available,not available,not available,not available,not available,not available,not available,not available,not available,not available,not available,2024.0,"Locate&amp;Edit: Energy-based Text Editing for Efficient, Flexible, and Faithful Controlled Text Generation.",not available,not available,not available,abs/2407.00740,"Hye Ryung Son, Jay-Yoon Lee"
10.48550/arxiv.2501.09194,not available,not available,not available,not available,not available,not available,not available,not available,not available,not available,not available,not available,not available,not available,CoRR,Informal and Other Publications,open,journals/corr/abs-2501-09194,https://doi.org/10.48550/arXiv.2501.09194,https://dblp.org/rec/journals/corr/abs-2501-09194,not available,9.0,not available,not available,not available,not available,not available,not available,not available,not available,not available,not available,not available,not available,not available,not available,not available,not available,not available,not available,not available,not available,not available,not available,not available,not available,not available,not available,not available,not available,not available,not available,not available,not available,not available,not available,not available,not available,not available,not available,2025.0,Grounding Text-To-Image Diffusion Models For Controlled High-Quality Image Generation.,not available,not available,not available,abs/2501.09194,"Ahmad Süleyman, Göksel Biricik"
10.48550/arxiv.2501.15875,not available,not available,not available,not available,not available,not available,not available,not available,not available,not available,not available,not available,not available,not available,CoRR,Informal and Other Publications,open,journals/corr/abs-2501-15875,https://doi.org/10.48550/arXiv.2501.15875,https://dblp.org/rec/journals/corr/abs-2501-15875,not available,10.0,not available,not available,not available,not available,not available,not available,not available,not available,not available,not available,not available,not available,not available,not available,not available,not available,not available,not available,not available,not available,not available,not available,not available,not available,not available,not available,not available,not available,not available,not available,not available,not available,not available,not available,not available,not available,not available,not available,2025.0,LCTG Bench: LLM Controlled Text Generation Benchmark.,not available,not available,not available,abs/2501.15875,"Kentaro Kurihara, Masato Mita, Peinan Zhang, Shota Sasaki, Ryosuke Ishigami, Naoaki Okazaki"
10.48550/arxiv.2502.15233,not available,not available,not available,not available,not available,not available,not available,not available,not available,not available,not available,not available,not available,not available,CoRR,Informal and Other Publications,open,journals/corr/abs-2502-15233,https://doi.org/10.48550/arXiv.2502.15233,https://dblp.org/rec/journals/corr/abs-2502-15233,not available,11.0,not available,not available,not available,not available,not available,not available,not available,not available,not available,not available,not available,not available,not available,not available,not available,not available,not available,not available,not available,not available,not available,not available,not available,not available,not available,not available,not available,not available,not available,not available,not available,not available,not available,not available,not available,not available,not available,not available,2025.0,A General Pseudonymization Framework for Cloud-Based LLMs: Replacing Privacy Information in Controlled Text Generation.,not available,not available,not available,abs/2502.15233,"Shilong Hou, Ruilin Shang, Zi Long, Xianghua Fu, Yin Chen"
10.48550/arxiv.2503.11182,not available,not available,not available,not available,not available,not available,not available,not available,not available,not available,not available,not available,not available,not available,CoRR,Informal and Other Publications,open,journals/corr/abs-2503-11182,https://doi.org/10.48550/arXiv.2503.11182,https://dblp.org/rec/journals/corr/abs-2503-11182,not available,12.0,not available,not available,not available,not available,not available,not available,not available,not available,not available,not available,not available,not available,not available,not available,not available,not available,not available,not available,not available,not available,not available,not available,not available,not available,not available,not available,not available,not available,not available,not available,not available,not available,not available,not available,not available,not available,not available,not available,2025.0,Palette of Language Models: A Solver for Controlled Text Generation.,not available,not available,not available,abs/2503.11182,"Zhe Yang, Yi Huang, Yaqin Chen, Xiaoting Wu, Junlan Feng, Chao Deng"
10.48550/arxiv.2507.07419,not available,not available,not available,not available,not available,not available,not available,not available,not available,not available,not available,not available,not available,not available,CoRR,Informal and Other Publications,open,journals/corr/abs-2507-07419,https://doi.org/10.48550/arXiv.2507.07419,https://dblp.org/rec/journals/corr/abs-2507-07419,not available,13.0,not available,not available,not available,not available,not available,not available,not available,not available,not available,not available,not available,not available,not available,not available,not available,not available,not available,not available,not available,not available,not available,not available,not available,not available,not available,not available,not available,not available,not available,not available,not available,not available,not available,not available,not available,not available,not available,not available,2025.0,MedReadCtrl: Personalizing medical text generation with readability-controlled instruction learning.,not available,not available,not available,abs/2507.07419,"Hieu Tran, Zonghai Yao, Won Seok Jang, Sharmin Sultana, Allen Chang, Yuan Zhang, Hong Yu 0001"
10.48550/arxiv.2508.17760,not available,not available,not available,not available,not available,not available,not available,not available,not available,not available,not available,not available,not available,not available,CoRR,Informal and Other Publications,open,journals/corr/abs-2508-17760,https://doi.org/10.48550/arXiv.2508.17760,https://dblp.org/rec/journals/corr/abs-2508-17760,not available,14.0,not available,not available,not available,not available,not available,not available,not available,not available,not available,not available,not available,not available,not available,not available,not available,not available,not available,not available,not available,not available,not available,not available,not available,not available,not available,not available,not available,not available,not available,not available,not available,not available,not available,not available,not available,not available,not available,not available,2025.0,CEIDM: A Controlled Entity and Interaction Diffusion Model for Enhanced Text-to-Image Generation.,not available,not available,not available,abs/2508.17760,"Mingyue Yang, Dianxi Shi, Jialu Zhou, Xinyu Wei, Leqian Li, Shaowu Yang, Chunping Qiu"
10.48550/arxiv.2509.23612,not available,not available,not available,not available,not available,not available,not available,not available,not available,not available,not available,not available,not available,not available,CoRR,Informal and Other Publications,open,journals/corr/abs-2509-23612,https://doi.org/10.48550/arXiv.2509.23612,https://dblp.org/rec/journals/corr/abs-2509-23612,not available,15.0,not available,not available,not available,not available,not available,not available,not available,not available,not available,not available,not available,not available,not available,not available,not available,not available,not available,not available,not available,not available,not available,not available,not available,not available,not available,not available,not available,not available,not available,not available,not available,not available,not available,not available,not available,not available,not available,not available,2025.0,InteractMove: Text-Controlled Human-Object Interaction Generation in 3D Scenes with Movable Objects.,not available,not available,not available,abs/2509.23612,"Xinhao Cai, Minghang Zheng, Xin Jin, Yang Liu"
10.48550/arxiv.2509.25204,not available,not available,not available,not available,not available,not available,not available,not available,not available,not available,not available,not available,not available,not available,CoRR,Informal and Other Publications,open,journals/corr/abs-2509-25204,https://doi.org/10.48550/arXiv.2509.25204,https://dblp.org/rec/journals/corr/abs-2509-25204,not available,16.0,not available,not available,not available,not available,not available,not available,not available,not available,not available,not available,not available,not available,not available,not available,not available,not available,not available,not available,not available,not available,not available,not available,not available,not available,not available,not available,not available,not available,not available,not available,not available,not available,not available,not available,not available,not available,not available,not available,2025.0,Spectral Logit Sculpting: Adaptive Low-Rank Logit Transformation for Controlled Text Generation.,not available,not available,not available,abs/2509.25204,"Jin Li, Zhebo Wang, Tianliang Lu, Mohan Li, Wenpeng Xing, Meng Han"
10.48550/arxiv.2509.25729,not available,not available,not available,not available,not available,not available,not available,not available,not available,not available,not available,not available,not available,not available,CoRR,Informal and Other Publications,open,journals/corr/abs-2509-25729,https://doi.org/10.48550/arXiv.2509.25729,https://dblp.org/rec/journals/corr/abs-2509-25729,not available,17.0,not available,not available,not available,not available,not available,not available,not available,not available,not available,not available,not available,not available,not available,not available,not available,not available,not available,not available,not available,not available,not available,not available,not available,not available,not available,not available,not available,not available,not available,not available,not available,not available,not available,not available,not available,not available,not available,not available,2025.0,Controlled Generation for Private Synthetic Text.,not available,not available,not available,abs/2509.25729,"Zihao Zhao, Anjalie Field"
10.5220/0013160100003890,not available,not available,not available,not available,not available,not available,not available,not available,not available,not available,not available,not available,not available,not available,ICAART,Conference and Workshop Papers,closed,conf/icaart/OrtenF25,https://doi.org/10.5220/0013160100003890,https://dblp.org/rec/conf/icaart/OrtenF25,not available,6.0,574-581,not available,not available,not available,not available,not available,not available,not available,not available,not available,not available,not available,not available,not available,not available,not available,not available,not available,not available,not available,not available,not available,not available,"Orten, Jay (59724207700); Fulda, Nancy (6507317548)",59724207700; 6507317548,International Conference on Agents and Artificial Intelligence,not available,574.0,581.0,0.0,0.0,https://www.scopus.com/inward/record.uri?eid=2-s2.0-105001951763&doi=10.5220%2F0013160100003890&partnerID=40&md5=4603217ce5df0f6884b96faf5781a4c5,not available,Conference paper,Final,not available,Scopus,2-s2.0-105001951763,2025.0,Improving Controlled Text Generation via Neuron-Level Control Codes.,Language Modeling; Semi-supervised; Statistical And Machine Learning Methods; Weakly-supervised And Unsupervised Learning,"Task-specific text generation is a highly desired feature for language models, as it allows the production of text completions that are either broadly or subtly aligned with specific objectives. By design, many neural networks switch between multiple behaviors during inference-for example, when selecting a target language in many-to-many translation systems. Such task-specific information is usually presented to the network as an augmentation of its input data. In this work, we explore an alternate approach: transmitting task information directly to each neuron in the network. This removes the need for task information to propagate forward during training, a particularly critical advantage in low-resource settings where maximum benefit must be extracted from each training example. To test this approach, we train over 160 language models from scratch with a large variety of architectures and configurations. Our results show that models with neuron-level augmentation can experience increased learning speed, improved final generation accuracy, and even novel learning capabilities, with greater benefits as network depth increases. © 2025 Elsevier B.V., All rights reserved.",not available,3,"Jay Orten, Nancy Fulda"
10.5220/0013350400003890,not available,not available,not available,not available,not available,not available,not available,not available,not available,not available,not available,not available,not available,not available,not available,not available,not available,not available,not available,not available,not available,not available,not available,not available,not available,not available,not available,not available,not available,not available,not available,not available,not available,not available,not available,not available,not available,not available,not available,not available,not available,not available,not available,not available,not available,"Olar, Andrei Vlad (58535440500)",58535440500,International Conference on Agents and Artificial Intelligence,not available,767.0,775.0,0.0,0.0,https://www.scopus.com/inward/record.uri?eid=2-s2.0-105001720381&doi=10.5220%2F0013350400003890&partnerID=40&md5=5648bc7bc3fcee939d75282dd5af0808,not available,Conference paper,Final,not available,Scopus,2-s2.0-105001720381,2025.0,LLM Output Compliance with Handcrafted Linguistic Features: An Experiment,Abstraction; Controlled Text Generation; Handcrafted Linguistic Features; Large Language Models; Text Style Transfer,"Can we control the writing style of large language models (LLMs) by specifying desired linguistic features? We address this question by investigating the impact of handcrafted linguistic feature (HLF) instructions on LLM-generated text. Our experiment evaluates various state-of-the-art LLMs using prompts incorporating HLF statistics derived from corpora of CNN articles and Yelp reviews. We find that LLMs demonstrate sensitivity to these instructions, particularly when tasked with conforming to concrete features like word count. However, compliance with abstract features, such as lexical variation, proves more challenging, often resulting in negative impacts on compliance. Our findings highlight the potential and limitations of utilizing HLFs for guiding LLM text generation and underscore the need for further research into optimizing prompt design and feature selection. © 2025 Elsevier B.V., All rights reserved.",not available,2,"A.V., Olar, Andrei Vlad"
10.5281/zenodo.14877325,not available,not available,not available,not available,not available,not available,not available,not available,not available,not available,not available,not available,not available,not available,ISMIR,Conference and Workshop Papers,open,conf/ismir/TalZGKA24,https://doi.org/10.5281/zenodo.14877325,https://dblp.org/rec/conf/ismir/TalZGKA24,not available,25.0,264-271,not available,not available,not available,not available,not available,not available,not available,not available,not available,not available,not available,not available,not available,not available,not available,not available,not available,not available,not available,not available,not available,not available,not available,not available,not available,not available,not available,not available,not available,not available,not available,not available,not available,not available,not available,not available,not available,2024.0,Joint Audio and Symbolic Conditioning for Temporally Controlled Text-to-Music Generation.,not available,not available,not available,not available,"Or Tal, Alon Ziv, Itai Gat, Felix Kreuk, Yossi Adi"
